﻿Index,Link,Name,Label,Category,Brand,Image,Unit,Price,OrginalPrice,Discount,OtherAmount,THC,CBD,Lineage,Description,Rating,Reviewnum,Alsolike,Similar,Strain,ScrapeTime,Store name
0,https://www.leafly.com/dispensary-info/cali-care-group-san-jacinto/p/620796794/dosilato--35g-ground?variant=1400492753,Dosilato / 3.5g Ground,Flower,Flower,Yada Yada,"https://leafly-public.imgix.net/menu/Sx9DCJM6Q2uCsEkBkcld_1648503237-cdsd_35g.jpg?auto=compress,format&w=450&dpr=2",⅛ ounce,$15.00,,,[],THC —,CBD —,,"Yada Yada is for people who just want to pop in, get some really good flower for a really good price, then go get high — Easy Breezy. 
Dosilato delivers a nicely balanced terpene profile with a strong, earthy nose, and a sweet lavender finish. It's a nice, heavy high that you'll feel in your head and in your limbs-perfect for bonding with your couch.",,,"['Peanut Butter Breath / 10g Smalls', 'Blue Dream /4g', 'Lemon Cherry Gelato / 4g', 'Tres Leches / Smalls / 14g', 'Jokerz / 4g', 'Tres Leches / Smalls / 2g', 'Sour Jack / Smalls / 2g ', 'Volcanic Orange Mango  / 100mg']",[],,2022.10.21,Cali Care Group (San Jacinto)
1,https://www.leafly.com/dispensary-info/cali-care-group-san-jacinto/p/620796786/blue-dream-4g?variant=1400492745,Blue Dream /4g,Hybrid flower,Flower,CCG,"https://leafly-public.imgix.net/menu/amIFnaeJQt6raoQOE3pp_44E9A45C-49B2-4D90-B3C9-193BEF2E8B5C.jpeg?auto=compress,format&w=450&dpr=2",4 grams,$40.00,,,[],THC —,CBD —,Hybrid,"Blue Dream is a sativa-dominant hybrid marijuana strain made by crossing Blueberry with Haze. This strain produces a balanced high, along with effects such as cerebral stimulation and full-body relaxation. Blue dream is 18% THC but has a low CBD percentage, making this potent strain a fan favorite of both novice and veteran cannabis consumers. In terms of flavor, Blue Dream is reported to smell and taste like sweet berries. Medical marijuana patients often use Blue Dream to treat symptoms of depression, chronic pain, and nausea.",4.3,14.2k,"['Lemon Cherry Gelato / 4g', 'Jokerz / 4g', 'Dosilato / 3.5g Ground', 'Peanut Butter Breath / 10g Smalls', 'Blue Dream / 40’s Preroll Multi-Pack', 'First Aid Kit / 8pk', 'Tres Leches / Smalls / 2g', 'Sour Jack / Smalls / 2g ']",[],"Updated February 2022  Blue Dream is a sativa-dominant hybrid marijuana strain made by crossing Blueberry with Haze. This strain produces a balanced high, along with effects such as cerebral stimulation and full-body relaxation. Blue dream is 18% THC but has a low CBD percentage, making this potent strain a fan favorite of both novice and veteran cannabis consumers. In terms of flavor, Blue Dream is reported to smell and taste like sweet berries. Medical marijuana patients often use Blue Dream to treat symptoms of depression, chronic pain, and nausea. According to home grow enthusiasts, this strain has an average flowering time of 67 days and is best suited to grow using the Sea of Green method. Blue Dream originated in California and has since achieved legendary status among West Coast strains and has quickly become one of the most-searched-for strains in the Leafly database. The average price per gram of Blue Dream is $20. Strains similar to Blue Dream include Blue Dream CBD, Double Dream, and Blue Magoo.",2022.10.21,Cali Care Group (San Jacinto)
2,https://www.leafly.com/dispensary-info/cali-care-group-san-jacinto/p/620796788/tres-leches--smalls--2g?variant=1400492747,Tres Leches / Smalls / 2g,Hybrid flower,Flower,Best ,"https://leafly-public.imgix.net/menu/rrNISEZR22rJ7oG3OpAE_C09F67B6-3746-4713-9846-1ACE8C9748A6.jpeg?auto=compress,format&w=450&dpr=2",2 grams,$25.00,,,[],THC 28.8%,CBD 0.7%,Hybrid,"Tres Leches is a sativa-dominant hybrid marijuana strain made by crossing Koolato with Cookies and Cream. This strain produces uplifting and energetic effects and pairs well with productive activities like creative thinking or simply getting your chores done. Tres Leches features an aromatic floral flavor profile with subtle notes of cinnamon, citrus, and lavender. Medical marijuana patients choose Tres Leches to relieve symptoms associated with appetite loss, stress, and fatigue. ",4.8,14,"['Tres Leches / Smalls / 14g', 'Sour Jack / Smalls / 2g ', 'Blue Dream /4g', 'Dosilato / 3.5g Ground', 'Peanut Butter Breath / 10g Smalls', 'Lemon Cherry Gelato / 4g', 'Jokerz / 4g', 'Volcanic Orange Mango  / 100mg']",[],,2022.10.21,Cali Care Group (San Jacinto)
3,https://www.leafly.com/dispensary-info/cali-care-group-san-jacinto/p/620796789/sour-jack--smalls--2g?variant=1400492748,Sour Jack / Smalls / 2g ,Sativa flower,Flower,Best ,"https://leafly-public.imgix.net/menu/88qiqRoESuKNddrKhMiQ_E5849649-822F-4169-B8F1-767609E7B0E1.jpeg?auto=compress,format&w=450&dpr=2",2 grams,$25.00,,,[],THC —,CBD —,Sativa,"Sour Jack, one-half Sour Diesel one-half and Jack Herer, takes its name from its parents. It has developed a solid reputation and is highlighted by an intense aroma and profound cerebral effects. After combining the two sativa-dominant strains, we are left with an amazing combination of tropical, sweet flavors that mix with pungent tones of citrus and diesel. The uplifting effects can provide a spark of energy and minimize body fatigue. Sour Jack is a great strain to fight off depression and to help you stay active.",4.5,226,"['Tres Leches / Smalls / 14g', 'Tres Leches / Smalls / 2g', 'Blue Dream /4g', 'Dosilato / 3.5g Ground', 'Peanut Butter Breath / 10g Smalls', 'Lemon Cherry Gelato / 4g', 'Jokerz / 4g', 'Volcanic Orange Mango  / 100mg']",[],"Sour Jack, one-half Sour Diesel one-half and Jack Herer, takes its name from its parents. It has developed a solid reputation and is highlighted by an intense aroma and profound cerebral effects. After combining the two sativa-dominant strains, we are left with an amazing combination of tropical, sweet flavors that mix with pungent tones of citrus and diesel. The uplifting effects can provide a spark of energy and minimize body fatigue. Sour Jack is a great strain to fight off depression and to help you stay active.",2022.10.21,Cali Care Group (San Jacinto)
4,https://www.leafly.com/dispensary-info/cali-care-group-san-jacinto/p/620796803/lemon-cherry-gelato--4g?variant=1400492775,Lemon Cherry Gelato / 4g,Flower,Flower,CCG,"https://leafly-public.imgix.net/shared-web-images/product-type-icons/menu_flower_2.png?auto=compress,format&w=450&dpr=2",4 grams,$40.00,,,[],THC —,CBD —,,Lemon Cherry Gelato is a hybrid marijuana strain. We’re still learning about the flavors and effects of Lemon Cherry Gelato – ,,,"['Blue Dream /4g', 'Jokerz / 4g', 'Dosilato / 3.5g Ground', 'Peanut Butter Breath / 10g Smalls', 'Tres Leches / Smalls / 14g', 'Animal Mints / 2g / Badder ', '3 Kings / 2g / Sauce', 'First Aid Kit / 8pk']",[],,2022.10.21,Cali Care Group (San Jacinto)
5,https://www.leafly.com/dispensary-info/cali-care-group-san-jacinto/p/620796779/jokerz--4g?variant=1400492737,Jokerz / 4g,Hybrid flower,Flower,CCG,"https://leafly-public.imgix.net/menu/YFxYnJVNSDagqXxn6Isi_EDC98435-DB39-4054-BE7A-CB536A836C0F.jpeg?auto=compress,format&w=450&dpr=2",4 grams,$45.00,,,[],THC 32.8%,CBD 0.7%,Hybrid,"Jokerz is an indica-dominant hybrid weed strain made by crossing White Runtz with Jet Fuel Gelato. Jokerz effects are believed to be more relaxing than energizing. Consumers who have smoked this strain say Jokerz makes you feel relaxed, happy, and sleepy. ",4.1,20,"['Blue Dream /4g', 'Lemon Cherry Gelato / 4g', 'Dosilato / 3.5g Ground', 'Peanut Butter Breath / 10g Smalls', 'Tres Leches / Smalls / 14g', 'Animal Mints / 2g / Badder ', '3 Kings / 2g / Sauce', 'First Aid Kit / 8pk']",[],,2022.10.21,Cali Care Group (San Jacinto)
6,https://www.leafly.com/dispensary-info/cali-care-group-san-jacinto/p/620796676/peanut-butter-breath--10g-smalls?variant=1400492606,Peanut Butter Breath / 10g Smalls,Hybrid flower,Flower,Yada Yada,"https://leafly-public.imgix.net/menu/tRMmuk7TeSQSK9StBobg_630EDA54-F657-419D-9614-5274106A1EE6.jpeg?auto=compress,format&w=450&dpr=2",½ ounce,$65.00,,,[],THC —,CBD —,Hybrid,"Yada Yada is for people who just want to pop in, get some really good flower for a really good price, then go get high — Easy Breezy. 
The journey starts with nutty, earthy terps and quickly moves into a head high that may lead to observations of questionable usefulness. But your focus will soon be directed to the tingles that spread throughout your body and then escort you to la-la land.",4.6,300,"['Dosilato / 3.5g Ground', 'Blue Dream /4g', 'Lemon Cherry Gelato / 4g', 'Tres Leches / Smalls / 14g', 'Jokerz / 4g', 'Tres Leches / Smalls / 2g', 'Sour Jack / Smalls / 2g ', 'Volcanic Orange Mango  / 100mg']",[],,2022.10.21,Cali Care Group (San Jacinto)
7,https://www.leafly.com/dispensary-info/cali-care-group-san-jacinto/p/620796766/tres-leches--smalls--14g?variant=1400492722,Tres Leches / Smalls / 14g,Hybrid flower,Flower,Best ,"https://leafly-public.imgix.net/menu/qi8nFHqCQ3CptiV7PlDu_43BC66D4-9B68-4D45-BE5A-29D1AB63305C.jpeg?auto=compress,format&w=450&dpr=2",½ ounce,$80.00,,,[],THC 28.8%,CBD 0.7%,Hybrid,"Tres Leches is a sativa-dominant hybrid marijuana strain made by crossing Koolato with Cookies and Cream. This strain produces uplifting and energetic effects and pairs well with productive activities like creative thinking or simply getting your chores done. Tres Leches features an aromatic floral flavor profile with subtle notes of cinnamon, citrus, and lavender. Medical marijuana patients choose Tres Leches to relieve symptoms associated with appetite loss, stress, and fatigue. ",4.8,14,"['Tres Leches / Smalls / 2g', 'Sour Jack / Smalls / 2g ', 'Blue Dream /4g', 'Dosilato / 3.5g Ground', 'Peanut Butter Breath / 10g Smalls', 'Lemon Cherry Gelato / 4g', 'Jokerz / 4g', 'Volcanic Orange Mango  / 100mg']",[],"Tres Leches is a sativa-dominant hybrid marijuana strain made by crossing Koolato with Cookies and Cream. This strain produces uplifting and energetic effects and pairs well with productive activities like creative thinking or simply getting your chores done. Tres Leches features an aromatic floral flavor profile with subtle notes of cinnamon, citrus, and lavender. Medical marijuana patients choose Tres Leches to relieve symptoms associated with appetite loss, stress, and fatigue. According to growers, this strain flowers into pointed fluffy nugs with dark green foliage and topped with snowy trichomes. We're still learning about the flavors and effects of Tres Leches - if you've smoked, dabbed, or consumed this strain before, tell us about your experience by leaving a review of your experience.",2022.10.21,Cali Care Group (San Jacinto)
8,https://www.leafly.com/dispensary-info/cali-care-group-san-jacinto/p/620796696/orange-kush-cake--curated-live-resin--1g?variant=1400492626,Orange Kush Cake / Curated Live Resin / 1g,Concentrate,Concentrate,STIIIZY,"https://leafly-public.imgix.net/menu/nOMB7QfASkWZYUhVLQIz_14423302-29CF-4486-833B-D5AE7F7DFEEF.jpeg?auto=compress,format&w=450&dpr=2",1 gram,$35.00,,,[],THC —,CBD —,Hybrid,"ORANGE KUSH CAKE / HYBRID
· Taste: Citrus, Diesel, Earthy
· Feeling: Creative, Happy, Uplifting
· Description: Sweet and tart citrus flavor with slightly nutty woody exhale that's almost like a fresh slice of orange cake. Orange Kush Cake is the perfect bud for any hybrid lover who's after a high-powered wake-and-bake.
Live Resin
Citrus
Creative
Diesel
Earthy
Happy",4.5,65,"['Watermelon Wave Gummies / 100mg', 'Starter Kit Battery / Black', 'Pineapple Express / 1g ', 'Sour Diesel / 1g', 'SFV OG / .5g', 'Do-Si-Dos / .5g', 'Do-Si-Dos / 1g', 'Blue Dream / 40’s Preroll Multi-Pack']",[],,2022.10.21,Cali Care Group (San Jacinto)
9,https://www.leafly.com/dispensary-info/cali-care-group-san-jacinto/p/620796698/el-chapo--sugar--1g?variant=1400492628,El Chapo / Sugar / 1g,Concentrate,Concentrate,Muscrow,"https://connect-files-public.s3.amazonaws.com/e3654d55-8754-4446-a25e-ac64ea85fb53.jpeg?auto=compress,format&w=450&dpr=2",each,$30.00,,,[],THC 91.2%,CBD 0.0%,Hybrid,"El Chapo / Sugar / 1g, Concentrate - THC 91.2%, CBD 0%",4.4,8,"['Crescendo / Diamonds / 1g', 'SFV Og Sauce / 2g', 'Orange Kush Cake / Curated Live Resin / 1g', 'White Widow / THC Cartridge / 1g', 'Animal Mints / 2g / Badder ', '3 Kings / 2g / Sauce', 'Dosilato / 3.5g Ground', 'Blue Dream /4g']",[],,2022.10.21,Cali Care Group (San Jacinto)
10,https://www.leafly.com/dispensary-info/cali-care-group-san-jacinto/p/620796699/crescendo--diamonds--1g?variant=1400492629,Crescendo / Diamonds / 1g,Concentrate,Concentrate,Muscrow,"https://connect-files-public.s3.amazonaws.com/4d798116-8ca8-478e-add1-fc64d88572d2.jpeg?auto=compress,format&w=450&dpr=2",each,$30.00,,,[],THC 91.2%,CBD 0.0%,,"Crescendo / Diamonds / 1g, Concentrate - THC 91.2%, CBD 0%",,,"['El Chapo / Sugar / 1g', 'SFV Og Sauce / 2g', 'Orange Kush Cake / Curated Live Resin / 1g', 'White Widow / THC Cartridge / 1g', 'Animal Mints / 2g / Badder ', '3 Kings / 2g / Sauce', 'Blue Dream /4g', 'Dosilato / 3.5g Ground']",[],,2022.10.21,Cali Care Group (San Jacinto)
11,https://www.leafly.com/dispensary-info/cali-care-group-san-jacinto/p/620796661/white-widow--thc-cartridge--1g?variant=1400492590,White Widow / THC Cartridge / 1g,Concentrate,Concentrate,Big Chief,"https://leafly-public.imgix.net/menu/xcTxFawSyrHVeGECGBgl_180A3D0A-0E34-4DD9-80E6-D95A8325B907.jpeg?auto=compress,format&w=450&dpr=2",each,$30.00,,,['price of 30 for 1 g'],THC —,CBD —,Hybrid,"White Widow has chunky, conical, tapered buds with a loose and fluffy texture. It produces a citrusy, peppery scent accompanied by a slight lemon aftertaste.",4.3,4386,"['White Widow / THC Cartridge 1g', 'SFV Og Sauce / 2g', 'AK-47 / CDT / 1g', 'Apple Fritter / CDT / 1g', 'Sunset Gelato / THC Cartridge / 1g', 'Skywalker OG / THC Cartridge / 1g', 'Orange Kush Cake / Curated Live Resin / 1g', 'OG Kush / 1g']",[],"Among the most famous strains worldwide is White Widow, a balanced hybrid first bred in the Netherlands by Green House Seeds. A cross between a Brazilian sativa landrace and a resin-heavy South Indian indica,  White Widow has blessed every Dutch coffee shop menu since its birth in the 1990s. Its buds are white with crystal resin, warning you of the potent effects to come. A powerful burst of euphoria and energy breaks through immediately, stimulating both conversation and creativity. White Widow’s genetics have given rise to many other legends like White Russian, White Rhino, and Blue Widow. Still, many growers prefer cultivation of the original White Widow, which flowers in about 60 days indoors.",2022.10.21,Cali Care Group (San Jacinto)
12,https://www.leafly.com/dispensary-info/cali-care-group-san-jacinto/p/620796700/sfv-og-sauce--2g?variant=1400492630,SFV Og Sauce / 2g,Concentrate,Concentrate,CCG ,"https://leafly-public.imgix.net/menu/Bfe1u9sbRXmfdDMCRj8u_8062478D-2B25-4EDB-9755-D7A39D5AABB3.jpeg?auto=compress,format&w=450&dpr=2",each,$35.00,,,[],THC —,CBD —,Hybrid,"SFV Og Sauce / 2g, Concentrate ",4.4,903,"['SFV OG / .5g', 'Orange Kush Cake / Curated Live Resin / 1g', 'White Widow / THC Cartridge / 1g', 'El Chapo / Sugar / 1g', 'Crescendo / Diamonds / 1g', 'Animal Mints / 2g / Badder ', '3 Kings / 2g / Sauce', 'Blue Dream /4g']",[],,2022.10.21,Cali Care Group (San Jacinto)
13,https://www.leafly.com/dispensary-info/cali-care-group-san-jacinto/p/620796701/animal-mints--2g--badder?variant=1400492631,Animal Mints / 2g / Badder ,Concentrate,Concentrate,CCG,"https://leafly-public.imgix.net/menu/dhKQlBmLRJmDlAaH8dKb_IMG_20220829_094005_843.jpg?auto=compress,format&w=450&dpr=2",each,$35.00,,,[],THC —,CBD —,Hybrid,"Animal Mints is a hybrid marijuana strain made by crossing Animal Cookies with SinMint Cookies. Animal Mints produces a strong body and head high, making it ideal for after work and evening use. This strain features a sweet, pungent aroma that is minty on the exhale. Medical marijuana patients choose this strain to help relieve symptoms associated with stress.",4.5,133,"['3 Kings / 2g / Sauce', 'Blue Dream /4g', 'SFV Og Sauce / 2g', 'Orange Kush Cake / Curated Live Resin / 1g', 'Lemon Cherry Gelato / 4g', 'First Aid Kit / 8pk', 'Jokerz / 4g', 'White Widow / THC Cartridge / 1g']",[],"Animal Mints is a hybrid marijuana strain made by crossing Animal Cookies with SinMint Cookies. Animal Mints produces a strong body and head high, making it ideal for after work and evening use. This strain features a sweet, pungent aroma that is minty on the exhale. Growers say Animal Mints has bright green and brown buds with only a dusting of frost. Medical marijuana patients choose this strain to help relieve symptoms associated with stress.",2022.10.21,Cali Care Group (San Jacinto)
14,https://www.leafly.com/dispensary-info/cali-care-group-san-jacinto/p/620796702/3-kings--2g--sauce?variant=1400492632,3 Kings / 2g / Sauce,Concentrate,Concentrate,CCG,"https://leafly-public.imgix.net/menu/pwC0zJJFSia6c9vORcLb_3%20kings.jpeg?auto=compress,format&w=450&dpr=2",each,$35.00,,,[],THC —,CBD —,Hybrid,"3 Kings, also known as ""Three Kings,"" is a sativa-dominant hybrid marijuana strain. Three Kings is a holy trinity of Headband, Sour Diesel, and OG Kush. This genetic masterpiece features an aroma of sour tanginess that reek from sage green buds. The frosty coat of 3 Kings gives you a fair warning of this strains' legendary potency. Medical patients will appreciate the versatility of this 3 Kings medicinal effects as it relieves pain, stress, and nausea without heavy sedation.",4.4,352,"['Animal Mints / 2g / Badder ', 'Blue Dream /4g', 'SFV Og Sauce / 2g', 'Orange Kush Cake / Curated Live Resin / 1g', 'Lemon Cherry Gelato / 4g', 'First Aid Kit / 8pk', 'Jokerz / 4g', 'White Widow / THC Cartridge / 1g']",[],,2022.10.21,Cali Care Group (San Jacinto)
15,https://www.leafly.com/dispensary-info/cali-care-group-san-jacinto/p/620796682/volcanic-orange-mango---100mg?variant=1400492612,Volcanic Orange Mango  / 100mg,Edible,Edible,Major ,"https://leafly-public.imgix.net/products/photos/HY4D4RNgRkJGE6yQprfS_OMoregon100.JPEG?auto=compress,format&w=450&dpr=2",each,$10.00,,,[],THC 100.0mg,CBD —,,"Try our Major Volcanic Orange Mango 100 mg THC fruit drink in a 6.7 ounce bottle. Smooth and delicious. No cannabis smell or taste. Predictable, repeatable quick onset felt in 15 to 20 minutes. Fast acting, shelf stable, and no refrigeration required, The first sip will be as potent and flavorful as the last. 100 mg available in Oregon.",,,"['Watermelon Wave Gummies / 100mg', 'Dosilato / 3.5g Ground', 'Blue Dream /4g', 'Starter Kit Battery / Black', 'Pineapple Express / 1g ', 'Sour Diesel / 1g', 'SFV OG / .5g', 'Do-Si-Dos / .5g']",[],,2022.10.21,Cali Care Group (San Jacinto)
16,https://www.leafly.com/dispensary-info/cali-care-group-san-jacinto/p/620796683/watermelon-wave-gummies--100mg?variant=1400492613,Watermelon Wave Gummies / 100mg,Edible,Edible,STIIIZY,"https://leafly-public.imgix.net/menu/9vnYllZTA6MpVqtoBlnU_B9FEB5F9-4657-4037-ADB0-214B500E9B96.jpeg?auto=compress,format&w=450&dpr=2",each,$15.00,,,[],THC 100.0mg,CBD —,,"100MG GUMMIES - WATERMELON WAVE - INDICA
· Taste: Watermelon, Sweet
· Feeling: Relaxed, Calm, Sleepy
· Description: A wave of watermelon flavor in each bite, this relaxing indica is the perfect late night snack!

Introducing our new line of Stiiizy edibles. Your favorite live resin infused gummies are formulated with fast-acting nanotechnology in 10 mg pieces. Enjoy the blend of both delicious and mouth watering flavors in every bite. 

- 100MG Total THC
- 10MG Per Piece
- Segmented into Ten 10MG Servings
- Fast-acting Nano-molecular Enhanced
- Made with Live Resin",,,"['Volcanic Orange Mango  / 100mg', 'Starter Kit Battery / Black', 'Watermelon Z / 1g', 'Blue Dream / 40’s Preroll Multi-Pack', 'Orange Sunset / .5G', 'Papaya / Live Resin / .5g', 'Blue Burst / 1g', 'OG Kush / .5g']",[],,2022.10.21,Cali Care Group (San Jacinto)
17,https://www.leafly.com/dispensary-info/cali-care-group-san-jacinto/p/620796714/sfv-og--5g?variant=1400492651,SFV OG / .5g,Cartridge,Cartridge,STIIIZY,"https://leafly-public.imgix.net/menu/LEjls7Q2SSOwE58ahd6g_0680D6BD-4E44-4311-8F84-E7430FAF84B5.jpeg?auto=compress,format&w=450&dpr=2",½ gram,$30.00,,,[],THC 90.1%,CBD 0.2%,Hybrid,"SFV OG / INDICA
· Taste: Earthy, Spicy, Pine
· Feeling: Peaceful, Euphoric, Clear
· Description: A pure Indica strain that starts in the back of the head and slowly makes its way to the rest of the body.
Pods
Citrus
Earthy
Euphoric
Focused
Happy
Indica
Lemon
Pine
Relaxed
SFV OG",4.4,903,"['Sour Diesel / 1g', 'Do-Si-Dos / .5g', 'Do-Si-Dos / 1g', 'Blue Burst / 1g', 'OG Kush / .5g', 'OG Kush / 1g', 'Skywalker OG / 1g', 'Premium Jack / .5g ']",[],"SFV OG, also known as ""San Fernando Valley OG,"" ""San Fernando Valley Kush,"" and ""San Fernando Valley"" is a sativa-dominant hybrid marijuana strain from Cali Connection that is great for patients who need strong pain relief but don’t want to be stuck on the couch. As the name indicates, this OG Kush relative originates from California’s San Fernando Valley. Although their names are barely distinguishable, SFV OG Kush is actually the Afghani-crossed child to SFV OG. Leading with aromatic notes of earthy pine and lemon, its body effects take a little longer to feel than the initial head haziness.",2022.10.21,Cali Care Group (San Jacinto)
18,https://www.leafly.com/dispensary-info/cali-care-group-san-jacinto/p/620796718/do-si-dos--5g?variant=1400492656,Do-Si-Dos / .5g,Cartridge,Cartridge,STIIIZY,"https://leafly-public.imgix.net/menu/IWPCuKCBQkGfRFBKG74D_6372DFF4-AEAD-4CA0-AB4A-C20C90ADCD2D.jpeg?auto=compress,format&w=450&dpr=2",each,$30.00,,,[],THC 87.7%,CBD 1.0%,Hybrid,"DO-SI-DOS / HYBRID
· Taste: Earthy, Sweet, Pungent
· Feeling: Relaxing, Happy, Euphoric
· Description: An indica-dominant hybrid between Girl Scout Cookies and Face Off OG. Do-Si-Dos has qualities similar to Girls Scout Cookies that offer a buzz that melts down the body.",4.6,1058,"['Do-Si-Dos / 1g', 'Sour Diesel / 1g', 'SFV OG / .5g', 'Blue Burst / 1g', 'OG Kush / .5g', 'OG Kush / 1g', 'Skywalker OG / 1g', 'Premium Jack / .5g ']",[],,2022.10.21,Cali Care Group (San Jacinto)
19,https://www.leafly.com/dispensary-info/cali-care-group-san-jacinto/p/620796715/orange-sunset--5g?variant=1400492652,Orange Sunset / .5G,Cartridge,Cartridge,STIIIZY,"https://leafly-public.imgix.net/menu/VaoVQuu6QAulV8s4Ygvg_0AECB173-D2EE-4209-9462-2406B9DC2D59.jpeg?auto=compress,format&w=450&dpr=2",each,$30.00,,,['price of 30 for 0.5 g'],THC 89.5%,CBD 0.1%,Hybrid,"ORANGE SUNSET / SATIVA
· Taste: Citrus, Sweet, Pine
· Feeling: Creative, Euphoric, Uplifting
· Description: Orange Sunset is known for its vibrant citrus aroma accented with pine and earthy flavors. Every exhale is accompanied by sweet and sour flavors of tangy oranges. As Orange Sunset brings you a cerebral and uplifting experience, it will leave you feeling an energized and creative high.
Pods
Citrus
Creative
Earthy
Energetic
",4.5,12,"['Watermelon Z / 1g', 'Papaya / Live Resin / .5g', 'Blue Burst / 1g', 'OG Kush / .5g', 'OG Kush / 1g', 'Skywalker OG / 1g', 'Pineapple Express / 1g ', 'Sour Diesel / 1g']",[],"Orange Sunset is a hybrid marijuana strain. We're still learning about the flavors and effects of Frosted Orange Sunset - if you've smoked, dabbed, or consumed this strain before, tell us about it by leaving a review.",2022.10.21,Cali Care Group (San Jacinto)
20,https://www.leafly.com/dispensary-info/cali-care-group-san-jacinto/p/620796662/white-widow--thc-cartridge-1g?variant=1400492592,White Widow / THC Cartridge 1g,Cartridge,Cartridge,Big Chief,"https://leafly-public.imgix.net/menu/eIw1ouewSsCDAlCd2TH8_E39360FA-852D-4EFE-8D9A-D8ADF23F6D72.jpeg?auto=compress,format&w=450&dpr=2",each,$30.00,,,[],THC —,CBD —,Hybrid,"White Widow has chunky, conical, tapered buds with a loose and fluffy texture. It produces a citrusy, peppery scent accompanied by a slight lemon aftertaste.",4.3,4386,"['AK-47 / CDT / 1g', 'Apple Fritter / CDT / 1g', 'Sunset Gelato / THC Cartridge / 1g', 'Skywalker OG / THC Cartridge / 1g', 'OG Kush / 1g', 'Girl Scout Cookies | 1G', 'White Widow / THC Cartridge / 1g', 'Cherry Pie / 1g']",[],"Among the most famous strains worldwide is White Widow, a balanced hybrid first bred in the Netherlands by Green House Seeds. A cross between a Brazilian sativa landrace and a resin-heavy South Indian indica,  White Widow has blessed every Dutch coffee shop menu since its birth in the 1990s. Its buds are white with crystal resin, warning you of the potent effects to come. A powerful burst of euphoria and energy breaks through immediately, stimulating both conversation and creativity. White Widow’s genetics have given rise to many other legends like White Russian, White Rhino, and Blue Widow. Still, many growers prefer cultivation of the original White Widow, which flowers in about 60 days indoors.",2022.10.21,Cali Care Group (San Jacinto)
21,https://www.leafly.com/dispensary-info/cali-care-group-san-jacinto/p/620796663/sunset-gelato--thc-cartridge--1g?variant=1400492593,Sunset Gelato / THC Cartridge / 1g,Cartridge,Cartridge,Big Chief,"https://leafly-public.imgix.net/menu/gcEuOQeDSd652KfDLmEV_65345928-8DD5-4F15-AD1E-D6629B2B24AD.jpeg?auto=compress,format&w=450&dpr=2",each,$30.00,,,[],THC —,CBD —,Hybrid,"A blend of Sunset Sherbet and Thin Mint GSC (f.k.a. Thin Mint Girl Scout Cookies), Gelato is a potent deliverer of restfulness and euphoria. Sweet, pungent, flowery scents bring creativity.",4.2,13,"['AK-47 / CDT / 1g', 'Apple Fritter / CDT / 1g', 'White Widow / THC Cartridge 1g', 'Skywalker OG / THC Cartridge / 1g', 'OG Kush / 1g', 'Girl Scout Cookies | 1G', 'Biscotti / 1g', 'Uzumaki / CDT / 1g']",[],,2022.10.21,Cali Care Group (San Jacinto)
22,https://www.leafly.com/dispensary-info/cali-care-group-san-jacinto/p/620796665/skywalker-og--thc-cartridge--1g?variant=1400492595,Skywalker OG / THC Cartridge / 1g,Cartridge,Cartridge,Big Chief,"https://leafly-public.imgix.net/menu/3ZC536ogTpyxIza68Otr_42FDBB9E-9794-4C0D-8245-ED78A1BDE167.jpeg?auto=compress,format&w=450&dpr=2",each,$30.00,,,[],THC —,CBD —,,"Skywalker OG is a potent indica dominant hybrid strain that may just take you to a galaxy far, far away. No Sith genetics here, this plant is a cross between Skywalker and OG Kush and has the strong aroma characteristic to kush strains that includes a spicy herbal scent tinged with jet fuel.",,,"['White Widow / THC Cartridge 1g', 'Sunset Gelato / THC Cartridge / 1g', 'AK-47 / CDT / 1g', 'Apple Fritter / CDT / 1g', 'OG Kush / 1g', 'Girl Scout Cookies | 1G', 'Cherry Pie / 1g', 'Uzumaki / CDT / 1g']",[],,2022.10.21,Cali Care Group (San Jacinto)
23,https://www.leafly.com/dispensary-info/cali-care-group-san-jacinto/p/620796647/og-kush--5g?variant=1400492573,OG Kush / .5g,Cartridge,Cartridge,STIIIZY,"https://leafly-public.imgix.net/menu/dVBZUipS6ivUQvErX5Hs_68F7D3C6-D11B-4E8F-A135-751F03820DA1.jpeg?auto=compress,format&w=450&dpr=2",each,$30.00,,,['price of 30 for 0.5 g'],THC 89.8%,CBD 0.1%,Hybrid,"OG KUSH / INDICA
· Taste: Herbal, Citrus, Peppery
· Feeling: Happy, Relaxed, Uplifted
· Description: This powerful Indica strain will leave you in a deep stoney trance.

Pods
Citrus
Earthy
Giggly
Happy
Indica
Lemon
OG Kush
Pepper
Relaxed
Spicy/Herbal",4.3,5456,"['OG Kush / 1g', 'Sour Diesel / 1g', 'SFV OG / .5g', 'Do-Si-Dos / .5g', 'Do-Si-Dos / 1g', 'Blue Burst / 1g', 'Skywalker OG / 1g', 'Premium Jack / .5g ']",[],,2022.10.21,Cali Care Group (San Jacinto)
24,https://www.leafly.com/dispensary-info/cali-care-group-san-jacinto/p/620796658/premium-jack--5g?variant=1400492587,Premium Jack / .5g ,Cartridge,Cartridge,STIIIZY,"https://leafly-public.imgix.net/menu/WXENypVTTemN9M3q0x3q_80F32D60-5A07-4BAF-99DF-794963731A1C.jpeg?auto=compress,format&w=450&dpr=2",½ gram,$30.00,,,[],THC 90.0%,CBD 0.2%,Sativa,"Extracted from a variety of natural flora, STIIIZY’s botanically derived terpenes offer balanced aroma and taste to deliver a consistent experience every time. Our premium quality concentrates uphold a high level of purity, setting the industry standard to influence and inspire through innovative methods.

PREMIUM JACK / SATIVA
· Taste: Pine, Earthy, Sweet
· Feeling: Blissful, Creative, Uplifting
· Description: Premium Jack provides a blissful, clear-headed, and creative experience.
Pods
Aroused
Citrus
Creative
Earthy
Energetic",4.4,4817,"['Premium Jack / 1g', 'Sour Diesel / 1g', 'SFV OG / .5g', 'Do-Si-Dos / .5g', 'Do-Si-Dos / 1g', 'Blue Burst / 1g', 'OG Kush / .5g', 'OG Kush / 1g']",[],,2022.10.21,Cali Care Group (San Jacinto)
25,https://www.leafly.com/dispensary-info/cali-care-group-san-jacinto/p/620796755/og-kush--1g?variant=1400492711,OG Kush / 1g,Cartridge,Cartridge,Big Chief,"https://connect-files-public.s3.amazonaws.com/0c0e7a9f-ff74-40ce-b4f2-55831c43742b.jpeg?auto=compress,format&w=450&dpr=2",each,$30.00,,,[],THC 0.0mg,CBD 0.0mg,Hybrid,"OG Kush, also known as ""Premium OG Kush,"" was first cultivated in Florida in the early 90s when a marijuana strain from Northern California was supposedly crossed with Chemdawg, Lemon Thai and a Hindu Kush plant from Amsterdam. The result was a hybrid with a unique terpene profile that boasts a complex aroma with notes of fuel, skunk, and spice. OG often refers to Original Gangster, indicating either the strains authenticity or intensity. OG Kush should smell like lemon-pine-fuel with a high-THC, mixed head and body effect. It's often enjoyed in the back half of the day to ease stress.",4.3,5456,"['White Widow / THC Cartridge 1g', 'Sunset Gelato / THC Cartridge / 1g', 'Skywalker OG / THC Cartridge / 1g', 'AK-47 / CDT / 1g', 'Apple Fritter / CDT / 1g', 'OG Kush / .5g', 'OG Kush / 1g', 'Girl Scout Cookies | 1G']",[],"OG Kush, also known as ""Premium OG Kush,"" was first cultivated in Florida in the early ‘90s when a marijuana strain from Northern California was supposedly crossed with Chemdawg, Lemon Thai and a Hindu Kush plant from Amsterdam. The result was a hybrid with a unique terpene profile that boasts a complex aroma with notes of fuel, skunk, and spice. OG often refers to “Original Gangster,” indicating either the strain’s authenticity or intensity.  OG Kush should smell like lemon-pine-fuel with a high-THC, mixed head and body effect. It's often enjoyed in the back half of the day to ease stress.  The genetic backbone of West Coast cannabis varieties, OG Kush arrived in Los Angeles in 1996 when Matt “Bubba” Berger brought it (along with “The Bubba,” which was later used to create the famed Bubba Kush) from Florida to legendary cultivator Josh D. Since then, OG Kush has become a worldwide staple used to create numerous famous strains like GSC and Headband. There are many different phenotypes of OG Kush weed, including Tahoe OG, SFV OG, and Ghost OG.  OG Kush growing info    OG Kush is a popular strain choice for advanced growers. This strain can be grown indoors and outdoors. This strain grows best when the plants are able to grow large and are not confined to pots. OG Kush has a flowering time of 56 days. If grown outdoors, this plant will finish in early October. OG Kush offers a medium-size yield.",2022.10.21,Cali Care Group (San Jacinto)
26,https://www.leafly.com/dispensary-info/cali-care-group-san-jacinto/p/620796759/girl-scout-cookies--1g?variant=1400492715,Girl Scout Cookies | 1G,Cartridge,Cartridge,Big Chief,"https://connect-files-public.s3.amazonaws.com/81a4cbce-c929-4ce7-b494-880272eedfcf.jpeg?auto=compress,format&w=450&dpr=2",each,$30.00,,,['price of 30 for 1 pc'],THC 0.0%,CBD 0.0%,Hybrid,"Girl Scout Cookies | 1G, Cartridge ",4.4,7394,"['AK-47 / CDT / 1g', 'Apple Fritter / CDT / 1g', 'White Widow / THC Cartridge 1g', 'Sunset Gelato / THC Cartridge / 1g', 'Skywalker OG / THC Cartridge / 1g', 'OG Kush / 1g', 'Cherry Pie / 1g', 'Biscotti / 1g']",[],,2022.10.21,Cali Care Group (San Jacinto)
27,https://www.leafly.com/dispensary-info/cali-care-group-san-jacinto/p/620796762/biscotti--1g?variant=1400492718,Biscotti / 1g,Cartridge,Cartridge,Big Chief,"https://connect-files-public.s3.amazonaws.com/0dfbeb8b-4800-4033-884f-e4a017a6177a.jpeg?auto=compress,format&w=450&dpr=2",each,$30.00,,,[],THC 94.4%,CBD 0.0mg,Hybrid,"Biscotti is a potent indica-dominant hybrid marijuana strain made by crossing Gelato 25 with Sour Florida OG. This strain produces a cerebral high that leave consumers feeling relaxed, creative, and buzzy from head-to-toe. The effects of Biscotti are known to creep up on consumers, so it's best to take it slow with this strain. In terms of flavor, Biscotti tastes like sweet cookies with undertones of diesel.
",4.6,375,"['Sour Diesel / 1g', 'SFV OG / .5g', 'Do-Si-Dos / .5g', 'Do-Si-Dos / 1g', 'AK-47 / CDT / 1g', 'Apple Fritter / CDT / 1g', 'White Widow / THC Cartridge 1g', 'Sunset Gelato / THC Cartridge / 1g']",[],"Biscotti is a potent indica-dominant hybrid marijuana strain made by crossing Gelato 25 with Sour Florida OG. This strain produces a cerebral high that leave consumers feeling relaxed, creative, and buzzy from head-to-toe. The effects of Biscotti are known to creep up on consumers, so it's best to take it slow with this strain. In terms of flavor, Biscotti tastes like sweet cookies with undertones of diesel. With a THC level of 21%, medical marijuana patients turn to this strain to relieve symptoms associated with stress, anxiety, and depression. According to growers, Biscotti flowers into small, dense buds marked by dark green and purple foliage with bright orange pistils. The striking trichome coverage of this strain gives it top shelf appeal. Biscotti was originally bred by Cookies Farms. If you've smoked, dabbed, or consumed this strain before, tell us about your experience by leaving a review.",2022.10.21,Cali Care Group (San Jacinto)
28,https://www.leafly.com/dispensary-info/cali-care-group-san-jacinto/p/620796650/skywalker-og--5g?variant=1400492577,Skywalker OG / .5g,Cartridge,Cartridge,STIIIZY,"https://leafly-public.imgix.net/menu/AQUM0BZTbWE97uKNSkb9_31EAE815-CDE4-4E46-B519-AB613E09498B.jpeg?auto=compress,format&w=450&dpr=2",each,$30.00,,,['price of 30 for 0.5 g'],THC 89.3%,CBD 0.2%,Hybrid,"SKYWALKER OG / INDICA
· Taste: Earthy, Pungent, Pine
· Feeling: Relaxing, Happy, Sleepy
· Description: A cross between Skywalker and OG Kush. Skywalker OG is a super potent strain that makes relaxation a top priority.
Pods
Aroused
Chemical
Earthy
Happy
Indica
Pine
Pungent
Relaxed
Skunk
Skywalker Kush
Sleep Soundly
Sleepy",4.5,1595,"['Skywalker OG / 1g', 'Pineapple Express / 1g ', 'Sour Diesel / 1g', 'SFV OG / .5g', 'Do-Si-Dos / .5g', 'Do-Si-Dos / 1g', 'Orange Sunset / .5G', 'Papaya / Live Resin / .5g']",[],,2022.10.21,Cali Care Group (San Jacinto)
29,https://www.leafly.com/dispensary-info/cali-care-group-san-jacinto/p/620796654/sour-diesel--5g?variant=1400492583,Sour Diesel / .5g,Cartridge,Cartridge,STIIIZY,"https://leafly-public.imgix.net/menu/QiPuQWcYRnaAvYRODyt2_F33861C5-9DF7-4415-9A81-225B0691FDA6.jpeg?auto=compress,format&w=450&dpr=2",½ gram,$30.00,,,[],THC 87.2%,CBD 0.2%,Sativa,"SOUR DIESEL / SATIVA
· Taste: Diesel. Earthy. Pungent
· Feeling: Creative. Energizing. Uplifted. Relaxing.
· Description: This motivating and uplifting strain is perfect for daytime activities.
Pods
Citrus
Creative
Diesel
Earthy
Energetic
Get Active
Happy
Lemon
Pungent
Relaxed
Sativa
Sour Diesel
Stay Productive
THC
Uplifted",4.3,8235,"['Sour Diesel / 1g', 'SFV OG / .5g', 'Do-Si-Dos / .5g', 'Do-Si-Dos / 1g', 'Blue Burst / 1g', 'OG Kush / .5g', 'OG Kush / 1g', 'Skywalker OG / 1g']",[],,2022.10.21,Cali Care Group (San Jacinto)
30,https://www.leafly.com/dispensary-info/cali-care-group-san-jacinto/p/620796750/trainwreck--1g?variant=1400492706,Trainwreck / 1g,Cartridge,Cartridge,Big Chief,"https://connect-files-public.s3.amazonaws.com/98bbabcb-8d30-4d6c-9f66-72cbfabd8aba.jpeg?auto=compress,format&w=450&dpr=2",each,$30.00,,,[],THC 93.2%,CBD 0.0mg,Hybrid,"Trainwreck is a mind-bending, potent sativa with effects that hit like a freight train. Mexican and Thai sativas were bred with Afghani indicas to produce this Northern California staple, passing on a sweet lemon and spicy pine aroma. Trainwreck begins its speedy hurtle through the mind with a surge of euphoria, awakening creativity and happiness. Migraines, pain, and arthritis are mowed down by Trainwrecks high-THC content, and many patients also use it for relief of anxiety, ADD/ADHD, and PTSD.
",4.2,3090,"['AK-47 / CDT / 1g', 'Apple Fritter / CDT / 1g', 'White Widow / THC Cartridge 1g', 'Sunset Gelato / THC Cartridge / 1g', 'Skywalker OG / THC Cartridge / 1g', 'OG Kush / 1g', 'Girl Scout Cookies | 1G', 'Cherry Pie / 1g']",[],"Trainwreck is a mind-bending, potent sativa with effects that hit like a freight train. Mexican and Thai sativas were bred with Afghani indicas to produce this Northern California staple, passing on a sweet lemon and spicy pine aroma. Trainwreck begins its speedy hurtle through the mind with a surge of euphoria, awakening creativity and happiness. Migraines, pain, and arthritis are mowed down by Trainwreck’s high-THC content, and many patients also use it for relief of anxiety, ADD/ADHD, and PTSD. Trainwreck flowers tend to finish early when growing outdoors, while indoor gardens are ready for harvest after 8 weeks.",2022.10.21,Cali Care Group (San Jacinto)
31,https://www.leafly.com/dispensary-info/cali-care-group-san-jacinto/p/620796644/watermelon-z--5g?variant=1400492569,Watermelon Z / .5g,Cartridge,Cartridge,STIIIZY,"https://leafly-public.imgix.net/menu/2qjnfoGiSneB6DkxJSgm_3C8F4F8D-0715-459F-8AA1-8A649C90EB1A.jpeg?auto=compress,format&w=450&dpr=2",each,$30.00,,,[],THC 87.9%,CBD 0.1%,Indica,"WATERMELON Z / INDICA
· Taste: Sweet, Citrus, Berry
· Feeling: Euphoric, Relaxing, Uplifting
· Description: This mouthwatering strain is perfect for lazy nights on the couch.
Pods
Berry
Citrus
Euphoric
Indica
Relaxed
Sleep Soundly
Sleepy
Strawberry
Sweet
THC
Tropical
Uplifted
Watermelon",4.5,113,"['Watermelon Z / 1g', 'Orange Sunset / .5G', 'Papaya / Live Resin / .5g', 'Blue Burst / 1g', 'OG Kush / .5g', 'OG Kush / 1g', 'Skywalker OG / 1g', 'Pineapple Express / 1g ']",[],"Watermelon Zkittlez, also known as ""Watermelon Skittles,"" is an indica-dominant hybrid marijuana strain made by a cross of the hugely popular Zkittlez and Watermelon. It offers a wonderful fruity aroma and flavor profile that is mouthwateringly scrumptious. Its high may set in quick, delivering a powerful, head-rushing euphoria. With its heavy effects, Watermelon Zkittlez is best reserved for the end of the day.",2022.10.21,Cali Care Group (San Jacinto)
32,https://www.leafly.com/dispensary-info/cali-care-group-san-jacinto/p/620796668/cherry-pie--1g?variant=1400492598,Cherry Pie / 1g,Cartridge,Cartridge,Big Chief,"https://connect-files-public.s3.amazonaws.com/9d9d02e4-0c61-42d5-b76e-2ffb4cadb6f3.jpeg?auto=compress,format&w=450&dpr=2",each,$30.00,,,[],THC 90.1%,CBD 0.0mg,Hybrid,"Cherry Pie's parents are Granddaddy Purple and F1 Durb. With buds that are dense and full of orange hairs and a touch of purple, this hybrid strain smells of sweet and sour cherry pie. The effects have been known to come on in minutes and stick around for a couple hours.",4.3,2039,"['White Widow / THC Cartridge 1g', 'Sunset Gelato / THC Cartridge / 1g', 'Skywalker OG / THC Cartridge / 1g', 'AK-47 / CDT / 1g', 'Apple Fritter / CDT / 1g', 'OG Kush / 1g', 'Girl Scout Cookies | 1G', 'Uzumaki / CDT / 1g']",[],,2022.10.21,Cali Care Group (San Jacinto)
33,https://www.leafly.com/dispensary-info/cali-care-group-san-jacinto/p/620796639/pineapple-express--5g?variant=1400492563,Pineapple Express / .5g,Cartridge,Cartridge,STIIIZY,"https://leafly-public.imgix.net/menu/DLy0RCraSoCALABGOZIK_B1E06A7E-10E6-48A0-847A-A60D7BD58146.jpeg?auto=compress,format&w=450&dpr=2",½ gram,$30.00,,,[],THC 89.2%,CBD 0.1%,Hybrid,"Extracted from a variety of natural flora, STIIIZY’s botanically derived terpenes offer balanced aroma and taste to deliver a consistent experience every time. Our premium quality concentrates uphold a high level of purity, setting the industry standard to influence and inspire through innovative methods.

PINEAPPLE EXPRESS / HYBRID
· Taste: Fruity, Tropical, Pine
· Feeling: Energizing, Euphoric, Focus
· Description: A sativa-dominant hybrid born of parent strains Trainwreck and Hawaiian, the energetic high is perfect for taking a scenic walk.
Pods
Citrus
Energetic
Euphoric
Focused
Happy",4.4,4101,"['Pineapple Express / 1g ', 'Sour Diesel / 1g', 'SFV OG / .5g', 'Do-Si-Dos / .5g', 'Do-Si-Dos / 1g', 'Blue Burst / 1g', 'OG Kush / .5g', 'OG Kush / 1g']",[],,2022.10.21,Cali Care Group (San Jacinto)
34,https://www.leafly.com/dispensary-info/cali-care-group-san-jacinto/p/620796641/blue-dream--5g?variant=1400492566,Blue Dream / .5g,Cartridge,Cartridge,STIIIZY,"https://leafly-public.imgix.net/menu/zDgkDVrSruk0NzpJYpce_4846DE8B-8F2A-4248-B09C-5EAD7AE6860F.jpeg?auto=compress,format&w=450&dpr=2",½ gram,$30.00,,,[],THC 90.7%,CBD 0.1%,Hybrid,"- BLUE DREAM / SATIVA  · Taste: Berry, Fruity, Herbal · Feeling: Creative, Energizing, Euphoric · Description: A cross between Blueberry and Haze. Blue Dream is the perfect strain for concentrates due to its high THC filled resin content.",4.3,14.2k,"['Blue Dream / 1g', 'Pineapple Express / 1g ', 'Sour Diesel / 1g', 'SFV OG / .5g', 'Do-Si-Dos / .5g', 'Do-Si-Dos / 1g', 'Blue Dream / 40’s Preroll Multi-Pack', 'Orange Sunset / .5G']",[],,2022.10.21,Cali Care Group (San Jacinto)
35,https://www.leafly.com/dispensary-info/cali-care-group-san-jacinto/p/620796762/biscotti--1g?variant=1400492718,Biscotti / 1g,Cartridge,Cartridge,Big Chief,"https://connect-files-public.s3.amazonaws.com/0dfbeb8b-4800-4033-884f-e4a017a6177a.jpeg?auto=compress,format&w=450&dpr=2",each,$30.00,,,[],THC 94.4%,CBD 0.0mg,Hybrid,"Biscotti is a potent indica-dominant hybrid marijuana strain made by crossing Gelato 25 with Sour Florida OG. This strain produces a cerebral high that leave consumers feeling relaxed, creative, and buzzy from head-to-toe. The effects of Biscotti are known to creep up on consumers, so it's best to take it slow with this strain. In terms of flavor, Biscotti tastes like sweet cookies with undertones of diesel.
",4.6,375,"['Sour Diesel / 1g', 'SFV OG / .5g', 'Do-Si-Dos / .5g', 'Do-Si-Dos / 1g', 'AK-47 / CDT / 1g', 'Apple Fritter / CDT / 1g', 'White Widow / THC Cartridge 1g', 'Sunset Gelato / THC Cartridge / 1g']",[],"Biscotti is a potent indica-dominant hybrid marijuana strain made by crossing Gelato 25 with Sour Florida OG. This strain produces a cerebral high that leave consumers feeling relaxed, creative, and buzzy from head-to-toe. The effects of Biscotti are known to creep up on consumers, so it's best to take it slow with this strain. In terms of flavor, Biscotti tastes like sweet cookies with undertones of diesel. With a THC level of 21%, medical marijuana patients turn to this strain to relieve symptoms associated with stress, anxiety, and depression. According to growers, Biscotti flowers into small, dense buds marked by dark green and purple foliage with bright orange pistils. The striking trichome coverage of this strain gives it top shelf appeal. Biscotti was originally bred by Cookies Farms. If you've smoked, dabbed, or consumed this strain before, tell us about your experience by leaving a review.",2022.10.21,Cali Care Group (San Jacinto)
36,https://www.leafly.com/dispensary-info/cali-care-group-san-jacinto/p/620796748/ak-47--cdt--1g?variant=1400492704,AK-47 / CDT / 1g,Cartridge,Cartridge,Big Chief,"https://connect-files-public.s3.amazonaws.com/14172b1f-c8c7-4f65-a1f3-546be678aeb3.jpeg?auto=compress,format&w=450&dpr=2",each,$40.00,,,[],THC 77.7%,CBD 1.0mg,Hybrid,"AK-47 is an F1 hybrid from Dutch seed bank Serious Seeds. Created in 1992, its exact lineage remains secret, but seed bank owner and breeder Simon says it’s roughly a 65:35 Sativa/Indica hybrid of Colombian, Mexican, Thai, and Afghani descent.",4.1,2940,"['Apple Fritter / CDT / 1g', 'White Widow / THC Cartridge 1g', 'Sunset Gelato / THC Cartridge / 1g', 'Skywalker OG / THC Cartridge / 1g', 'OG Kush / 1g', 'Girl Scout Cookies | 1G', 'Cherry Pie / 1g', 'Uzumaki / CDT / 1g']",[],,2022.10.21,Cali Care Group (San Jacinto)
37,https://www.leafly.com/dispensary-info/cali-care-group-san-jacinto/p/620796752/apple-fritter--cdt--1g?variant=1400492708,Apple Fritter / CDT / 1g,Cartridge,Cartridge,Big Chief,"https://connect-files-public.s3.amazonaws.com/1290c323-e164-4c0a-bb52-745d895589c0.jpeg?auto=compress,format&w=450&dpr=2",each,$40.00,,,[],THC 70.2%,CBD 0.1mg,Hybrid,"Apple Fritter was created in the wine regions of Northern California where Lumpy’s Flowers bred together Sour Apple and Animal Cookies to create one of the most potent strains on the market. According to Lumpy’s Flowers the strain is primarily an indica. Like most potent strains, not much growing information is available on this strain.

Lumpy’s claims that Apple Fritter tends to bring about feelings of euphoria, steadiness, and relaxation.
",4.5,319,"['Apple Fritter / Disposable / 1g', 'AK-47 / CDT / 1g', 'White Widow / THC Cartridge 1g', 'Sunset Gelato / THC Cartridge / 1g', 'Skywalker OG / THC Cartridge / 1g', 'OG Kush / 1g', 'Girl Scout Cookies | 1G', 'Apple Fritter / 1g']",[],"Apple Fritter, a true hybrid weed strain, is known for its powerful and relaxing high. Put out by Lumpy’s Flowers, the Apple Fritter marijuana strain is a reported cross of Sour Apple and Animal Cookies. It's a great hybrid, combining the stone of GSC with the energy of a diesel. Apple Fritter cannabis has a flavor and aroma that come off as sweet and earthy, with a light, cheesy, apple pastry influence.",2022.10.21,Cali Care Group (San Jacinto)
38,https://www.leafly.com/dispensary-info/cali-care-group-san-jacinto/p/620796716/papaya--live-resin--5g?variant=1400492654,Papaya / Live Resin / .5g,Cartridge,Cartridge,STIIIZY,"https://leafly-public.imgix.net/menu/QZu8GUZWTfWNWexCPXzQ_D10B5404-94C4-4B51-9A66-06C93F7C805A.jpeg?auto=compress,format&w=450&dpr=2",½ gram,$40.00,,,[],THC 0.0mg,CBD 0.0mg,Indica,"PAPAYA / INDICA
· Taste: Fruit, Citrus, Earthy
· Feeling: Sleepy, Giggly, Happy
· Description: With a fruity sweetness and earthy undertones, Papaya is a giggly, classic strain, best for your nightly session.
Pods
Citrus
Earthy
Euphoric
Giggly
Happy
Honey
Indica
Papaya
Relaxed
Sleepy
THC ",4.3,305,"['Pineapple Express / 1g ', 'Sour Diesel / 1g', 'SFV OG / .5g', 'Do-Si-Dos / .5g', 'Do-Si-Dos / 1g', 'Orange Sunset / .5G', 'Watermelon Z / 1g', 'White Raspberry / 1g']",[],,2022.10.21,Cali Care Group (San Jacinto)
39,https://www.leafly.com/dispensary-info/cali-care-group-san-jacinto/p/620796749/uzumaki--cdt--1g?variant=1400492705,Uzumaki / CDT / 1g,Cartridge,Cartridge,Big Chief,"https://connect-files-public.s3.amazonaws.com/a0bda3aa-bd75-4741-a040-efe61c072ea8.jpeg?auto=compress,format&w=450&dpr=2",each,$40.00,,,[],THC 70.8%,CBD 0.8%,,"Uzumaki / CDT / 1g, Cartridge - THC 70.8%, CBD 0.84%",,,"['AK-47 / CDT / 1g', 'Apple Fritter / CDT / 1g', 'White Widow / THC Cartridge 1g', 'Sunset Gelato / THC Cartridge / 1g', 'Skywalker OG / THC Cartridge / 1g', 'OG Kush / 1g', 'Girl Scout Cookies | 1G', 'Cherry Pie / 1g']",[],,2022.10.21,Cali Care Group (San Jacinto)
40,https://www.leafly.com/dispensary-info/cali-care-group-san-jacinto/p/620796741/apple-fritter--disposable--1g?variant=1400492697,Apple Fritter / Disposable / 1g,Cartridge,Cartridge,Sauce Essentials,"https://leafly-public.imgix.net/products/photos/YWoHZCgdQKCL99huwrqQ_MI_New_Sauce_Flavor-lock-up-for-web_Apple-Fritter-copy.png?auto=compress,format&w=450&dpr=2",each,$45.00,,,[],THC 82.0%,CBD 0.2%,Hybrid,"Apple Fritter - Infused (Hybrid) Disposable

Apple Fritter, a true hybrid strain, is known for its powerful and relaxing high. Put out by Lumpy’s Flowers, Apple Fritter is a strain with secret origins. Those who enjoy Apple Fritter say this strain allows you to enjoy an evening without losing your cool. Apple Fritter has a flavor aroma that comes off as sweet and earthy, with a light cheesy apple pastry influence. This strain induces a great happy, uplifted, and relaxed high throughout the day.

APPLE FRITTER / HYBRID

Taste: Apple, Vanilla, Cakey
Feel: Body high lifting, At ease
Strain: Sour Apple x Animal Cookies
",4.5,319,"['Zkittlez / Disposable / 1g', 'Blueberry Kush / Disposable / 1g', 'Apple Fritter / CDT / 1g', 'Apple Fritter / 1g', 'Pineapple Express / 1g ', 'Sour Diesel / 1g', 'SFV OG / .5g', 'Do-Si-Dos / .5g']",[],,2022.10.21,Cali Care Group (San Jacinto)
41,https://www.leafly.com/dispensary-info/cali-care-group-san-jacinto/p/620796739/zkittlez--disposable--1g?variant=1400492694,Zkittlez / Disposable / 1g,Cartridge,Cartridge,Sauce Essentials,"https://leafly-public.imgix.net/products/photos/Tj7CzacqRfOEEuILgOEa_MI_New_Sauce_Flavor-lock-up-for-web_Zkittles-copy.png?auto=compress,format&w=450&dpr=2",each,$45.00,,,[],THC 81.7%,CBD 0.2%,Indica,"Zkittles - Infused (Indica) Disposable

Zkittlez is an indica-dominant mix of Grape Ape and Grapefruit that is crossed with an undisclosed strain to produce a candy-flavored profile bred by 3rd Gen Family and Terp Hogz. The effects of Zkittlez are calming, leaving consumers focused, alert, and happy while simultaneously relaxing the body to help unwind any time of day.

ZKITTLES / INDICA

Taste: Fruity, Rainbow, Candy
Feel: Focused, Happy, Relaxed
Strain: Grape Ape x Grapefruit 
",4.5,846,"['Apple Fritter / Disposable / 1g', 'Blueberry Kush / Disposable / 1g', 'Pineapple Express / 1g ', 'Sour Diesel / 1g', 'SFV OG / .5g', 'Do-Si-Dos / .5g', 'Do-Si-Dos / 1g', 'AK-47 / CDT / 1g']",[],,2022.10.21,Cali Care Group (San Jacinto)
42,https://www.leafly.com/dispensary-info/cali-care-group-san-jacinto/p/620796740/blueberry-kush--disposable--1g?variant=1400492695,Blueberry Kush / Disposable / 1g,Cartridge,Cartridge,Sauce Essentials,"https://leafly-public.imgix.net/products/photos/WsdKUj6aRbGT69uBjswf_MI_New_Sauce_Flavor-lock-up-for-web_Blueberry-Kush-copy.png?auto=compress,format&w=450&dpr=2",each,$45.00,,,[],THC 82.1%,CBD 0.2%,Indica,"Blueberry Kush - Infused (Indica) Disposable

Blueberry Kush is an indica strain made by crossing Blueberry and OG Kush. This strain produces effects that slowly bring on a heavy body sensation, aiding in relieving stress and promoting full-body relaxation. Blueberry Kush is the ultimate couch lock strain for the evening time that will send you into the deepest of sleep.

BLUEBERRY KUSH / INDICA

Taste: Muffin, Blueberry, Kushy
Feel: Elevated Mood, Relaxed, Pain Relief 
Strain: Blueberry x OG Kush
",4.2,1100,"['Apple Fritter / Disposable / 1g', 'Zkittlez / Disposable / 1g', 'Watermelon Z / 1g', 'White Widow / THC Cartridge 1g', 'Sunset Gelato / THC Cartridge / 1g', 'Skywalker OG / THC Cartridge / 1g', 'AK-47 / CDT / 1g', 'Apple Fritter / CDT / 1g']",[],"Blueberry Kush, also known as ""Blueberry OG Kush,"" is a potent indica marijuana strain made by crossing Blueberry and OG Kush. This strain produces effects that slowly brings on a heavy body sensation, helping consumers forget their stress and relax. Blueberry Kush is a popular choice for evening use, as its dreamy effects will float you into a deep sleep. Medical marijuana patients choose this strain to help relieve symptoms associated with insomnia and stress.

 ",2022.10.21,Cali Care Group (San Jacinto)
43,https://www.leafly.com/dispensary-info/cali-care-group-san-jacinto/p/620796643/watermelon-z--1g?variant=1400492568,Watermelon Z / 1g,Cartridge,Cartridge,STIIIZY,"https://leafly-public.imgix.net/menu/LvBN6YkRU6CqNOukOGXw_4CDE3E4A-1A20-4F26-B9CD-8D4D0AF2C1CE.jpeg?auto=compress,format&w=450&dpr=2",1 gram,$55.00,,,[],THC 87.9%,CBD 0.1%,Indica,"WATERMELON Z / INDICA
· Taste: Sweet, Citrus, Berry
· Feeling: Euphoric, Relaxing, Uplifting
· Description: This mouthwatering strain is perfect for lazy nights on the couch.
Pods
Berry
Citrus
Euphoric
Indica
Relaxed
Sleep Soundly
Sleepy
Strawberry
Sweet
THC
Tropical
Uplifted
Watermelon",4.5,113,"['Watermelon Z / .5g', 'Pineapple Express / 1g ', 'Sour Diesel / 1g', 'SFV OG / .5g', 'Do-Si-Dos / .5g', 'Do-Si-Dos / 1g', 'Orange Sunset / .5G', 'Papaya / Live Resin / .5g']",[],"Watermelon Zkittlez, also known as ""Watermelon Skittles,"" is an indica-dominant hybrid marijuana strain made by a cross of the hugely popular Zkittlez and Watermelon. It offers a wonderful fruity aroma and flavor profile that is mouthwateringly scrumptious. Its high may set in quick, delivering a powerful, head-rushing euphoria. With its heavy effects, Watermelon Zkittlez is best reserved for the end of the day.",2022.10.21,Cali Care Group (San Jacinto)
44,https://www.leafly.com/dispensary-info/cali-care-group-san-jacinto/p/620796646/blue-burst--1g?variant=1400492572,Blue Burst / 1g,Cartridge,Cartridge,STIIIZY,"https://leafly-public.imgix.net/menu/zYfV6fwZTpWfO2AqMlB5_433B547D-B16C-4201-B709-AA714B407BE4.jpeg?auto=compress,format&w=450&dpr=2",1 gram,$55.00,,,[],THC 86.6%,CBD 0.1%,Hybrid,"BLUE BURST / HYBRID
· Taste: Blue Raspberry, Citrus, Mixed Fruits
· Feeling: Relaxed, Uplifted, Creative
· Description: This hybrid delivers a well-balanced mind and body high with a juicy burst of flavor",4.7,48,"['Blue Burst / .5g', 'Sour Diesel / 1g', 'SFV OG / .5g', 'Do-Si-Dos / .5g', 'Do-Si-Dos / 1g', 'OG Kush / .5g', 'OG Kush / 1g', 'Skywalker OG / 1g']",[],,2022.10.21,Cali Care Group (San Jacinto)
45,https://www.leafly.com/dispensary-info/cali-care-group-san-jacinto/p/620796648/og-kush--1g?variant=1400492575,OG Kush / 1g,Cartridge,Cartridge,STIIIZY,"https://leafly-public.imgix.net/menu/RHA7nmA2Sp2QppgOUVUW_924DF817-95E6-43A1-AD11-AAD853F2D5F8.jpeg?auto=compress,format&w=450&dpr=2",1 gram,$55.00,,,[],THC 89.8%,CBD 0.1%,Hybrid,"OG KUSH / INDICA
· Taste: Herbal, Citrus, Peppery
· Feeling: Happy, Relaxed, Uplifted
· Description: This powerful Indica strain will leave you in a deep stoney trance.

Pods
Citrus
Earthy
Giggly
Happy
Indica
Lemon
OG Kush
Pepper
Relaxed
Spicy/Herbal",4.3,5456,"['OG Kush / .5g', 'Sour Diesel / 1g', 'SFV OG / .5g', 'Do-Si-Dos / .5g', 'Do-Si-Dos / 1g', 'Blue Burst / 1g', 'Skywalker OG / 1g', 'Premium Jack / .5g ']",[],"OG Kush, also known as ""Premium OG Kush,"" was first cultivated in Florida in the early ‘90s when a marijuana strain from Northern California was supposedly crossed with Chemdawg, Lemon Thai and a Hindu Kush plant from Amsterdam. The result was a hybrid with a unique terpene profile that boasts a complex aroma with notes of fuel, skunk, and spice. OG often refers to “Original Gangster,” indicating either the strain’s authenticity or intensity.  OG Kush should smell like lemon-pine-fuel with a high-THC, mixed head and body effect. It's often enjoyed in the back half of the day to ease stress.  The genetic backbone of West Coast cannabis varieties, OG Kush arrived in Los Angeles in 1996 when Matt “Bubba” Berger brought it (along with “The Bubba,” which was later used to create the famed Bubba Kush) from Florida to legendary cultivator Josh D. Since then, OG Kush has become a worldwide staple used to create numerous famous strains like GSC and Headband. There are many different phenotypes of OG Kush weed, including Tahoe OG, SFV OG, and Ghost OG.  OG Kush growing info    OG Kush is a popular strain choice for advanced growers. This strain can be grown indoors and outdoors. This strain grows best when the plants are able to grow large and are not confined to pots. OG Kush has a flowering time of 56 days. If grown outdoors, this plant will finish in early October. OG Kush offers a medium-size yield.",2022.10.21,Cali Care Group (San Jacinto)
46,https://www.leafly.com/dispensary-info/cali-care-group-san-jacinto/p/620796649/skywalker-og--1g?variant=1400492576,Skywalker OG / 1g,Cartridge,Cartridge,STIIIZY,"https://leafly-public.imgix.net/menu/SIzCMc4pQra9Kc129snk_38B41640-A6C2-45D6-839E-CAA11AFE78E5.jpeg?auto=compress,format&w=450&dpr=2",1 gram,$55.00,,,[],THC 89.3%,CBD 0.2%,Hybrid,"SKYWALKER OG / INDICA
· Taste: Earthy, Pungent, Pine
· Feeling: Relaxing, Happy, Sleepy
· Description: A cross between Skywalker and OG Kush. Skywalker OG is a super potent strain that makes relaxation a top priority.
Pods
Aroused
Chemical
Earthy
Happy
Indica
Pine
Pungent
Relaxed
Skunk
Skywalker Kush
Sleep Soundly
Sleepy",4.5,1595,"['Sour Diesel / 1g', 'SFV OG / .5g', 'Do-Si-Dos / .5g', 'Do-Si-Dos / 1g', 'Blue Burst / 1g', 'OG Kush / .5g', 'OG Kush / 1g', 'Premium Jack / .5g ']",[],"Mazar x Blueberry OG is a potent indica-dominant hybrid strain that may just take you to a galaxy far, far away. No Sith genetics here—this plant is a cross between Mazar x Bluebery and OG Kush and has the strong aroma characteristic to kush strains that includes a spicy herbal scent tinged with jet fuel. This strain makes relaxation your only mission, and some users report strong body effects that include mild tingling and numbness. If pain and physical limitations are the issue, Mazar x Bluebery OG is here to rescue you. The galaxy also holds a sativa dominant variety of Mazar x Blueberry that is also often referred to as Mazar x Blueberry OG or Sativa OG.",2022.10.21,Cali Care Group (San Jacinto)
47,https://www.leafly.com/dispensary-info/cali-care-group-san-jacinto/p/620796640/pineapple-express--1g?variant=1400492564,Pineapple Express / 1g ,Cartridge,Cartridge,STIIIZY,"https://leafly-public.imgix.net/menu/wy4rf2aERuBGf5V39Qc1_75F5C9C3-BA31-4D66-9EA0-9B3715691D5C.jpeg?auto=compress,format&w=450&dpr=2",each,$55.00,,,['price of 55 for 1 g'],THC 89.2%,CBD 0.1%,Hybrid,"Extracted from a variety of natural flora, STIIIZY’s botanically derived terpenes offer balanced aroma and taste to deliver a consistent experience every time. Our premium quality concentrates uphold a high level of purity, setting the industry standard to influence and inspire through innovative methods.

PINEAPPLE EXPRESS / HYBRID
· Taste: Fruity, Tropical, Pine
· Feeling: Energizing, Euphoric, Focus
· Description: A sativa-dominant hybrid born of parent strains Trainwreck and Hawaiian, the energetic high is perfect for taking a scenic walk.
Pods
Citrus
Energetic
Euphoric
Focused
Happy",4.4,4101,"['Pineapple Express / .5g', 'Watermelon Z / 1g', 'Orange Sunset / .5G', 'Papaya / Live Resin / .5g', 'Blue Burst / 1g', 'OG Kush / .5g', 'OG Kush / 1g', 'Skywalker OG / 1g']",[],"Pineapple Express is a sativa-dominant hybrid marijuana strain made by crossing Trainwreck with Hawaiian. While this strain rose to fame on the silver screen in 2008 amidst the release of Pineapple Express, it is a real strain that you can find on the shelves of dispensaries across the country.  Since then, this strain has become a favorite in the hearts and minds of cannabis lovers. Pineapple Express produces long-lasting energetic effects that you can feel right away. Pineapple Express is 18% THC and may make you feel buzzy, alert, and creative. The best time to smoke Pineapple Express is in the morning, afternoon, or early evening hours. In terms of flavor, this strain packs a punch to your pallet with bright citrus notes infused with pineapple and earthy pine, thanks to the terpenes of caryophyllene, limonene, and pinene. Medical marijuana patients choose Pineapple Express to relieve symptoms associated with depression, pain, and fatigue. According to growers, this strain will flower into dense curly buds with dark green foliage and firey amber hairs. The average price per gram of Pineapple Express is $20.",2022.10.21,Cali Care Group (San Jacinto)
48,https://www.leafly.com/dispensary-info/cali-care-group-san-jacinto/p/620796713/sour-diesel--1g?variant=1400492649,Sour Diesel / 1g,Cartridge,Cartridge,STIIIZY,"https://leafly-public.imgix.net/menu/jbZnTtFRxOOKeFDHijfQ_8A9726D2-DEDC-407C-97CE-E8B1DEAF0B13.jpeg?auto=compress,format&w=450&dpr=2",each,$55.00,,,['price of 55 for 1 g'],THC 87.2%,CBD 0.2%,Sativa,"SOUR DIESEL / SATIVA
· Taste: Diesel. Earthy. Pungent
· Feeling: Creative. Energizing. Uplifted. Relaxing.
· Description: This motivating and uplifting strain is perfect for daytime activities.
Pods
Citrus
Creative
Diesel
Earthy
Energetic
Get Active
Happy
Lemon
Pungent
Relaxed
Sativa
Sour Diesel
Stay Productive
THC
Uplifted",4.3,8235,"['Sour Diesel / .5g', 'SFV OG / .5g', 'Do-Si-Dos / .5g', 'Do-Si-Dos / 1g', 'Blue Burst / 1g', 'OG Kush / .5g', 'OG Kush / 1g', 'Skywalker OG / 1g']",[],"Sour Diesel, also known as ""Sour D"" and ""Sour Deez,"" is a popular sativa marijuana strain made by crossing Chemdawg and Super Skunk. Sour Diesel effects are dreamy, cerebral, fast-acting and energizing. This strain features a pungent flavor profile that smells like diesel. Medical marijuana patients choose Sour Diesel to help relieve symptoms associated with depression, pain, and stress. Growers say this strain grows best in a dry, outdoor climate and has a flowering time of 77 days. Fun fact: Sour Diesel first became popular in the early 1990s and has been legendary ever since.",2022.10.21,Cali Care Group (San Jacinto)
49,https://www.leafly.com/dispensary-info/cali-care-group-san-jacinto/p/620796719/do-si-dos--1g?variant=1400492657,Do-Si-Dos / 1g,Cartridge,Cartridge,STIIIZY,"https://leafly-public.imgix.net/menu/Ukn5HNPR9W4mcaiWh75p_0B3BA3F2-E17A-4DA1-B181-E251C3023666.jpeg?auto=compress,format&w=450&dpr=2",1 gram,$55.00,,,[],THC —,CBD —,Hybrid,"DO-SI-DOS / HYBRID
· Taste: Earthy, Sweet, Pungent
· Feeling: Relaxing, Happy, Euphoric
· Description: An indica-dominant hybrid between Girl Scout Cookies and Face Off OG. Do-Si-Dos has qualities similar to Girls Scout Cookies that offer a buzz that melts down the body.",4.6,1058,"['Do-Si-Dos / .5g', 'Sour Diesel / 1g', 'SFV OG / .5g', 'Blue Burst / 1g', 'OG Kush / .5g', 'OG Kush / 1g', 'Skywalker OG / 1g', 'Premium Jack / .5g ']",[],,2022.10.21,Cali Care Group (San Jacinto)
50,https://www.leafly.com/dispensary-info/cali-care-group-san-jacinto/p/620796645/white-raspberry--1g?variant=1400492570,White Raspberry / 1g,Cartridge,Cartridge,STIIIZY,"https://leafly-public.imgix.net/menu/uTFymvlQxKs9f2ZK2Xdu_4A64E710-FC64-4AD0-9085-476A2F1EC715.jpeg?auto=compress,format&w=450&dpr=2",each,$55.00,,,['price of 55 for 1 g'],THC 88.6%,CBD 0.2%,,"WHITE RASPBERRY / INDICA
· Taste: Peppery, Berry, Hoppy
· Feeling: Relaxed, Happy, Euphoric
· Description: This heavy handed Indica has a fruity and dessert like aroma that you'll fall in love with.
Pods
Berry
Euphoric
Happy
Indica
Pepper
Relaxed
THC
",,,"['Watermelon Z / 1g', 'Orange Sunset / .5G', 'Papaya / Live Resin / .5g', 'Blue Burst / 1g', 'OG Kush / .5g', 'OG Kush / 1g', 'Skywalker OG / 1g', 'Pineapple Express / 1g ']",[],,2022.10.21,Cali Care Group (San Jacinto)
51,https://www.leafly.com/dispensary-info/cali-care-group-san-jacinto/p/620796659/premium-jack--1g?variant=1400492588,Premium Jack / 1g,Cartridge,Cartridge,STIIIZY,"https://leafly-public.imgix.net/menu/810I5EmTRWQ7AoAAsZsA_37B76DF2-96C1-435E-BDF1-18D367314D61.jpeg?auto=compress,format&w=450&dpr=2",1 gram,$55.00,,,[],THC 90.0%,CBD 0.2%,Sativa,"Extracted from a variety of natural flora, STIIIZY’s botanically derived terpenes offer balanced aroma and taste to deliver a consistent experience every time. Our premium quality concentrates uphold a high level of purity, setting the industry standard to influence and inspire through innovative methods.

PREMIUM JACK / SATIVA
· Taste: Pine, Earthy, Sweet
· Feeling: Blissful, Creative, Uplifting
· Description: Premium Jack provides a blissful, clear-headed, and creative experience.
Pods
Aroused
Citrus
Creative
Earthy
Energetic",4.4,4817,"['Premium Jack / .5g ', 'Sour Diesel / 1g', 'SFV OG / .5g', 'Do-Si-Dos / .5g', 'Do-Si-Dos / 1g', 'Blue Burst / 1g', 'OG Kush / .5g', 'OG Kush / 1g']",[],"Jack Herer, also known as ""JH,"" ""The Jack,"" ""Premium Jack,"" and ""Platinum Jack"" is a sativa-dominant marijuana strain that has gained as much renown as its namesake, the marijuana activist and author of The Emperor Wears No Clothes. Combining a Haze hybrid with a Northern Lights #5 and Shiva Skunk cross, Sensi Seeds created Jack Herer hoping to capture both cerebral elevation and heavy resin production. Its rich genetic background gives rise to several different variations of Jack Herer, each phenotype bearing its own unique features and effects. However, consumers typically describe this 55% sativa hybrid as blissful, clear-headed, and creative.

Jack Herer was created in the Netherlands in the mid-1990s, where it was later distributed by Dutch pharmacies as a recognized medical-grade strain. Since then, this spicy, pine-scented strain has taken home numerous awards for its quality and potency. Many breeders have attempted to cultivate this staple strain themselves in sunny or Mediterranean climates, and indoor growers should wait 50 to 70 days for Jack Herer to flower.",2022.10.21,Cali Care Group (San Jacinto)
52,https://www.leafly.com/dispensary-info/cali-care-group-san-jacinto/p/620796642/blue-dream--1g?variant=1400492567,Blue Dream / 1g,Cartridge,Cartridge,STIIIZY,"https://leafly-public.imgix.net/menu/z5wsB4tlSKuqwqOStEMU_C678403F-B331-43A4-A0FA-76E69F348046.jpeg?auto=compress,format&w=450&dpr=2",1 gram,$55.00,,,[],THC 90.7%,CBD 0.1%,Hybrid," BLUE DREAM / SATIVA  · Taste: Berry, Fruity, Herbal · Feeling: Creative, Energizing, Euphoric · Description: A cross between Blueberry and Haze. Blue Dream is the perfect strain for concentrates due to its high THC filled resin content.",4.3,14.2k,"['Blue Burst / 1g', 'OG Kush / .5g', 'OG Kush / 1g', 'Skywalker OG / 1g', 'Sour Diesel / 1g', 'SFV OG / .5g', 'Do-Si-Dos / .5g', 'Do-Si-Dos / 1g']",[],"Updated February 2022  Blue Dream is a sativa-dominant hybrid marijuana strain made by crossing Blueberry with Haze. This strain produces a balanced high, along with effects such as cerebral stimulation and full-body relaxation. Blue dream is 18% THC but has a low CBD percentage, making this potent strain a fan favorite of both novice and veteran cannabis consumers. In terms of flavor, Blue Dream is reported to smell and taste like sweet berries. Medical marijuana patients often use Blue Dream to treat symptoms of depression, chronic pain, and nausea. According to home grow enthusiasts, this strain has an average flowering time of 67 days and is best suited to grow using the Sea of Green method. Blue Dream originated in California and has since achieved legendary status among West Coast strains and has quickly become one of the most-searched-for strains in the Leafly database. The average price per gram of Blue Dream is $20. Strains similar to Blue Dream include Blue Dream CBD, Double Dream, and Blue Magoo.",2022.10.21,Cali Care Group (San Jacinto)
53,https://www.leafly.com/dispensary-info/cali-care-group-san-jacinto/p/620796659/premium-jack--1g?variant=1400492588,Premium Jack / 1g,Cartridge,Cartridge,STIIIZY,"https://leafly-public.imgix.net/menu/810I5EmTRWQ7AoAAsZsA_37B76DF2-96C1-435E-BDF1-18D367314D61.jpeg?auto=compress,format&w=450&dpr=2",1 gram,$55.00,,,[],THC 90.0%,CBD 0.2%,Sativa,"Extracted from a variety of natural flora, STIIIZY’s botanically derived terpenes offer balanced aroma and taste to deliver a consistent experience every time. Our premium quality concentrates uphold a high level of purity, setting the industry standard to influence and inspire through innovative methods.

PREMIUM JACK / SATIVA
· Taste: Pine, Earthy, Sweet
· Feeling: Blissful, Creative, Uplifting
· Description: Premium Jack provides a blissful, clear-headed, and creative experience.
Pods
Aroused
Citrus
Creative
Earthy
Energetic",4.4,4817,"['Premium Jack / .5g ', 'Sour Diesel / 1g', 'SFV OG / .5g', 'Do-Si-Dos / .5g', 'Do-Si-Dos / 1g', 'Blue Burst / 1g', 'OG Kush / .5g', 'OG Kush / 1g']",[],"Jack Herer, also known as ""JH,"" ""The Jack,"" ""Premium Jack,"" and ""Platinum Jack"" is a sativa-dominant marijuana strain that has gained as much renown as its namesake, the marijuana activist and author of The Emperor Wears No Clothes. Combining a Haze hybrid with a Northern Lights #5 and Shiva Skunk cross, Sensi Seeds created Jack Herer hoping to capture both cerebral elevation and heavy resin production. Its rich genetic background gives rise to several different variations of Jack Herer, each phenotype bearing its own unique features and effects. However, consumers typically describe this 55% sativa hybrid as blissful, clear-headed, and creative.

Jack Herer was created in the Netherlands in the mid-1990s, where it was later distributed by Dutch pharmacies as a recognized medical-grade strain. Since then, this spicy, pine-scented strain has taken home numerous awards for its quality and potency. Many breeders have attempted to cultivate this staple strain themselves in sunny or Mediterranean climates, and indoor growers should wait 50 to 70 days for Jack Herer to flower.",2022.10.21,Cali Care Group (San Jacinto)
54,https://www.leafly.com/dispensary-info/cali-care-group-san-jacinto/p/620796832/uncle-jerry-preroll--1g?variant=1400492806,Uncle Jerry Preroll / 1g,Preroll,PreRoll,Uncle Jerry ,"https://leafly-public.imgix.net/menu/AstUu8HpQA2RxPaRs77o_2A533EEF-0DD0-4F9C-8FE5-87FCFEFBBB42.jpeg?auto=compress,format&w=450&dpr=2",each,$10.00,,,[],THC —,CBD —,,CCG exclusive!! Get that old school quality from a brand you can trust. ,,,"['Blue Dream / 40’s Preroll Multi-Pack', 'First Aid Kit / 8pk', 'Crumble Infused Preroll / 1g', 'Skywalker OG / .5 g / 40’s Preroll Multi-Pack', 'Blue Burst / 40’s Preroll Multi-Pack', 'Blue Dream /4g', 'Dosilato / 3.5g Ground', 'Volcanic Orange Mango  / 100mg']",[],,2022.10.21,Cali Care Group (San Jacinto)
55,https://www.leafly.com/dispensary-info/cali-care-group-san-jacinto/p/620796834/crumble-infused-preroll--1g?variant=1400492808,Crumble Infused Preroll / 1g,Preroll,PreRoll,Lucky Fortune,"https://connect-files-public.s3.amazonaws.com/1e9ef929-9b7c-4fe2-bdd0-a5350f5c9cc5.jpeg?auto=compress,format&w=450&dpr=2",each,$15.00,,,[],THC 0.0mg,CBD 0.0mg,,Hand rolled  crumble infused Preroll,,,"['Blue Dream / 40’s Preroll Multi-Pack', 'Uncle Jerry Preroll / 1g', 'First Aid Kit / 8pk', 'Skywalker OG / .5 g / 40’s Preroll Multi-Pack', 'Blue Burst / 40’s Preroll Multi-Pack', 'Blue Dream /4g', 'Dosilato / 3.5g Ground', 'Volcanic Orange Mango  / 100mg']",[],,2022.10.21,Cali Care Group (San Jacinto)
56,https://www.leafly.com/dispensary-info/cali-care-group-san-jacinto/p/620796833/first-aid-kit--8pk?variant=1400492807,First Aid Kit / 8pk,Preroll,PreRoll,CCG,"https://leafly-public.imgix.net/menu/c444AdJSyeqVP7dbWmGg_13D56EEA-A9DE-4D7A-8E0A-8CC365D27F5C.jpeg?auto=compress,format&w=450&dpr=2",each,$30.00,,,[],THC —,CBD —,,The original small preroll pack! 8 - .75g prerolls plus a lighter to get through the day. ,,,"['Blue Dream /4g', 'Blue Dream / 40’s Preroll Multi-Pack', 'Lemon Cherry Gelato / 4g', 'Uncle Jerry Preroll / 1g', 'Crumble Infused Preroll / 1g', 'Jokerz / 4g', 'Skywalker OG / .5 g / 40’s Preroll Multi-Pack', 'Blue Burst / 40’s Preroll Multi-Pack']",[],,2022.10.21,Cali Care Group (San Jacinto)
57,https://www.leafly.com/dispensary-info/cali-care-group-san-jacinto/p/620796823/blue-dream--40s-preroll-multi-pack?variant=1400492797,Blue Dream / 40’s Preroll Multi-Pack,Preroll,PreRoll,STIIIZY,"https://leafly-public.imgix.net/menu/nCXY8EZvQDWMV9hLX3dQ_52C9F380-B48C-41CB-9805-4444068FDD79.jpeg?auto=compress,format&w=450&dpr=2",each,$40.00,,,[],THC 40.5%,CBD 0.1%,Hybrid,"Elevate your pre-roll game. Stiiizy 40s pre-rolls are setting the standard with high potency, cannabis infused joints coated evenly with kief. Using our proprietary live resin infusion methods, we’ve designed every pre-roll to offer 40%+ THC potency with a unique flavor profile. With a smooth inhale and tasteful exhale, each and every Stiiizy 40 is packed with indoor grown flower, specifically made to ensure a potent and long-lasting high. Spark up the 40s.

BLUE DREAM / SATIVA

Taste: Blueberry

Description: The Blue Dream 40s confidently gives you a burst of blueberry flavor with a high potency to ensure a smooth inhale followed by a tasteful exhale.

Feeling: Relaxed, Happy, Uplifted",4.3,14.2k,"['Skywalker OG / .5 g / 40’s Preroll Multi-Pack', 'Blue Burst / 40’s Preroll Multi-Pack', 'Blue Dream / .5g', 'Blue Dream / 1g', 'Blue Dream /4g', 'Watermelon Wave Gummies / 100mg', 'Starter Kit Battery / Black', 'Pineapple Express / 1g ']",[],,2022.10.21,Cali Care Group (San Jacinto)
58,https://www.leafly.com/dispensary-info/cali-care-group-san-jacinto/p/620796660/skywalker-og--5-g--40s-preroll-multi-pack?variant=1400492589,Skywalker OG / .5 g / 40’s Preroll Multi-Pack,Preroll,PreRoll,STIIIZY,"https://leafly-public.imgix.net/menu/fRXPAS5SvObtTAzHpleH_7CF2E305-8D12-4150-9E73-02C1740E629F.jpeg?auto=compress,format&w=450&dpr=2",each,$40.00,,,[],THC —,CBD —,,"Stiiizy is setting the standard in the pre-roll game with the most revolutionary and innovative products.



Elevate your pre-roll game. Stiiizy 40s pre-rolls are setting the standard with high potency, cannabis infused joints coated evenly with kief. Using our proprietary live resin infusion methods, we’ve designed every pre-roll to offer 40%+ THC potency with a unique flavor profile. With a smooth inhale and tasteful exhale, each and every Stiiizy 40 is packed with indoor grown flower, specifically made to ensure a potent and long-lasting high. Spark up the 40s.



SKYWALKER OG / INDICA



Taste: Earthy, Diesel



Description: With its profound diesel and gassy aroma, Skywalker OG is known for its effects and flavorful aftertaste. With the extra kief coat on our 40s, Skywalker OG is sure to keep you feeling like you’re floating in space.



Feeling: Relaxed, Sleepy, Happy",,,"['Blue Dream / 40’s Preroll Multi-Pack', 'Blue Burst / 40’s Preroll Multi-Pack', 'Watermelon Wave Gummies / 100mg', 'Starter Kit Battery / Black', 'Pineapple Express / 1g ', 'Sour Diesel / 1g', 'SFV OG / .5g', 'Do-Si-Dos / .5g']",[],,2022.10.21,Cali Care Group (San Jacinto)
59,https://www.leafly.com/dispensary-info/cali-care-group-san-jacinto/p/620796822/blue-burst--40s-preroll-multi-pack?variant=1400492796,Blue Burst / 40’s Preroll Multi-Pack,Preroll,PreRoll,STIIIZY,"https://connect-files-public.s3.amazonaws.com/c70d4dae-38c6-4a0d-98da-aae8ed1f9376.jpeg?auto=compress,format&w=450&dpr=2",each,$40.00,,,[],THC 86.6%,CBD 0.3%,Hybrid,"Elevate your pre-roll game. Stiiizy 40s pre-rolls are setting the standard with high potency, cannabis infused joints coated evenly with kief. Using our proprietary live resin infusion methods, we’ve designed every pre-roll to offer 40%+ THC potency with a unique flavor profile. With a smooth inhale and tasteful exhale, each and every Stiiizy 40 is packed with indoor grown flower, specifically made to ensure a potent and long-lasting high. Spark up the 40s.

BLUE BURST / HYBRID

Taste: Blue Raspberry

Description: Named for its delicious and powerful flavor, our Blue Burst 40s are known for its blue raspberry flavor with hints of citrus on every exhale. Blue Burst 40s will have you taking flight on a balanced and pleasant cerebral high.

Feeling: Relaxed, Uplifted, Creative",4.7,48,"['Blue Dream / 40’s Preroll Multi-Pack', 'Blue Burst / 1g', 'Skywalker OG / .5 g / 40’s Preroll Multi-Pack', 'Blue Burst / .5g', 'Watermelon Wave Gummies / 100mg', 'Starter Kit Battery / Black', 'Watermelon Z / 1g', 'Orange Sunset / .5G']",[],"Blue Burst is a hybrid marijuana strain. We’re still learning about the flavors and effects of Blue Burst. If you’ve smoked this strain before, tell us about it by leaving a review.",2022.10.21,Cali Care Group (San Jacinto)
60,https://www.leafly.com/dispensary-info/cali-care-group-san-jacinto/p/620796835/starter-kit-battery--black?variant=1400492809,Starter Kit Battery / Black,Accessory,Accessory,STIIIZY,"https://connect-files-public.s3.amazonaws.com/2ea8e02b-3acb-425f-8e05-e2a3f0a149b7.jpeg?auto=compress,format&w=450&dpr=2",each,$20.00,,,[],THC 0.0%,CBD 0.0%,,"STARTER KIT INCLUDES:

Official Original STIIIZY Battery
USB Charging Cable
210mAh Rechargeable Battery
USB Charging Port
Voltage: 3.2+\-0.1V
*Pods sold separately
 ",,,"['BIIIG Battery / Black', 'Starter Kit Battery / White', 'Watermelon Wave Gummies / 100mg', 'Pineapple Express / 1g ', 'Sour Diesel / 1g', 'SFV OG / .5g', 'Do-Si-Dos / .5g', 'Do-Si-Dos / 1g']",[],,2022.10.21,Cali Care Group (San Jacinto)
61,https://www.leafly.com/dispensary-info/cali-care-group-san-jacinto/p/620796674/starter-kit-battery--white?variant=1400492604,Starter Kit Battery / White,Accessory,Accessory,STIIIZY,"https://connect-files-public.s3.amazonaws.com/ff333379-b41c-4fea-8c9c-8af7f75dbecc.jpeg?auto=compress,format&w=450&dpr=2",each,$20.00,,,[],THC 0.0%,CBD 0.0%,,"STARTER KIT INCLUDES:

Official Original STIIIZY Battery
USB Charging Cable
210mAh Rechargeable Battery
USB Charging Port
Voltage: 3.2+\-0.1V
*Pods sold separately
",,,"['Starter Kit Battery / Black', 'BIIIG Battery / Black', 'Watermelon Wave Gummies / 100mg', 'Watermelon Z / 1g', 'Blue Dream / 40’s Preroll Multi-Pack', 'Orange Sunset / .5G', 'Papaya / Live Resin / .5g', 'Blue Burst / 1g']",[],,2022.10.21,Cali Care Group (San Jacinto)
62,https://www.leafly.com/dispensary-info/cali-care-group-san-jacinto/p/620796763/biiig-battery--black?variant=1400492719,BIIIG Battery / Black,Accessory,Accessory,STIIIZY,"https://connect-files-public.s3.amazonaws.com/81758639-761c-41f9-9094-3ad9f9e10428.jpeg?auto=compress,format&w=450&dpr=2",each,$35.00,,,[],THC 0.0%,CBD 0.0%,,"ADVANCED KIT INCLUDES:

Official BIIIG STIIIIZY Battery
USB Charging Cable
550mAh Rechargeable Battery
USB Charging Port
Voltage: 3.4+\-0.1V
*Pods sold separately",,,"['Starter Kit Battery / Black', 'Starter Kit Battery / White', 'Watermelon Wave Gummies / 100mg', 'Pineapple Express / 1g ', 'Sour Diesel / 1g', 'SFV OG / .5g', 'Do-Si-Dos / .5g', 'Do-Si-Dos / 1g']",[],,2022.10.21,Cali Care Group (San Jacinto)
