﻿Index,Link,Name,Label,Category,Brand,Image,Unit,Price,OrginalPrice,Discount,OtherAmount,THC,CBD,Lineage,Description,Rating,Reviewnum,Alsolike,Similar,Strain,ScrapeTime,Store name
0,https://www.leafly.com/dispensary-info/cali-care-group-redlands/p/621954704/halloweed-contest-details?variant=1498666039,Halloweed Contest Details,Flower,Flower,Cali Care Group,"https://leafly-public.imgix.net/menu/7cIXkjt3QFy55Zl2ZJd0_Screenshot%202022-10-14%202.34.07%20PM.png?auto=compress,format&w=450&dpr=2",½ ounce,$0.01,,,[],THC 99.0%,CBD —,,"Spend $40 or more on your order and receive (1) raffle ticket per order. 1 winner per route. Must be 21+ and a resident of California to be eligible. 

Winners will be selected randomly and will be announced on 11.1.22 via text and CCG IG. If a winner does not claim their prize within 48 hours, the prize will be forfeited and a new winner will be selected. Prizes will be available for delivery by your CCG Delivery Driver. 

Good Luck!

Each winner will receive:

(1) Hell Yeah Dude | 5g flower
(1) Hell Yeah Dude | wax concentrate
(2) Spicy Gil | Spunky Blunts
(2) Lucky Fortune | Infused pre roll
(2) Uncle Jerry | Top shelf pre roll
(1) Major | 100mg Cannabis Drink
(2) Sukar | 1g concentrate
(1) Yada Yada | THC vape cartridge
(1) Yada Yada | 3.5g flower
And a few surprises also included",,,"['SFV Og / 4g', 'Lemon Bean / Popcorn / 14g', 'GG4 / Popcorn  / 14g', 'Tres Leches / Smalls / 2g', 'GG4 / 10g Smalls', 'Cherry Do-Si-Do / 5g Smalls', 'Cherry Do-Si-Do / 10g Smalls', 'Mango Kush / 5g Smalls']",[],,2022.10.21,Cali Care Group (Redlands)
1,https://www.leafly.com/dispensary-info/cali-care-group-redlands/p/621954401/sfv-og--4g?variant=1498665641,SFV Og / 4g,Hybrid flower,Flower,CCG,"https://leafly-public.imgix.net/menu/vmfuMsNJSI6egvFO084l_9B2C29FD-9820-4A48-AADE-C71381006529.jpeg?auto=compress,format&w=450&dpr=2",4 grams,$40.00,,,[],THC 31.9%,CBD 0.7%,Hybrid,"SFV OG, also known as ""San Fernando Valley OG,"" ""San Fernando Valley Kush,"" and ""San Fernando Valley"" is a sativa-dominant hybrid marijuana strain from Cali Connection that is great for patients who need strong pain relief but don’t want to be stuck on the couch. As the name indicates, this OG Kush relative originates from California’s San Fernando Valley. Although their names are barely distinguishable, SFV OG Kush is actually the Afghani-crossed child to SFV OG.",4.4,903,"['Mindfuck OG / 4g', 'Joker31 | 4g', 'Mac 1 | 4g', 'OG Kush | 4g', 'French Toast / 4g', 'GG4 / Popcorn  / 14g', 'Lemon Bean / Popcorn / 14g', 'Orange Gelato / 5g']",[],"SFV OG, also known as ""San Fernando Valley OG,"" ""San Fernando Valley Kush,"" and ""San Fernando Valley"" is a sativa-dominant hybrid marijuana strain from Cali Connection that is great for patients who need strong pain relief but don’t want to be stuck on the couch. As the name indicates, this OG Kush relative originates from California’s San Fernando Valley. Although their names are barely distinguishable, SFV OG Kush is actually the Afghani-crossed child to SFV OG. Leading with aromatic notes of earthy pine and lemon, its body effects take a little longer to feel than the initial head haziness.",2022.10.21,Cali Care Group (Redlands)
2,https://www.leafly.com/dispensary-info/cali-care-group-redlands/p/621954707/sour-jack--smalls--2g?variant=1498666041,Sour Jack / Smalls / 2g ,Sativa flower,Flower,Best ,"https://leafly-public.imgix.net/menu/88qiqRoESuKNddrKhMiQ_E5849649-822F-4169-B8F1-767609E7B0E1.jpeg?auto=compress,format&w=450&dpr=2",2 grams,$20.00,,,[],THC —,CBD —,Sativa,"Sour Jack, one-half Sour Diesel one-half and Jack Herer, takes its name from its parents. It has developed a solid reputation and is highlighted by an intense aroma and profound cerebral effects. After combining the two sativa-dominant strains, we are left with an amazing combination of tropical, sweet flavors that mix with pungent tones of citrus and diesel. The uplifting effects can provide a spark of energy and minimize body fatigue. Sour Jack is a great strain to fight off depression and to help you stay active.",4.5,227,"['Tres Leches / Smalls / 2g', 'SFV Og / 4g', 'Lemon Bean / Popcorn / 14g', 'GG4 / Popcorn  / 14g', 'CCG Exclusive / Animal Face / 2g', 'Mindfuck OG / 4g', 'Orange Gelato / 5g', 'Og Kush / Popcorn  / 14g']",[],,2022.10.21,Cali Care Group (Redlands)
3,https://www.leafly.com/dispensary-info/cali-care-group-redlands/p/621954702/melonatta--smalls--35g?variant=1498666037,Melonatta | Smalls | 3.5g,Hybrid flower,Flower,Canna Valley,"https://leafly-public.imgix.net/menu/s9Fvd7zwToywqpB7cx6Y_Screenshot%202022-10-14%2011.59.45%20AM.png?auto=compress,format&w=450&dpr=2",⅛ ounce,$20.00,,,[],THC 22.8%,CBD —,Hybrid,"Love child of Watermelon Zkittlez and Lemon Tree. It's a Sativa-dominant hybrid.

Indoor Flower.",4.5,17,"['SFV Og / 4g', 'Lemon Bean / Popcorn / 14g', 'GG4 / Popcorn  / 14g', 'CCG Exclusive / Animal Face / 2g', 'Mindfuck OG / 4g', 'Orange Gelato / 5g', 'Sour Jack / Smalls / 2g ', 'Og Kush / Popcorn  / 14g']",[],,2022.10.21,Cali Care Group (Redlands)
4,https://www.leafly.com/dispensary-info/cali-care-group-redlands/p/621954393/ice-cream-cake--2g-smalls?variant=1498665624,Ice Cream Cake / 2g Smalls,Indica flower,Flower,Yada Yada,"https://leafly-public.imgix.net/menu/XioVDwDVSI2ZALPUsh2t_1648503237-cdsd_35g.jpg?auto=compress,format&w=450&dpr=2",2 grams,$20.00,,,[],THC 25.5%,CBD —,Indica,"Yada Yada is for people who just want to pop in, get some really good flower for a really good price, then go get high — Easy Breezy. 
As you might guess from the name, this strain has a nice, creamy flavor profile with a cookie-dough aftertaste. It's an interesting high that really sedates your body but doesn't overly cloud your mind, making a good pick for deep thoughts and late-night relaxation.",4.6,1009,"['GG4 / 10g Smalls', 'Cherry Do-Si-Do / 5g Smalls', 'Cherry Do-Si-Do / 10g Smalls', 'Mango Kush / 5g Smalls', 'Apricot Haze / 10g Smalls', 'Peanut Butter Breath / 10g Smalls', 'SFV Og / 4g', 'Lemon Bean / Popcorn / 14g']",['Peanut Butter Breath / 10g Smalls'],"Ice Cream Cake is an indica marijuana strain made by crossing Wedding Cake with Gelato #33. This strain offers sedating effects that leave your mind and body completely relaxed. Ice Cream Cake features a creamy flavor profile with sweet hints of vanilla and sugary dough. This strain is reported by medical marijuana patients and consumers to have calming effects that help with pain, sleep, and anxiety. Ice Cream Cake weed is ideal for night time use when you have nothing important to do except watch TV and fall asleep. Growers say this strain has light green and purple buds that are completely flushed with icy trichomes.    Ice Cream Cake Growing Info Ice Cream Cake is a popular strain choice for both intermediate and advanced growers. This strain can be grown indoors and outdoors. You can expect a flowering time of 8-9 weeks. Ice Cream Cake weed offers a large yield and tends to grow medium-tall.",2022.10.21,Cali Care Group (Redlands)
5,https://www.leafly.com/dispensary-info/cali-care-group-redlands/p/621954385/tres-leches--smalls--2g?variant=1498665602,Tres Leches / Smalls / 2g,Hybrid flower,Flower,Best ,"https://leafly-public.imgix.net/menu/rrNISEZR22rJ7oG3OpAE_C09F67B6-3746-4713-9846-1ACE8C9748A6.jpeg?auto=compress,format&w=450&dpr=2",2 grams,$25.00,,,[],THC 28.8%,CBD 0.7%,Hybrid,"Tres Leches is a sativa-dominant hybrid marijuana strain made by crossing Koolato with Cookies and Cream. This strain produces uplifting and energetic effects and pairs well with productive activities like creative thinking or simply getting your chores done. Tres Leches features an aromatic floral flavor profile with subtle notes of cinnamon, citrus, and lavender. Medical marijuana patients choose Tres Leches to relieve symptoms associated with appetite loss, stress, and fatigue. ",4.8,14,"['Sour Jack / Smalls / 2g ', 'SFV Og / 4g', 'Lemon Bean / Popcorn / 14g', 'GG4 / Popcorn  / 14g', 'GG4 / 10g Smalls', 'Cherry Do-Si-Do / 5g Smalls', 'Cherry Do-Si-Do / 10g Smalls', 'Mango Kush / 5g Smalls']",[],,2022.10.21,Cali Care Group (Redlands)
6,https://www.leafly.com/dispensary-info/cali-care-group-redlands/p/621954402/ccg-exclusive--animal-face--2g?variant=1498665642,CCG Exclusive / Animal Face / 2g,Hybrid flower,Flower,CCG ,"https://leafly-public.imgix.net/menu/zGJQOEsETPqhL8qcK6lU_6DBC8490-AA1E-458B-BEEA-96755751C6D1.jpeg?auto=compress,format&w=450&dpr=2",2 grams,$30.00,,,[],THC 30.2%,CBD 0.9%,Hybrid," Animal Face, also known as ""Animal Face #10,"" is a rare sativa-dominant hybrid marijuana strain made by crossing Face Off OG and Animal Mints. It takes the piney, gassy terpene profile and potent high from Face Off OG and pairs it with the cookie-flavored smoothness of Animal Mints. Animal Face weed is known for giving a full mind and body-numbing high that lets you drift off into physical and mental bliss. ",4.6,68,"['SFV Og / 4g', 'Lemon Bean / Popcorn / 14g', 'GG4 / Popcorn  / 14g', 'Tres Leches / Smalls / 2g', 'GG4 / 10g Smalls', 'Cherry Do-Si-Do / 5g Smalls', 'Cherry Do-Si-Do / 10g Smalls', 'Mango Kush / 5g Smalls']","['Cookie Dough | 5 g', ' Black Cherry Punch | 5g']",,2022.10.21,Cali Care Group (Redlands)
7,https://www.leafly.com/dispensary-info/cali-care-group-redlands/p/621954461/orange-gelato--5g?variant=1498665811,Orange Gelato / 5g,Flower,Flower,HYD,"https://leafly-public.imgix.net/menu/hcr2euWT6y3f1E9mDRpj_F64036CF-4B62-43B7-B4F3-6437DD888080.jpeg?auto=compress,format&w=450&dpr=2",5.66 grams,$30.00,,,[],THC 31.0%,CBD 0.1%,,"Orange Gelato / 5g, Flower - THC 31.02%, CBD 0.12%",,,"[' Black Cherry Punch | 5g', 'Cookie Dough | 5 g', 'SFV Og / 4g', 'Pepper Mintz / Sauce / 1g * BOGO *', 'Lemon Bean / Popcorn / 14g', 'GG4 / Popcorn  / 14g', 'Tres Leches / Smalls / 2g', 'GG4 / 10g Smalls']",[],,2022.10.21,Cali Care Group (Redlands)
8,https://www.leafly.com/dispensary-info/cali-care-group-redlands/p/621954583/juice-z--35g?variant=1498665969,Juice Z / 3.5g,Flower,Flower,High Supply,"https://connect-files-public.s3.amazonaws.com/9baf0e51-c73e-473c-91c2-1c96bf2b9760.jpeg?auto=compress,format&w=450&dpr=2",⅛ ounce,$30.00,,,[],THC 27.4%,CBD 0.1%,,"Full-sized nugs for the true cannabis enthusiast. Our flower is machine-trimmed and comes in easy to share sizes, all offering a great sativa, hybrid, or indica experience.",,,"['Lemon Bean / Popcorn / 14g', 'GG4 / Popcorn  / 14g', 'SFV Og / 4g', 'CCG Exclusive / Animal Face / 2g', 'Mindfuck OG / 4g', 'Lime Sorbet / 7pk', 'Orange Gelato / 5g', 'Sour Jack / Smalls / 2g ']",[],,2022.10.21,Cali Care Group (Redlands)
9,https://www.leafly.com/dispensary-info/cali-care-group-redlands/p/621954554/black-cherry-punch--5g?variant=1498665934, Black Cherry Punch | 5g,Hybrid flower,Flower,HYD,"https://leafly-public.imgix.net/menu/QFDJf4SjQJaLClhYwghD_Super%20Boof.jpg?auto=compress,format&w=450&dpr=2",5.66 grams,$30.00,,,[],THC 36.8%,CBD 0.3%,Hybrid," Black Cherry Punch | 5g, Flower - THC 36.82%, CBD 0.27%",4.7,69,"['Orange Gelato / 5g', 'Cookie Dough | 5 g', 'SFV Og / 4g', 'Pepper Mintz / Sauce / 1g * BOGO *', 'Lemon Bean / Popcorn / 14g', 'GG4 / Popcorn  / 14g', 'CCG Exclusive / Animal Face / 2g', 'Mindfuck OG / 4g']",['CCG Exclusive / Animal Face / 2g'],,2022.10.21,Cali Care Group (Redlands)
10,https://www.leafly.com/dispensary-info/cali-care-group-redlands/p/621954567/cookie-dough--5-g?variant=1498665950,Cookie Dough | 5 g,Hybrid flower,Flower,HYD,"https://leafly-public.imgix.net/menu/u4pmQlZUTG4NZuKPDDKy_Lambs%20Dough.jpg?auto=compress,format&w=450&dpr=2",5.66 grams,$30.00,,,[],THC 21.1%,CBD 0.1%,Hybrid,"Cookie Dough is a potent hybrid marijuana strain made from a Girl Scout Cookies phenotype. This strain offers medical-grade sedation throughout the body and mind, although some consumers say it makes them feel speedy. Cookie Dough will give you the munchies while and dulling physical pain. This strain is best reserved for users with a high THC tolerance as the effects may be overwhelming to a novice.",4.5,91,"['Orange Gelato / 5g', ' Black Cherry Punch | 5g', 'SFV Og / 4g', 'Pepper Mintz / Sauce / 1g * BOGO *', 'Lemon Bean / Popcorn / 14g', 'GG4 / Popcorn  / 14g', 'CCG Exclusive / Animal Face / 2g', 'Mindfuck OG / 4g']",[],,2022.10.21,Cali Care Group (Redlands)
11,https://www.leafly.com/dispensary-info/cali-care-group-redlands/p/621954392/cherry-do-si-do--5g-smalls?variant=1498665622,Cherry Do-Si-Do / 5g Smalls,Flower,Flower,Yada Yada,"https://leafly-public.imgix.net/menu/iyiLvXnaRqKCh7w6Om0R_1648503237-cdsd_35g.jpg?auto=compress,format&w=450&dpr=2",5.66 grams,$35.00,,,[],THC 29.1%,CBD —,,"Yada Yada is for people who just want to pop in, get some really good flower for a really good price, then go get high — Easy Breezy. 
A lot of people fall in love at first sight with this strain because of its rich, purple hues, and vibrant trichomes. It's an indica-dominant hybrid that calms you down but doesn't hit you over the head.",,,"['Cherry Do-Si-Do / 10g Smalls', 'GG4 / 10g Smalls', 'Mango Kush / 5g Smalls', 'Apricot Haze / 10g Smalls', 'Peanut Butter Breath / 10g Smalls', 'Ice Cream Cake / 2g Smalls', 'SFV Og / 4g', 'Lemon Bean / Popcorn / 14g']",[],,2022.10.21,Cali Care Group (Redlands)
12,https://www.leafly.com/dispensary-info/cali-care-group-redlands/p/621954395/mango-kush--5g-smalls?variant=1498665629,Mango Kush / 5g Smalls,Hybrid flower,Flower,Yada Yada,"https://leafly-public.imgix.net/menu/nAUhDfeTsyXNlGN2b5xw_1648503237-cdsd_35g.jpg?auto=compress,format&w=450&dpr=2",5.66 grams,$35.00,,,[],THC 27.0%,CBD —,Hybrid,"Yada Yada is for people who just want to pop in, get some really good flower for a really good price, then go get high — Easy Breezy.  
This classic smokes like a pine-tar-powered booster rocket and the high is like getting a full body massage while lying face-down in a salad bar. A solid go-to for relaxation, goofy conversation, and seeing the humor in pretty much everything.",4.2,1227,"['GG4 / 10g Smalls', 'Cherry Do-Si-Do / 5g Smalls', 'Cherry Do-Si-Do / 10g Smalls', 'Apricot Haze / 10g Smalls', 'Peanut Butter Breath / 10g Smalls', 'Ice Cream Cake / 2g Smalls', 'SFV Og / 4g', 'Lemon Bean / Popcorn / 14g']",[],,2022.10.21,Cali Care Group (Redlands)
13,https://www.leafly.com/dispensary-info/cali-care-group-redlands/p/621954403/mindfuck-og--4g?variant=1498665644,Mindfuck OG / 4g,Flower,Flower,CCG,"https://leafly-public.imgix.net/shared-web-images/product-type-icons/menu_flower_1.png?auto=compress,format&w=450&dpr=2",4 grams,$40.00,,,[],THC —,CBD —,,"Mindfuck OG / 4g, Flower ",,,"['SFV Og / 4g', 'French Toast / 4g', 'Joker31 | 4g', 'Mac 1 | 4g', 'OG Kush | 4g', 'GG4 / Popcorn  / 14g', 'Lemon Bean / Popcorn / 14g', 'Orange Gelato / 5g']",[],,2022.10.21,Cali Care Group (Redlands)
14,https://www.leafly.com/dispensary-info/cali-care-group-redlands/p/621954400/french-toast--4g?variant=1498665639,French Toast / 4g,Hybrid flower,Flower,CCG,"https://leafly-public.imgix.net/menu/3E2iH4n3QAKRVkqzlZQK_70AC0704-00E9-4953-BB98-50B50BAF5D20.jpeg?auto=compress,format&w=450&dpr=2",4 grams,$40.00,,,[],THC 31.1%,CBD 0.2%,Hybrid,"French Toast is a hybrid marijuana strain. We're still learning about the flavors and effects of French Toast - if you've smoked, ",4.7,27,"['SFV Og / 4g', 'Mindfuck OG / 4g', 'Joker31 | 4g', 'Mac 1 | 4g', 'OG Kush | 4g', 'Lemon Bean / Popcorn / 14g', 'GG4 / Popcorn  / 14g', 'CCG Exclusive / Animal Face / 2g']",[],,2022.10.21,Cali Care Group (Redlands)
15,https://www.leafly.com/dispensary-info/cali-care-group-redlands/p/621954404/joker31--4g?variant=1498665646,Joker31 | 4g,Flower,Flower,CCG,"https://leafly-public.imgix.net/menu/YFxYnJVNSDagqXxn6Isi_EDC98435-DB39-4054-BE7A-CB536A836C0F.jpeg?auto=compress,format&w=450&dpr=2",4 grams,$40.00,,,[],THC 32.8%,CBD 0.7%,,"Joker31 | 4g, Flower - THC 32.8%, CBD 0.66%",,,"['SFV Og / 4g', 'Mindfuck OG / 4g', 'French Toast / 4g', 'Mac 1 | 4g', 'OG Kush | 4g', 'Lemon Bean / Popcorn / 14g', 'GG4 / Popcorn  / 14g', 'Tres Leches / Smalls / 2g']",[],,2022.10.21,Cali Care Group (Redlands)
16,https://www.leafly.com/dispensary-info/cali-care-group-redlands/p/621954405/mac-1--4g?variant=1498665649,Mac 1 | 4g,Hybrid flower,Flower,CCG,"https://leafly-public.imgix.net/menu/wMXRhKwhS1aIFbZaMiGQ_MAC%201.JPG?auto=compress,format&w=450&dpr=2",4 grams,$40.00,,,[],THC —,CBD —,Hybrid,"Mac 1, also known as ""The MAC,"" is a hybrid marijuana strain that crosses Alien Cookies F2 with Miracle 15. Mac 1 is a popular strain that consumers turn to for upbeat and balancing effects. But Mac 1 is special because not just anyone can grow it. In fact, growers of Mac 1 (Capulator's Cut) have been carefully selected by the breeder in order to protect the quality of this versitile flower. Mac 1 is an instagram worthy strain, with eye-poppingly gorgeous buds that are nearly white and drenched in milky trichomes. Mac 1 comes through with a smooth, creamy, and funky terpene profile you can enjoy day and night. ",4.7,341,"['SFV Og / 4g', 'Mindfuck OG / 4g', 'Joker31 | 4g', 'OG Kush | 4g', 'French Toast / 4g', 'Lemon Bean / Popcorn / 14g', 'GG4 / Popcorn  / 14g', 'Tres Leches / Smalls / 2g']",[],,2022.10.21,Cali Care Group (Redlands)
17,https://www.leafly.com/dispensary-info/cali-care-group-redlands/p/621954406/og-kush--4g?variant=1498665650,OG Kush | 4g,Hybrid flower,Flower,CCG,"https://leafly-public.imgix.net/menu/2fHFPC8rRbyzGOA9a9Rp_OG%20Kush.JPG?auto=compress,format&w=450&dpr=2",4 grams,$40.00,,,[],THC —,CBD —,Hybrid,"OG Kush, also known as ""Premium OG Kush,"" was first cultivated in Florida in the early ‘90s when a marijuana strain from Northern California was supposedly crossed with Chemdawg, Lemon Thai and a Hindu Kush plant from Amsterdam. The result was a hybrid with a unique terpene profile that boasts a complex aroma with notes of fuel, skunk, and spice. OG often refers to “Original Gangster,” indicating either the strain’s authenticity or intensity.  OG Kush should smell like lemon-pine-fuel with a high-THC, mixed head and body effect. It's often enjoyed in the back half of the day to ease stress.

The genetic backbone of West Coast cannabis varieties, OG Kush arrived in Los Angeles in 1996 when Matt “Bubba” Berger brought it (along with “The Bubba,” which was later used to create the famed Bubba Kush) from Florida to legendary cultivator Josh D. Since then, OG Kush has become a worldwide staple used to create numerous famous strains like GSC and Headband. There are many different phenotypes of OG Kush weed, including Tahoe OG, SFV OG, and Ghost OG.",4.3,5458,"['SFV Og / 4g', 'Og Kush / Popcorn  / 14g', 'Mindfuck OG / 4g', 'Joker31 | 4g', 'Mac 1 | 4g', 'French Toast / 4g', 'GG4 / Popcorn  / 14g', 'Lemon Bean / Popcorn / 14g']",[],,2022.10.21,Cali Care Group (Redlands)
18,https://www.leafly.com/dispensary-info/cali-care-group-redlands/p/621954548/muscrow---skywalker-og--4g?variant=1498665922,MUSCROW - Skywalker OG / 4g,Hybrid flower,Flower,Muscrow,"https://connect-files-public.s3.amazonaws.com/f0b0e5b0-4334-47db-abcc-1df0e9d9c515.jpeg?auto=compress,format&w=450&dpr=2",4 grams,$45.00,,,[],THC 31.0%,CBD 0.1%,Hybrid,"MUSCROW - Skywalker OG / 4g, Flower - THC 31.02%, CBD 0.07%",4.5,1596,"['SFV Og / 4g', 'GG4 / Popcorn  / 14g', 'Skywalker OG / .5g', 'Lemon Bean / Popcorn / 14g', 'Orange Gelato / 5g', 'Og Kush / Popcorn  / 14g', 'CCG Exclusive / Animal Face / 2g', 'Mindfuck OG / 4g']",[],,2022.10.21,Cali Care Group (Redlands)
19,https://www.leafly.com/dispensary-info/cali-care-group-redlands/p/621954389/gg4--10g-smalls?variant=1498665615,GG4 / 10g Smalls,Flower,Flower,Yada Yada,"https://leafly-public.imgix.net/menu/ZIXP2wQ4S6aNXyVWcGKg_1648503237-cdsd_35g.jpg?auto=compress,format&w=450&dpr=2",½ ounce,$65.00,,,[],THC 26.5%,CBD —,,"Yada Yada is for people who just want to pop in, get some really good flower for a really good price, then go get high — Easy Breezy. 
Glue is a classic-perfect for chilling out in the evening while the day melts away. The heavy mocha flavors mixed with the diesel aroma is kind of like having a delivery truck full of coffee and chocolate idling in your mouth-but in a good way.",,,"['Cherry Do-Si-Do / 5g Smalls', 'Cherry Do-Si-Do / 10g Smalls', 'Mango Kush / 5g Smalls', 'Apricot Haze / 10g Smalls', 'Peanut Butter Breath / 10g Smalls', 'Ice Cream Cake / 2g Smalls', 'SFV Og / 4g', 'Lemon Bean / Popcorn / 14g']",[],,2022.10.21,Cali Care Group (Redlands)
20,https://www.leafly.com/dispensary-info/cali-care-group-redlands/p/621954394/cherry-do-si-do--10g-smalls?variant=1498665627,Cherry Do-Si-Do / 10g Smalls,Flower,Flower,Yada Yada,"https://leafly-public.imgix.net/menu/eNuke2wwQ3eG4jlCJ20J_1648502594-gc410g.jpg?auto=compress,format&w=450&dpr=2",½ ounce,$65.00,,,[],THC 26.4%,CBD —,,"Yada Yada is for people who just want to pop in, get some really good flower for a really good price, then go get high — Easy Breezy. 
A lot of people fall in love at first sight with this strain because of its rich, purple hues, and vibrant trichomes. It's an indica-dominant hybrid that calms you down but doesn't hit you over the head.",,,"['Cherry Do-Si-Do / 5g Smalls', 'GG4 / 10g Smalls', 'Mango Kush / 5g Smalls', 'Apricot Haze / 10g Smalls', 'Peanut Butter Breath / 10g Smalls', 'Ice Cream Cake / 2g Smalls', 'SFV Og / 4g', 'GG4 / Popcorn  / 14g']",[],,2022.10.21,Cali Care Group (Redlands)
21,https://www.leafly.com/dispensary-info/cali-care-group-redlands/p/621954390/apricot-haze--10g-smalls?variant=1498665617,Apricot Haze / 10g Smalls,Flower,Flower,Yada Yada,"https://leafly-public.imgix.net/menu/LZRo0fRJQF6E3CfGWmJ2_4C5C0975-343D-4782-9D3B-AB060E711681.jpeg?auto=compress,format&w=450&dpr=2",½ ounce,$65.00,,,[],THC 26.3%,CBD —,,"Yada Yada is for people who just want to pop in, get some really good flower for a really good price, then go get high — Easy Breezy. 
With a super citrusy flavor profile and energizing, brain-buzzing high, this is an easy strain to love. It’s a great smoke for wake & bake or creative sessions because you’ll be blissed out and energized but still have your feet on the ground.

",,,"['Apricot Haze / 1g', 'GG4 / 10g Smalls', 'Cherry Do-Si-Do / 5g Smalls', 'Cherry Do-Si-Do / 10g Smalls', 'Mango Kush / 5g Smalls', 'Peanut Butter Breath / 10g Smalls', 'Ice Cream Cake / 2g Smalls', 'SFV Og / 4g']",[],,2022.10.21,Cali Care Group (Redlands)
22,https://www.leafly.com/dispensary-info/cali-care-group-redlands/p/621954391/peanut-butter-breath--10g-smalls?variant=1498665619,Peanut Butter Breath / 10g Smalls,Hybrid flower,Flower,Yada Yada,"https://leafly-public.imgix.net/menu/tRMmuk7TeSQSK9StBobg_630EDA54-F657-419D-9614-5274106A1EE6.jpeg?auto=compress,format&w=450&dpr=2",½ ounce,$65.00,,,[],THC 27.6%,CBD —,Hybrid,"Yada Yada is for people who just want to pop in, get some really good flower for a really good price, then go get high — Easy Breezy. 
The journey starts with nutty, earthy terps and quickly moves into a head high that may lead to observations of questionable usefulness. But your focus will soon be directed to the tingles that spread throughout your body and then escort you to la-la land.",4.6,303,"['GG4 / 10g Smalls', 'Cherry Do-Si-Do / 5g Smalls', 'Cherry Do-Si-Do / 10g Smalls', 'Mango Kush / 5g Smalls', 'Apricot Haze / 10g Smalls', 'Ice Cream Cake / 2g Smalls', 'SFV Og / 4g', 'GG4 / Popcorn  / 14g']",['Ice Cream Cake / 2g Smalls'],,2022.10.21,Cali Care Group (Redlands)
23,https://www.leafly.com/dispensary-info/cali-care-group-redlands/p/621954454/gg4--popcorn---14g?variant=1498665793,GG4 / Popcorn  / 14g,Hybrid flower,Flower,High Supply,"https://leafly-public.imgix.net/products/photos/aEPdyV5RRavlKLLpGPjt_IndicaPopcorn14g.jpeg?auto=compress,format&w=450&dpr=2",½ ounce,$85.00,,,[],THC —,CBD —,Hybrid,"GG #4 is a potent indica strain that delivers heavy-handed euphoria and relaxation. Its chunky, resin-covered buds fill the room with pungent earthy and sour aromas. Ideal for pain relief, this strain has a soft onset with strong physical relaxing effects.

The perfect choice for the volume buyer, popcorn is made up of small buds that develop just beneath the plant's larger colas. While small in size, they pack a punch similar to their full-sized counterparts.",4.6,4989,"['Lemon Bean / Popcorn / 14g', 'Juice Z / 3.5g', 'SFV Og / 4g', 'Tres Leches / Smalls / 2g', 'GG4 / 10g Smalls', 'Cherry Do-Si-Do / 5g Smalls', 'Cherry Do-Si-Do / 10g Smalls', 'Mango Kush / 5g Smalls']",[],"Original Glue, also known as ""Gorilla Glue,"" ""Original Glue,"" ""GG4,"" and ""Gorilla Glue #4"" is a potent hybrid marijuana strain that delivers heavy-handed euphoria and relaxation, leaving you feeling “glued” to the couch. Gorilla Glue's chunky, resin-covered buds fill the room with pungent earthy and sour aromas inherited from its parent strains, Chem’s Sister, Sour Dubb, and Chocolate Diesel. Taking first place in both the Michigan and Los Angeles 2014 Cannabis Cups as well as the High Times Jamaican World Cup, this multiple award-winning strain's supremacy is no longer a secret, and consumers will search far and wide to get their hands sticky with Original Glue (GG4).",2022.10.21,Cali Care Group (Redlands)
24,https://www.leafly.com/dispensary-info/cali-care-group-redlands/p/621954451/lemon-bean--popcorn--14g?variant=1498665780,Lemon Bean / Popcorn / 14g,Sativa flower,Flower,High Supply,"https://leafly-public.imgix.net/products/photos/gphEtfVBTO6QdvhLzgpr_SativaPopcorn14g.jpeg?auto=compress,format&w=450&dpr=2",½ ounce,$85.00,,,[],THC 22.0%,CBD —,Sativa,"A 2021 Illinois High Times Cannabis Cup Award Winner from Cresco Cannabis in the Sativa Flower Category (2nd place). Citrus-forward and refreshing, Lemon Bean is a cross between Lemon Tree and OG Eddy. Sweet and zesty lemon aromas pair with sweet and hoppy notes on this palate. Effects onset like a sativa initially, and give way to a tingly, relaxing sensation.

The perfect choice for the volume buyer, popcorn is made up of small buds that develop just beneath the plant's larger colas. While small in size, it packs a punch similar to their full-sized counterparts.",4.4,65,"['GG4 / Popcorn  / 14g', 'Juice Z / 3.5g', 'SFV Og / 4g', 'Orange Gelato / 5g', 'Og Kush / Popcorn  / 14g', 'CCG Exclusive / Animal Face / 2g', 'Mindfuck OG / 4g', 'Lime Sorbet / 7pk']",[],,2022.10.21,Cali Care Group (Redlands)
25,https://www.leafly.com/dispensary-info/cali-care-group-redlands/p/621954546/og-kush--popcorn---14g?variant=1498665918,Og Kush / Popcorn  / 14g,Hybrid flower,Flower,High Supply ,"https://leafly-public.imgix.net/menu/8QlESJLbTm2eSfWoLnG1_984CF154-95FD-41C7-AC44-6B316F2372F8.jpeg?auto=compress,format&w=450&dpr=2",½ ounce,$85.00,,,[],THC 30.1%,CBD 0.1%,Hybrid,"INDICA - The perfect choice for the volume buyer, popcorn is made up of small buds that develop just beneath the plant's larger colas. While small in size, they pack a punch similar to their full-sized counterparts.",4.3,5458,"['OG Kush | 4g', 'SFV Og / 4g', 'Lemon Bean / Popcorn / 14g', 'GG4 / Popcorn  / 14g', 'Tres Leches / Smalls / 2g', 'GG4 / 10g Smalls', 'Cherry Do-Si-Do / 5g Smalls', 'Cherry Do-Si-Do / 10g Smalls']",['GG4 / Popcorn  / 14g'],"OG Kush, also known as ""Premium OG Kush,"" was first cultivated in Florida in the early ‘90s when a marijuana strain from Northern California was supposedly crossed with Chemdawg, Lemon Thai and a Hindu Kush plant from Amsterdam. The result was a hybrid with a unique terpene profile that boasts a complex aroma with notes of fuel, skunk, and spice. OG often refers to “Original Gangster,” indicating either the strain’s authenticity or intensity.  OG Kush should smell like lemon-pine-fuel with a high-THC, mixed head and body effect. It's often enjoyed in the back half of the day to ease stress.  The genetic backbone of West Coast cannabis varieties, OG Kush arrived in Los Angeles in 1996 when Matt “Bubba” Berger brought it (along with “The Bubba,” which was later used to create the famed Bubba Kush) from Florida to legendary cultivator Josh D. Since then, OG Kush has become a worldwide staple used to create numerous famous strains like GSC and Headband. There are many different phenotypes of OG Kush weed, including Tahoe OG, SFV OG, and Ghost OG.  OG Kush growing info    OG Kush is a popular strain choice for advanced growers. This strain can be grown indoors and outdoors. This strain grows best when the plants are able to grow large and are not confined to pots. OG Kush has a flowering time of 56 days. If grown outdoors, this plant will finish in early October. OG Kush offers a medium-size yield.",2022.10.21,Cali Care Group (Redlands)
26,https://www.leafly.com/dispensary-info/cali-care-group-redlands/p/621954709/pepper-mintz--sauce--1g--bogo-?variant=1498666043,Pepper Mintz / Sauce / 1g * BOGO *,Concentrate,Concentrate,HYD,"https://leafly-public.imgix.net/menu/KVFvMeGRdWhvRF444DQ6_DA330E77-AA3A-4004-994D-0E7B5761A0AE.jpeg?auto=compress,format&w=450&dpr=2",1 gram,$35.00,,,[],THC 76.5%,CBD 0.1%,,From your trusted brand...Hell Yeah Dude!!,,,"['Orange Gelato / 5g', 'SFV Og Sauce / 2g', 'Banana Jelly | Sauce | 2g', 'El Chapo / Sugar / 1g', 'CREME BRULEE - LIVE ROSIN BADDER', 'Peanut Butter Gelato / 1 g / LIVE ROSIN BADDER', '3 Kings / 2g / Sauce', 'Garlic Cocktail / Indica / 1g']",[],,2022.10.21,Cali Care Group (Redlands)
27,https://www.leafly.com/dispensary-info/cali-care-group-redlands/p/621954513/el-chapo--sugar--1g?variant=1498665850,El Chapo / Sugar / 1g,Concentrate,Concentrate,Muscrow,"https://connect-files-public.s3.amazonaws.com/e3654d55-8754-4446-a25e-ac64ea85fb53.jpeg?auto=compress,format&w=450&dpr=2",each,$30.00,,,[],THC 91.2%,CBD 0.0%,Hybrid,"El Chapo / Sugar / 1g, Concentrate - THC 91.2%, CBD 0%",4.4,8,"['La Paloma / Badder / 1g', 'Pepper Mintz / Sauce / 1g * BOGO *', 'SFV Og Sauce / 2g', 'Banana Jelly | Sauce | 2g', 'CREME BRULEE - LIVE ROSIN BADDER', 'Peanut Butter Gelato / 1 g / LIVE ROSIN BADDER', '3 Kings / 2g / Sauce', 'Garlic Cocktail / Indica / 1g']",[],,2022.10.21,Cali Care Group (Redlands)
28,https://www.leafly.com/dispensary-info/cali-care-group-redlands/p/621954681/garlic-cocktail--indica--1g?variant=1498666018,Garlic Cocktail / Indica / 1g,Concentrate,Concentrate,Sukar,"https://leafly-public.imgix.net/menu/QUeDLHtGQNG5R7nh1NMA_B62CB184-732A-4F2A-AC38-20C208C59BE2.jpeg?auto=compress,format&w=450&dpr=2",1 gram,$30.00,,,[],THC 90.0%,CBD 0.0%,,"Garlic Cocktail / Indica / 1g, Concentrate - THC 89.98%, CBD 0.03%",,,"['Grape Cream / Hybrid / 1g', 'Pepper Mintz / Sauce / 1g * BOGO *', 'SFV Og Sauce / 2g', 'Banana Jelly | Sauce | 2g', 'El Chapo / Sugar / 1g', 'CREME BRULEE - LIVE ROSIN BADDER', 'Peanut Butter Gelato / 1 g / LIVE ROSIN BADDER', '3 Kings / 2g / Sauce']",[],,2022.10.21,Cali Care Group (Redlands)
29,https://www.leafly.com/dispensary-info/cali-care-group-redlands/p/621954514/la-paloma--badder--1g?variant=1498665852,La Paloma / Badder / 1g,Concentrate,Concentrate,Muscrow,"https://connect-files-public.s3.amazonaws.com/e3654d55-8754-4446-a25e-ac64ea85fb53.jpeg?auto=compress,format&w=450&dpr=2",each,$30.00,,,[],THC 88.1%,CBD 0.0mg,,"La Paloma / Badder / 1g, Concentrate - THC 88.11%, CBD 0mg",,,"['El Chapo / Sugar / 1g', 'Pepper Mintz / Sauce / 1g * BOGO *', 'CREME BRULEE - LIVE ROSIN BADDER', 'Peanut Butter Gelato / 1 g / LIVE ROSIN BADDER', '3 Kings / 2g / Sauce', 'SFV Og Sauce / 2g', 'Banana Jelly | Sauce | 2g', 'Shortcake Crumble | 1g']",[],,2022.10.21,Cali Care Group (Redlands)
30,https://www.leafly.com/dispensary-info/cali-care-group-redlands/p/621954531/shortcake-crumble--1g?variant=1498665886,Shortcake Crumble | 1g,Concentrate,Concentrate,Canna Valley,"https://leafly-public.imgix.net/menu/MRWBx90ZSDW3pihTTzeP_IMG-5173.JPG?auto=compress,format&w=450&dpr=2",1 gram,$30.00,,,[],THC 93.1%,CBD 0.2%,Indica,"Concentrate with a crumble consistency, processed locally.",4.6,101,"['Pepper Mintz / Sauce / 1g * BOGO *', 'SFV Og Sauce / 2g', 'Banana Jelly | Sauce | 2g', 'El Chapo / Sugar / 1g', 'CREME BRULEE - LIVE ROSIN BADDER', 'Peanut Butter Gelato / 1 g / LIVE ROSIN BADDER', '3 Kings / 2g / Sauce', 'Garlic Cocktail / Indica / 1g']",[],Strawberry Shortcake is an indica marijuana strain made by crossing White Wookie with The White. This strain provides euphoric effects that put your mind into a state of bliss. Strawberry Shortcake features a strong and hearty strawberry flavor that will have you craving more. This strain is ideal for night time use or during an evening when you have nothing of importance to do. Medical marijuana patients choose Strawberry Shortcake to help relieve symptoms associated with insomnia.,2022.10.21,Cali Care Group (Redlands)
31,https://www.leafly.com/dispensary-info/cali-care-group-redlands/p/621954541/grape-cream--hybrid--1g?variant=1498665905,Grape Cream / Hybrid / 1g,Concentrate,Concentrate,Sukar,"https://leafly-public.imgix.net/menu/hIV1WyfNSOKdVkFQsayI_51C434B4-2C3D-4B90-B276-89DD69B7791B.jpeg?auto=compress,format&w=450&dpr=2",1 gram,$30.00,,,[],THC 90.3%,CBD 0.0%,,"Grapes and Cream, also known as “Grapes ‘N Cream,” is a hybrid weed strain made by crossing Grape Pie with Cookies and Cream. This sweet combination results in a calming strain beloved by many cannabis connoisseurs. Smoking Grapes and Cream produces creative effects that stimulate your mind while leaving your body relaxed and prepped for sleep. This strain is ideal for late afternoon or evening hours and pairs best with projects that require creative thinking. ",,,"['Garlic Cocktail / Indica / 1g', 'Pepper Mintz / Sauce / 1g * BOGO *', 'El Chapo / Sugar / 1g', '3 Kings / 2g / Sauce', 'Banana Jelly | Sauce | 2g', 'CREME BRULEE - LIVE ROSIN BADDER', 'Peanut Butter Gelato / 1 g / LIVE ROSIN BADDER', 'SFV Og Sauce / 2g']",[],,2022.10.21,Cali Care Group (Redlands)
32,https://www.leafly.com/dispensary-info/cali-care-group-redlands/p/621954532/sfv-og-sauce--2g?variant=1498665888,SFV Og Sauce / 2g,Concentrate,Concentrate,CCG ,"https://leafly-public.imgix.net/menu/Bfe1u9sbRXmfdDMCRj8u_8062478D-2B25-4EDB-9755-D7A39D5AABB3.jpeg?auto=compress,format&w=450&dpr=2",each,$35.00,,,[],THC —,CBD —,Hybrid,"SFV Og Sauce / 2g, Concentrate ",4.4,903,"['SFV Og / 4g', 'Pepper Mintz / Sauce / 1g * BOGO *', 'Banana Jelly | Sauce | 2g', 'CCG Exclusive / Animal Face / 2g', 'El Chapo / Sugar / 1g', 'CREME BRULEE - LIVE ROSIN BADDER', 'Peanut Butter Gelato / 1 g / LIVE ROSIN BADDER', '3 Kings / 2g / Sauce']",[],"SFV OG, also known as ""San Fernando Valley OG,"" ""San Fernando Valley Kush,"" and ""San Fernando Valley"" is a sativa-dominant hybrid marijuana strain from Cali Connection that is great for patients who need strong pain relief but don’t want to be stuck on the couch. As the name indicates, this OG Kush relative originates from California’s San Fernando Valley. Although their names are barely distinguishable, SFV OG Kush is actually the Afghani-crossed child to SFV OG. Leading with aromatic notes of earthy pine and lemon, its body effects take a little longer to feel than the initial head haziness.",2022.10.21,Cali Care Group (Redlands)
33,https://www.leafly.com/dispensary-info/cali-care-group-redlands/p/621954549/banana-jelly--sauce--2g?variant=1498665924,Banana Jelly | Sauce | 2g,Concentrate,Concentrate,CCG,"https://leafly-public.imgix.net/menu/pSvuvKKQ5KAVYB6FaHYD_banana%20jelly.jpg?auto=compress,format&w=450&dpr=2",each,$35.00,,,[],THC —,CBD —,,"Banana Jelly | Sauce | 2g, Concentrate ",,,"['3 Kings / 2g / Sauce', 'Animal Mints / 2g / Badder ', 'SFV Og / 4g', 'Pepper Mintz / Sauce / 1g * BOGO *', 'Mindfuck OG / 4g', 'El Chapo / Sugar / 1g', 'CREME BRULEE - LIVE ROSIN BADDER', 'Peanut Butter Gelato / 1 g / LIVE ROSIN BADDER']",[],,2022.10.21,Cali Care Group (Redlands)
34,https://www.leafly.com/dispensary-info/cali-care-group-redlands/p/621954530/3-kings--2g--sauce?variant=1498665884,3 Kings / 2g / Sauce,Concentrate,Concentrate,CCG,"https://leafly-public.imgix.net/menu/hByfy4gFTACADGRdkPaz_829ECF3E-9047-451A-B9B2-381B34610009.jpeg?auto=compress,format&w=450&dpr=2",each,$35.00,,,[],THC —,CBD —,Hybrid,"3 Kings, also known as ""Three Kings,"" is a sativa-dominant hybrid marijuana strain. Three Kings is a holy trinity of Headband, Sour Diesel, and OG Kush. This genetic masterpiece features an aroma of sour tanginess that reek from sage green buds. The frosty coat of 3 Kings gives you a fair warning of this strains' legendary potency. Medical patients will appreciate the versatility of this 3 Kings medicinal effects as it relieves pain, stress, and nausea without heavy sedation.",4.4,352,"['Banana Jelly | Sauce | 2g', 'Animal Mints / 2g / Badder ', 'SFV Og / 4g', 'Pepper Mintz / Sauce / 1g * BOGO *', 'Mindfuck OG / 4g', 'El Chapo / Sugar / 1g', 'CREME BRULEE - LIVE ROSIN BADDER', 'Peanut Butter Gelato / 1 g / LIVE ROSIN BADDER']",[],,2022.10.21,Cali Care Group (Redlands)
35,https://www.leafly.com/dispensary-info/cali-care-group-redlands/p/621954684/animal-mints--2g--badder?variant=1498666021,Animal Mints / 2g / Badder ,Concentrate,Concentrate,CCG,"https://leafly-public.imgix.net/menu/NYONpWxPTtmF0SpRwklx_111F722B-8D0D-4B9F-BAFF-2CF4ECE7DE33.jpeg?auto=compress,format&w=450&dpr=2",each,$35.00,,,[],THC —,CBD —,Hybrid,"Animal Mints is a hybrid marijuana strain made by crossing Animal Cookies with SinMint Cookies. Animal Mints produces a strong body and head high, making it ideal for after work and evening use. This strain features a sweet, pungent aroma that is minty on the exhale. Medical marijuana patients choose this strain to help relieve symptoms associated with stress.",4.5,135,"['Banana Jelly | Sauce | 2g', '3 Kings / 2g / Sauce', 'SFV Og / 4g', 'Pepper Mintz / Sauce / 1g * BOGO *', 'SFV Og Sauce / 2g', 'Mindfuck OG / 4g', 'El Chapo / Sugar / 1g', 'CREME BRULEE - LIVE ROSIN BADDER']",[],"Animal Mints is a hybrid marijuana strain made by crossing Animal Cookies with SinMint Cookies. Animal Mints produces a strong body and head high, making it ideal for after work and evening use. This strain features a sweet, pungent aroma that is minty on the exhale. Growers say Animal Mints has bright green and brown buds with only a dusting of frost. Medical marijuana patients choose this strain to help relieve symptoms associated with stress.",2022.10.21,Cali Care Group (Redlands)
36,https://www.leafly.com/dispensary-info/cali-care-group-redlands/p/621954542/grape-champ-micro-diamonds--1g?variant=1498665908,Grape Champ Micro Diamonds | 1g,Concentrate,Concentrate,Smoke Champs,"https://leafly-public.imgix.net/menu/Zu21QguR5WghdHcmgHfQ_IMG-5185.jpg?auto=compress,format&w=450&dpr=2",1 gram,$35.00,,,[],THC 68.4%,CBD 0.1%,Hybrid,"Concentrate, Grape Micro Diamonds processed locally in the beautiful desert of Palm Springs.  If your looking to elevate your cannabis experience these diamonds are a next level move to make you a Smoke Champ!",4.3,398,"['Pepper Mintz / Sauce / 1g * BOGO *', 'SFV Og Sauce / 2g', 'Banana Jelly | Sauce | 2g', 'El Chapo / Sugar / 1g', 'CREME BRULEE - LIVE ROSIN BADDER', 'Peanut Butter Gelato / 1 g / LIVE ROSIN BADDER', '3 Kings / 2g / Sauce', 'La Paloma / Badder / 1g']",[],,2022.10.21,Cali Care Group (Redlands)
37,https://www.leafly.com/dispensary-info/cali-care-group-redlands/p/621954306/creme-brulee---live-rosin-badder?variant=1498665403,CREME BRULEE - LIVE ROSIN BADDER,Concentrate,Concentrate,STIIIZY,"https://leafly-public.imgix.net/menu/ta2SJRRSv9OFeSIPQQEG_1656098514-creme_brulee_lrb_with_lid.png?auto=compress,format&w=450&dpr=2",1 gram,$55.00,,,['price of 55 for 1 g'],THC —,CBD —,,"Our first press Live Rosin badder combines fresh terpenes and a potent cannabis profile ensuring a smooth hit.



CREME BRULEE / HYBRID

· Taste: Woody, Sweet, Pine

· Feeling: Euphoric, Happy, Relaxed

· Description: Creme Brulee has a sweet dessert like smell with hints of gas. Smoking Creme Brulee will clear your mind and allow you to truly relax without bringing you down too much.",,,"['Peanut Butter Gelato / 1 g / LIVE ROSIN BADDER', 'Watermelon Z / .5 g / 40’s Preroll Multi-Pack', 'Pepper Mintz / Sauce / 1g * BOGO *', 'Blue Burst / .5g', 'Skywalker OG / .5g', 'Pineapple Express / 1g ', 'Blue Dream / 1g', 'Apple Fitter / .5g']",[],,2022.10.21,Cali Care Group (Redlands)
38,https://www.leafly.com/dispensary-info/cali-care-group-redlands/p/621954307/peanut-butter-gelato--1-g--live-rosin-badder?variant=1498665409,Peanut Butter Gelato / 1 g / LIVE ROSIN BADDER,Concentrate,Concentrate,STIIIZY,"https://leafly-public.imgix.net/menu/IuGfE06pQH2rRS9gHkTd_1656099411-extracts_lrb_h-peanut-butter-gelato_5.png?auto=compress,format&w=450&dpr=2",1 gram,$55.00,,,['price of 55 for 1 g'],THC —,CBD —,Hybrid,"Our first press Live Rosin badder combines fresh terpenes and a potent cannabis profile ensuring a smooth hit.



STIIIZY’S hand-crafted solventless line of extracts starts with premium flower. We combine ice, water and flower then gently agitate, separating the ripe trichomes. Once separated, the delicate trichomes are immediately frozen then dried. Then we sieve and sift, keeping everything cold throughout the process to ensure maximum quality and taste. At no point do we use any type of chemicals during our extraction process.



PEANUT BUTTER GELATO / HYBRID

· Taste: Nutty, Earthy, Herbal

· Feeling: Relaxed, Uplifted, Giggly

· Description: Prepare your favorite snacks, Peanut Butter Gelato will leave you craving for more peanut butter delight with its rich nutty and earthy flavor. Extracted using only ice, water, heat, and pressure, Peanut Butter Gelato solventless pods leave you the natural flavors and potencies of the plant without the harmful additives and chemicals. It's known to give you a tingly sensation of energy throughout the body with a euphoric cerebral uplift.",4.7,24,"['CREME BRULEE - LIVE ROSIN BADDER', 'Watermelon Z / .5 g / 40’s Preroll Multi-Pack', 'Pepper Mintz / Sauce / 1g * BOGO *', 'Blue Burst / .5g', 'Skywalker OG / .5g', 'Pineapple Express / 1g ', 'Blue Dream / 1g', 'BIIIG Battery / Black']",[],,2022.10.21,Cali Care Group (Redlands)
39,https://www.leafly.com/dispensary-info/cali-care-group-redlands/p/621954712/sourz--infused-gummies--100mg?variant=1498666045,Sourz / Infused Gummies / 100mg,Edible,Edible,Big Chief,"https://leafly-public.imgix.net/menu/XxOkZKlDSeG8K1Ma3RZy_23A40EDE-044C-4803-A607-955130D98B6F.jpeg?auto=compress,format&w=450&dpr=2",each,$15.00,,,[],THC 100.0mg,CBD —,,Cannabis Infused,,,"['Caliente Gummies / 100mg ', 'Volcanic Orange Mango  / 100mg', 'Dreaming of Passion Fruit  / 100mg', 'Sunset Pink Lemonade  / 100mg', 'Gorilla Glue / 1g', 'Blue Dream / 1g', 'Napalm OG / THC Cartridge / 1g', 'Cherry Pie / 1g']",[],,2022.10.21,Cali Care Group (Redlands)
40,https://www.leafly.com/dispensary-info/cali-care-group-redlands/p/621954696/volcanic-orange-mango---100mg?variant=1498666033,Volcanic Orange Mango  / 100mg,Edible,Edible,Major,"https://leafly-public.imgix.net/menu/hZzheoQkTsivTwfUbjqi_8C57D798-AC6F-4709-801D-246D2EE65EDC.jpeg?auto=compress,format&w=450&dpr=2",each,$10.00,,,[],THC 100.0mg,CBD —,,"Small, but mighty – MAJOR packs a major punch. Throw it all back at once or make it last by micro-dosing, MAJOR is designed to be an affordable high dose THC beverage that delivers a safe, consistent, and enjoyable cannabis experience with no cannabis taste or smell. Try our Orange Mango flavor today!
Drinks
",,,"['Dreaming of Passion Fruit  / 100mg', 'Sunset Pink Lemonade  / 100mg', 'Assorted Gummies / 100 mg', 'Sourz / Infused Gummies / 100mg', 'Blackout Brownie / 100mg', 'Caliente Gummies / 100mg ', 'Mango Tango Gummies / 100mg', 'SFV Og / 4g']",[],,2022.10.21,Cali Care Group (Redlands)
41,https://www.leafly.com/dispensary-info/cali-care-group-redlands/p/621954689/dreaming-of-passion-fruit---100mg?variant=1498666026,Dreaming of Passion Fruit  / 100mg,Edible,Edible,Major,"https://leafly-public.imgix.net/menu/WMKnipRxQTa68ICImJsa_A994DA85-5FE5-4979-984C-6A63A0BE0250.jpeg?auto=compress,format&w=450&dpr=2",each,$10.00,,,[],THC 100.0mg,CBD —,Sativa,"Small, but mighty – MAJOR packs a major punch. Throw it all back at once or make it last by micro-dosing, MAJOR is designed to be an affordable high dose THC beverage that delivers a safe, consistent, and enjoyable cannabis experience with no cannabis taste or smell. Try the Passion Fruit flavor today!
Drinks
CO2
High Dosage
",4.6,22,"['Volcanic Orange Mango  / 100mg', 'Sunset Pink Lemonade  / 100mg', 'Sourz / Infused Gummies / 100mg', 'Assorted Gummies / 100 mg', 'Blackout Brownie / 100mg', 'Caliente Gummies / 100mg ', 'Mango Tango Gummies / 100mg', 'SFV Og / 4g']",[],,2022.10.21,Cali Care Group (Redlands)
42,https://www.leafly.com/dispensary-info/cali-care-group-redlands/p/621954565/sunset-pink-lemonade---100mg?variant=1498665948,Sunset Pink Lemonade  / 100mg,Edible,Edible,Major ,"https://leafly-public.imgix.net/products/photos/KFBVA9HR8WDFolbBGOaz_CA-Major-IG-asset.png?auto=compress,format&w=450&dpr=2",each,$10.00,,,[],THC 100.0mg,CBD —,Hybrid,"Try our Major Sunset Pink Lemonade 100mg THC fruit drink California in a 6.7 ounce bottle. Tangy and delicious. No cannabis smell or taste. Predictable, repeatable quick onset felt in 15 to 20 minutes. Fast acting, shelf stable, and no refrigeration required, The first sip will be as potent and flavorful as the last.",4.5,181,"['Volcanic Orange Mango  / 100mg', 'Dreaming of Passion Fruit  / 100mg', 'Sourz / Infused Gummies / 100mg', 'Assorted Gummies / 100 mg', 'Blackout Brownie / 100mg', 'Caliente Gummies / 100mg ', 'Mango Tango Gummies / 100mg', 'SFV Og / 4g']",[],,2022.10.21,Cali Care Group (Redlands)
43,https://www.leafly.com/dispensary-info/cali-care-group-redlands/p/621954302/assorted-gummies--100-mg?variant=1498665395,Assorted Gummies / 100 mg,Edible,Edible,Enjoyable,"https://leafly-public.imgix.net/menu/FXvDV0DQSgWMfwwuXuSS_IMG_20220902_110945_614.jpg?auto=compress,format&w=450&dpr=2",each,$15.00,,,[],THC 100.0mg,CBD —,,An infused edible by Enjoyable Edibles.,,,"['Blackout Brownie / 100mg', 'Volcanic Orange Mango  / 100mg', 'Dreaming of Passion Fruit  / 100mg', 'Sunset Pink Lemonade  / 100mg', 'Sourz / Infused Gummies / 100mg', 'Caliente Gummies / 100mg ', 'Mango Tango Gummies / 100mg', 'SFV Og / 4g']",[],,2022.10.21,Cali Care Group (Redlands)
44,https://www.leafly.com/dispensary-info/cali-care-group-redlands/p/621954560/blackout-brownie--100mg?variant=1498665942,Blackout Brownie / 100mg,Edible,Edible,Enjoyable,"https://leafly-public.imgix.net/menu/FWhfXWyOQ9CDXYUSUVwt_BBF1D9A6-437E-4982-BC13-DEEC97339842.jpeg?auto=compress,format&w=450&dpr=2",each,$15.00,,,[],THC 100.0mg,CBD —,,"Enjoyable's 10mg Single brownie is Handmade from scratch and is the pinnacle of the Enjoyable Edible Brand. Each package contains 1 triple chocolate brownie with Vanilla cream baked into our favorite edible. Each one of our brownie bites contains 10mg of high-quality cannabis oil, So cut this brownie into pieces to share or eat it whole and get ready to blackout!

For the joy of cannabis. Enjoyable provides specialized treats that taste as amazing as they look. Each member of the Enjoyable team believes in the natural healing powers of medical cannabis. It is their passion to supply delicious treats that increase the quality of life. Enjoyable takes pride in their handcrafted confections, their creations conceal their power with phenomenal flavor. The process that Enjoyable's bakers have been infusing cannabis into treats since 2010. All products are produced in small batches to ensure absolute quality control. Each contains solvent-free, high-quality cannabis oil and guaranteed even and precise dosage. Finally, the products are lab tested then sent to cannabis dispensaries throughout California. Products Enjoyable offers premium cannabis-infused edibles, but are best known for their yummy, Blackout Brownies — each bag offers 100 mg of THC. Enjoyable set the bar for pot brownies, with culinary feats like the Blackout, Peanut Butter, and Space Brownie. Each is precisely dosed and remarkably delicious.",,,"['Assorted Gummies / 100 mg', 'Volcanic Orange Mango  / 100mg', 'Dreaming of Passion Fruit  / 100mg', 'Sunset Pink Lemonade  / 100mg', 'Caliente Gummies / 100mg ', 'Mango Tango Gummies / 100mg', 'Sourz / Infused Gummies / 100mg', 'SFV Og / 4g']",[],,2022.10.21,Cali Care Group (Redlands)
45,https://www.leafly.com/dispensary-info/cali-care-group-redlands/p/621954561/caliente-gummies--100mg?variant=1498665944,Caliente Gummies / 100mg ,Edible,Edible,Big Chief,"https://connect-files-public.s3.amazonaws.com/dec31023-ebb3-4741-90f6-37daae2c2712.jpeg?auto=compress,format&w=450&dpr=2",each,$15.00,,,[],THC 100.0mg,CBD 0.0mg,,Nano Chilimon Chamoy Flavored Cannabis Infused Gummies. ,,,"['Sourz / Infused Gummies / 100mg', 'Volcanic Orange Mango  / 100mg', 'Dreaming of Passion Fruit  / 100mg', 'Sunset Pink Lemonade  / 100mg', 'Gorilla Glue / 1g', 'Blue Dream / 1g', 'Napalm OG / THC Cartridge / 1g', 'Cherry Pie / 1g']",[],,2022.10.21,Cali Care Group (Redlands)
46,https://www.leafly.com/dispensary-info/cali-care-group-redlands/p/621954563/mango-tango-gummies--100mg?variant=1498665946,Mango Tango Gummies / 100mg,Edible,Edible,STIIIZY,"https://leafly-public.imgix.net/menu/hBAGx4SVRW2CuLeHEFNr_1180B41D-FE8C-4094-BD22-19EFFA40B146.jpeg?auto=compress,format&w=450&dpr=2",each,$15.00,,,[],THC 100.0mg,CBD —,Hybrid,"100MG GUMMIES - MANGO TANGO - SATIVA
· Taste: Mango, Citrus, Tropical
· Feeling: Energized, Happy, Creative
· Description: Mango Tango is an energetic sativa blends sweet and tangy flavors that is a blast!

Introducing our new line of Stiiizy edibles. Your favorite live resin infused gummies are formulated with fast-acting nanotechnology in 10 mg pieces. Enjoy the blend of both delicious and mouth watering flavors in every bite. 

- 100MG Total THC
- 10MG Per Piece
- Segmented into Ten 10MG Servings
- Fast-acting Nano-molecular Enhanced
- Made with Live Resin",4.6,95,"['Watermelon Z / .5 g / 40’s Preroll Multi-Pack', 'Volcanic Orange Mango  / 100mg', 'Dreaming of Passion Fruit  / 100mg', 'Sunset Pink Lemonade  / 100mg', 'Blue Burst / .5g', 'Skywalker OG / .5g', 'Pineapple Express / 1g ', 'Blue Dream / 1g']",[],,2022.10.21,Cali Care Group (Redlands)
47,https://www.leafly.com/dispensary-info/cali-care-group-redlands/p/621954311/blue-burst--5g?variant=1498665418,Blue Burst / .5g,Cartridge,Cartridge,STIIIZY,"https://leafly-public.imgix.net/menu/IAYaZ6m0QQO9VCav3ruR_C72F8C86-0671-409B-B64C-041EAFC24940.jpeg?auto=compress,format&w=450&dpr=2",each,$30.00,,,['price of 30 for 0.5 g'],THC 86.6%,CBD 0.0%,Hybrid,"BLUE BURST / HYBRID
· Taste: Blue Raspberry, Citrus, Mixed Fruits
· Feeling: Relaxed, Uplifted, Creative
· Description: This hybrid delivers a well-balanced mind and body high with a juicy burst of flavor",4.7,48,"['Blue Burst / 1g', 'Blue Dream / 1g', 'Skywalker OG / 1g', 'Gelato / .5g', 'Sour Diesel / 1g', 'Biscotti / 1g', 'Premium Jack / .5g ', 'Skywalker OG / .5g']",[],"Blue Burst is a hybrid marijuana strain. We’re still learning about the flavors and effects of Blue Burst. If you’ve smoked this strain before, tell us about it by leaving a review.",2022.10.21,Cali Care Group (Redlands)
48,https://www.leafly.com/dispensary-info/cali-care-group-redlands/p/621954314/skywalker-og--5g?variant=1498665426,Skywalker OG / .5g,Cartridge,Cartridge,STIIIZY,"https://leafly-public.imgix.net/menu/AQUM0BZTbWE97uKNSkb9_31EAE815-CDE4-4E46-B519-AB613E09498B.jpeg?auto=compress,format&w=450&dpr=2",each,$30.00,,,['price of 30 for 0.5 g'],THC 89.3%,CBD 0.2%,Hybrid,"SKYWALKER OG / INDICA
· Taste: Earthy, Pungent, Pine
· Feeling: Relaxing, Happy, Sleepy
· Description: A cross between Skywalker and OG Kush. Skywalker OG is a super potent strain that makes relaxation a top priority.
Pods
Aroused
Chemical
Earthy
Happy
Indica
Pine
Pungent
Relaxed
Skunk
Skywalker Kush
Sleep Soundly
Sleepy",4.5,1596,"['Skywalker OG / 1g', 'Blue Burst / .5g', 'Pineapple Express / 1g ', 'Blue Dream / 1g', 'Apple Fitter / .5g', 'Orange Sunset / 1g', 'Master Kush / CDT / .5g', 'Gelato / .5g']",[],"Mazar x Blueberry OG is a potent indica-dominant hybrid strain that may just take you to a galaxy far, far away. No Sith genetics here—this plant is a cross between Mazar x Bluebery and OG Kush and has the strong aroma characteristic to kush strains that includes a spicy herbal scent tinged with jet fuel. This strain makes relaxation your only mission, and some users report strong body effects that include mild tingling and numbness. If pain and physical limitations are the issue, Mazar x Bluebery OG is here to rescue you. The galaxy also holds a sativa dominant variety of Mazar x Blueberry that is also often referred to as Mazar x Blueberry OG or Sativa OG.",2022.10.21,Cali Care Group (Redlands)
49,https://www.leafly.com/dispensary-info/cali-care-group-redlands/p/621954361/cherry-pie--1g?variant=1498665544,Cherry Pie / 1g,Cartridge,Cartridge,Big Chief,"https://connect-files-public.s3.amazonaws.com/9d9d02e4-0c61-42d5-b76e-2ffb4cadb6f3.jpeg?auto=compress,format&w=450&dpr=2",each,$30.00,,,[],THC 90.1%,CBD 0.0mg,Hybrid,"Cherry Pie's parents are Granddaddy Purple and F1 Durb. With buds that are dense and full of orange hairs and a touch of purple, this hybrid strain smells of sweet and sour cherry pie. The effects have been known to come on in minutes and stick around for a couple hours.",4.3,2040,"['Gorilla Glue / 1g', 'Blue Dream / 1g', 'Napalm OG / THC Cartridge / 1g', 'Honcholato / CDT Cartridge / 1g', 'Girl Scout Cookies / 1g', 'Strawnana / CDT Cartridge / 1g ', 'Chief OG / CDT Cartridge / 1g', 'Blue Burst / .5g']",[],,2022.10.21,Cali Care Group (Redlands)
50,https://www.leafly.com/dispensary-info/cali-care-group-redlands/p/621954366/gorilla-glue--1g?variant=1498665555,Gorilla Glue / 1g,Cartridge,Cartridge,Big Chief,"https://leafly-public.imgix.net/menu/ZyVjzTKhTRK0GFQ7XzoC_2DDF6CA8-5D76-49D7-AEB8-B1E27596319E.jpeg?auto=compress,format&w=450&dpr=2",each,$30.00,,,[],THC 79.7%,CBD 0.2%,,"Gorilla Glue #4 terpene profile possessing pungent, earthy, pine aromas accompany heavy relaxation and offers relief from stress, pain, and appetite loss.",,,"['Cherry Pie / 1g', 'Honcholato / CDT Cartridge / 1g', 'Blue Dream / 1g', 'Napalm OG / THC Cartridge / 1g', 'Girl Scout Cookies / 1g', 'Strawnana / CDT Cartridge / 1g ', 'Chief OG / CDT Cartridge / 1g', 'Blue Burst / .5g']",[],,2022.10.21,Cali Care Group (Redlands)
51,https://www.leafly.com/dispensary-info/cali-care-group-redlands/p/621954367/blue-dream--1g?variant=1498665557,Blue Dream / 1g,Cartridge,Cartridge,Big Chief,"https://connect-files-public.s3.amazonaws.com/07a093f4-19df-4073-811c-1d03da9c20f8.jpeg?auto=compress,format&w=450&dpr=2",each,$30.00,,,[],THC 79.2%,CBD 0.0%,Hybrid,"A potent cross between the ever popular classic strains Blueberry and Haze, Blue Dream (also known as Azure Haze) is a slightly sativa-dominant strain shrouded in mystery. It is not just dreamy because of its stellar flavor and buzzy cerebral high, but because its history has essentially been wiped from the books with many believing its origins must be a dream.
",4.3,14.2k,"['Blue Dream / 1g', 'Gorilla Glue / 1g', 'Napalm OG / THC Cartridge / 1g', 'Cherry Pie / 1g', 'Honcholato / CDT Cartridge / 1g', 'Girl Scout Cookies / 1g', 'Strawnana / CDT Cartridge / 1g ', 'Chief OG / CDT Cartridge / 1g']",[],,2022.10.21,Cali Care Group (Redlands)
52,https://www.leafly.com/dispensary-info/cali-care-group-redlands/p/621954368/napalm-og--thc-cartridge--1g?variant=1498665558,Napalm OG / THC Cartridge / 1g,Cartridge,Cartridge,Big Chief,"https://leafly-public.imgix.net/menu/6CRmB06Ssim1uPK0us3N_D7D2D9EC-3E68-4209-8538-62DC8254C59D.jpeg?auto=compress,format&w=450&dpr=2",1 gram,$30.00,,,[],THC 77.8%,CBD —,Hybrid,"Napalm OG was bred by Alien Genetics by crossing their Tahoe Alien and Alien Kush strains. As the name indicates, this is a powerful strain that will take down even the most experienced smokers. Expect a spicy, peppery, and lemon kushy aroma and flavor that will leave your senses stimulated and your body sinking into a deep, euphoric stone. ",4.5,16,"['Gorilla Glue / 1g', 'Blue Dream / 1g', 'Cherry Pie / 1g', 'Honcholato / CDT Cartridge / 1g', 'Girl Scout Cookies / 1g', 'Strawnana / CDT Cartridge / 1g ', 'Chief OG / CDT Cartridge / 1g', 'Blue Burst / .5g']",[],,2022.10.21,Cali Care Group (Redlands)
53,https://www.leafly.com/dispensary-info/cali-care-group-redlands/p/621954318/apple-fitter--5g?variant=1498665438,Apple Fitter / .5g,Cartridge,Cartridge,STIIIZY,"https://leafly-public.imgix.net/menu/YOR3oENOQyWTKXvt4GEC_B0EB4CFF-1B1B-4E5E-B7E0-D60BF3415898.jpeg?auto=compress,format&w=450&dpr=2",each,$30.00,,,[],THC 88.6%,CBD 0.2%,Hybrid,"APPLE FRITTER / HYBRID
· Taste: Citrus, Apple, Hoppy
· Feeling: Hungry, Euphoric, Giggly
· Description: Apple Fritter is a sweet and mouth watering strain, bursting with apple flavor. Best enjoyed at the beginning of the night, this strain is perfect for winding down to a relaxing body high and calm head high as it lifts your senses with its cinnamon, citrus, and hoppy flavors.
Pods
Apple
Apple Fritter
Citrus
Euphoric
Giggly
Happy
Hungry
",4.5,325,"['Blue Burst / .5g', 'Skywalker OG / .5g', 'Pineapple Express / 1g ', 'Blue Dream / 1g', 'Orange Sunset / 1g', 'Master Kush / CDT / .5g', 'Skywalker OG / 1g', 'Gelato / .5g']",[],"Apple Fritter, a true hybrid weed strain, is known for its powerful and relaxing high. Put out by Lumpy’s Flowers, the Apple Fritter marijuana strain is a reported cross of Sour Apple and Animal Cookies. It's a great hybrid, combining the stone of GSC with the energy of a diesel. Apple Fritter cannabis has a flavor and aroma that come off as sweet and earthy, with a light, cheesy, apple pastry influence.",2022.10.21,Cali Care Group (Redlands)
54,https://www.leafly.com/dispensary-info/cali-care-group-redlands/p/621954316/gelato--5g?variant=1498665432,Gelato / .5g,Cartridge,Cartridge,STIIIZY,"https://leafly-public.imgix.net/menu/YTrvFsSReyTyI9qwCbN8_36CCE836-BCCA-42AE-8F4D-C87FC23202DA.jpeg?auto=compress,format&w=450&dpr=2",each,$30.00,,,[],THC 89.0%,CBD 0.2%,Hybrid,"GELATO / HYBRID
· Taste: Berry, Citrus, Woody
· Feeling: Relaxed, Happy, Euphoric
· Description: This smooth and sweet strain delivers a heavy dose of relaxation.
Pods
Berry
Citrus
Diesel
Earthy
Euphoric
Gelato
Happy
Hybrid
Relaxed
THC
Uplifted
Woody
",4.6,2202,"['Blue Burst / .5g', 'Blue Dream / 1g', 'Skywalker OG / 1g', 'Biscotti / 1g', 'Premium Jack / .5g ', 'Blue Burst / 1g', 'Sour Diesel / 1g', 'Skywalker OG / .5g']",[],,2022.10.21,Cali Care Group (Redlands)
55,https://www.leafly.com/dispensary-info/cali-care-group-redlands/p/621954319/premium-jack--5g?variant=1498665440,Premium Jack / .5g ,Cartridge,Cartridge,STIIIZY,"https://leafly-public.imgix.net/menu/WXENypVTTemN9M3q0x3q_80F32D60-5A07-4BAF-99DF-794963731A1C.jpeg?auto=compress,format&w=450&dpr=2",½ gram,$30.00,,,[],THC 90.0%,CBD 0.2%,Sativa,"Extracted from a variety of natural flora, STIIIZY’s botanically derived terpenes offer balanced aroma and taste to deliver a consistent experience every time. Our premium quality concentrates uphold a high level of purity, setting the industry standard to influence and inspire through innovative methods.

PREMIUM JACK / SATIVA
· Taste: Pine, Earthy, Sweet
· Feeling: Blissful, Creative, Uplifting
· Description: Premium Jack provides a blissful, clear-headed, and creative experience.
Pods
Aroused
Citrus
Creative
Earthy
Energetic",4.4,4821,"['Blue Burst / .5g', 'Blue Dream / 1g', 'Skywalker OG / 1g', 'Gelato / .5g', 'Biscotti / 1g', 'Blue Burst / 1g', 'Sour Diesel / 1g', 'Skywalker OG / .5g']",[],"Jack Herer, also known as ""JH,"" ""The Jack,"" ""Premium Jack,"" and ""Platinum Jack"" is a sativa-dominant marijuana strain that has gained as much renown as its namesake, the marijuana activist and author of The Emperor Wears No Clothes. Combining a Haze hybrid with a Northern Lights #5 and Shiva Skunk cross, Sensi Seeds created Jack Herer hoping to capture both cerebral elevation and heavy resin production. Its rich genetic background gives rise to several different variations of Jack Herer, each phenotype bearing its own unique features and effects. However, consumers typically describe this 55% sativa hybrid as blissful, clear-headed, and creative.

Jack Herer was created in the Netherlands in the mid-1990s, where it was later distributed by Dutch pharmacies as a recognized medical-grade strain. Since then, this spicy, pine-scented strain has taken home numerous awards for its quality and potency. Many breeders have attempted to cultivate this staple strain themselves in sunny or Mediterranean climates, and indoor growers should wait 50 to 70 days for Jack Herer to flower.",2022.10.21,Cali Care Group (Redlands)
56,https://www.leafly.com/dispensary-info/cali-care-group-redlands/p/621954362/girl-scout-cookies--1g?variant=1498665548,Girl Scout Cookies / 1g,Cartridge,Cartridge,Big Chief,"https://connect-files-public.s3.amazonaws.com/81a4cbce-c929-4ce7-b494-880272eedfcf.jpeg?auto=compress,format&w=450&dpr=2",each,$30.00,,,[],THC 83.3%,CBD 0.0%,Hybrid,"GSC, formerly known as Girl Scout Cookies, is an OG Kush and Durban Poison cross whose reputation grew too large to stay within the borders of its California homeland. With a sweet and earthyaroma, GSC launches you to euphoria’s top floor where full-body relaxation meets a time-bending cerebral space.
",4.4,7397,"['Gorilla Glue / 1g', 'Blue Dream / 1g', 'Napalm OG / THC Cartridge / 1g', 'Cherry Pie / 1g', 'Honcholato / CDT Cartridge / 1g', 'Strawnana / CDT Cartridge / 1g ', 'Chief OG / CDT Cartridge / 1g', 'Blue Burst / .5g']",[],"GSC, also known as ""Girl Scout Cookies,"" is an indica-dominant hybrid marijuana strain made by crossing OG Kush with Durban Poison. This popular strain is known for producing euphoric effects, followed up by waves of full-body relaxation. One hit of GSC will leave you feeling happy, hungry, and stress-free. This strain features a robust THC level of 19% and is best reserved for experienced cannabis consumers. Those with a low THC tolerance should take it slow with GSC as the effects of the strain may be overwhelming. The high THC content in GSC is beloved by medical marijuana patients looking for quick relief from symptoms associated with chronic pain, nausea, and appetite loss. GSC is famous for its pungent, dessert-like aroma &amp; flavor profile featuring bold notes of mint, sweet cherry, and lemon. The average price per gram of GSC is $11. According to growers, this strain flowers into green and purple buds with fiery orange hairs. GSC has an average flowering time of 9-10 weeks and is a fan favorite of home grow enthusiasts. This strain has won numerous accolades and awards over the years, including a few Cannabis Cups. Because GSC has reached legendary status among the cannabis community at large, you can find many variations of this sought-after strain, including Thin Mint (aka Thin Mint Girl Scout Cookies) and Platinum GSC (aka Platinum Girl Scout Cookies).",2022.10.21,Cali Care Group (Redlands)
57,https://www.leafly.com/dispensary-info/cali-care-group-redlands/p/621954540/apricot-haze--1g?variant=1498665903,Apricot Haze / 1g,Cartridge,Cartridge,Yada Yada,"https://leafly-public.imgix.net/menu/B9RHxNUTI6x8TnIkGdJG_8C1C4894-A3BC-48FB-A8E3-EB4D62E53F62.jpeg?auto=compress,format&w=450&dpr=2",each,$35.00,,,[],THC 87.2%,CBD 0.1%,,"Yada Yada’s easy breezy vape cartridges feature exceptional terpene and cannabinoid profiles. With Yada Yada, you’re always getting connoisseur-worthy flower components that anyone can enjoy.

Apricot Haze packs a big punch, hitting the back of the nose with an intense pine citrus cleaner and apricot aroma just hits the back of your nose. Great for a wake n' bake to get you up and going in the morning, Apricot Haze will have you going for an easy breezy day. 

Flavor: Pine, Citrus, Chemical

Effects: Cerebral, Energized, Happy",,,"['Cherry Do-Si-Dos / 1g', 'Dosilato / 1g', 'Apricot Haze / 10g Smalls', 'Blue Burst / .5g', 'Skywalker OG / .5g', 'Pineapple Express / 1g ', 'Blue Dream / 1g', 'Gorilla Glue / 1g']",[],,2022.10.21,Cali Care Group (Redlands)
58,https://www.leafly.com/dispensary-info/cali-care-group-redlands/p/621954323/master-kush--cdt--5g?variant=1498665453,Master Kush / CDT / .5g,Cartridge,Cartridge,STIIIZY,"https://leafly-public.imgix.net/menu/dPQyLK96RkuBjlyEkwzp_A46AF7E1-9846-4486-B340-F25B8B7E89E0.jpeg?auto=compress,format&w=450&dpr=2",½ gram,$35.00,,,[],THC —,CBD —,Indica,"Extracted directly from local single-sourced cannabis plants, STIIIZY’s Cannabis Derived Terpenes preserve the natural terpene profile of each flower strain to deliver optimum synergy in both flavor and potency.

MASTER KUSH / INDICA
· Taste: Citrus, Sweet, Earthy
· Feeling: Euphoric, Happy, Sleepy
· Description: Master Kush has a very stoney high, strong but not overbearing, euphoria that leaves you in a blissful haze.
Pods
Citrus
Earthy
Euphoric
Happy
Indica
Lemon
Master Kush
Pungent
Relaxed
Sleepy",4.3,1790,"['Blue Burst / .5g', 'Skywalker OG / .5g', 'Pineapple Express / 1g ', 'Blue Dream / 1g', 'Apple Fitter / .5g', 'Orange Sunset / 1g', 'Skywalker OG / 1g', 'Gelato / .5g']",[],,2022.10.21,Cali Care Group (Redlands)
59,https://www.leafly.com/dispensary-info/cali-care-group-redlands/p/621954587/cherry-do-si-dos--1g?variant=1498665973,Cherry Do-Si-Dos / 1g,Cartridge,Cartridge,Yada Yada,"https://leafly-public.imgix.net/menu/skpfcQNuTudkJTkNeAfQ_E5AD4881-379C-42DC-8B9B-D36E49F01C70.jpeg?auto=compress,format&w=450&dpr=2",each,$35.00,,,[],THC 85.3%,CBD 0.1%,Hybrid,"Yada Yada’s easy breezy vape cartridges feature exceptional terpene and cannabinoid profiles. With Yada Yada, you’re always getting connoisseur-worthy flower components that anyone can enjoy.
",4.7,18,"['Apricot Haze / 1g', 'Dosilato / 1g', 'Blue Burst / .5g', 'Skywalker OG / .5g', 'Pineapple Express / 1g ', 'Blue Dream / 1g', 'Gorilla Glue / 1g', 'Blue Dream / 1g']",[],,2022.10.21,Cali Care Group (Redlands)
60,https://www.leafly.com/dispensary-info/cali-care-group-redlands/p/621954497/dosilato--1g?variant=1498665839,Dosilato / 1g,Cartridge,Cartridge,Yada Yada,"https://leafly-public.imgix.net/menu/q932W8FQSuicBAXoyWHC_7C52FB49-4C0C-4543-92EA-BB386A8674DC.jpeg?auto=compress,format&w=450&dpr=2",each,$35.00,,,[],THC 83.7%,CBD 0.1%,,"Yada Yada’s easy breezy vape cartridges feature exceptional terpene and cannabinoid profiles. With Yada Yada, you’re always getting connoisseur-worthy flower components that anyone can enjoy.

Dosilato is a mood-boosting favorite that descends from Dosidos and Gelato #33. The strain features earthy flavors enhanced with a sweet layer of skunk and sugary smoke. Dosilato leans towards its indica heritage, providing a mild boost of focused energy before settling users into a euphoric period of relaxation.

Flavor and Aroma: Sweet, Skunk, Earthy

Reported Effects: Energized, Euphoric, Relaxed",,,"['Cherry Do-Si-Dos / 1g', 'Apricot Haze / 1g', 'Blue Burst / .5g', 'Skywalker OG / .5g', 'Pineapple Express / 1g ', 'Blue Dream / 1g', 'Gorilla Glue / 1g', 'Blue Dream / 1g']",[],,2022.10.21,Cali Care Group (Redlands)
61,https://www.leafly.com/dispensary-info/cali-care-group-redlands/p/621954312/kush-sorbet--cdt--5g?variant=1498665421,Kush Sorbet / CDT / .5g,Cartridge,Cartridge,STIIIZY,"https://leafly-public.imgix.net/menu/PuApUTqtSmuKdmQUcriQ_14BBBD4D-BB15-47C9-B32E-6EFE850216ED.jpeg?auto=compress,format&w=450&dpr=2",½ gram,$35.00,,,[],THC 88.0%,CBD 0.1%,Hybrid,"Extracted directly from local single-sourced cannabis plants, STIIIZY’s Cannabis Derived Terpenes preserve the natural terpene profile of each flower strain to deliver optimum synergy in both flavor and potency.

KUSH SORBET / INDICA
· Taste: Pine, Earthy, Herbal
· Feeling: Relaxed, Creative, Sleepy
· Description: Relax your mind and body with Kush Sorbet, a creative indica with notes of pine and earth.
Pods
Creative
Earthy
Indica
Pine
Relaxed",4.8,12,"['Blue Burst / .5g', 'Skywalker OG / .5g', 'Pineapple Express / 1g ', 'Blue Dream / 1g', 'Apple Fitter / .5g', 'Orange Sunset / 1g', 'Master Kush / CDT / .5g', 'Skywalker OG / 1g']",[],,2022.10.21,Cali Care Group (Redlands)
62,https://www.leafly.com/dispensary-info/cali-care-group-redlands/p/621954364/honcholato--cdt-cartridge--1g?variant=1498665551,Honcholato / CDT Cartridge / 1g,Cartridge,Cartridge,Big Chief,"https://leafly-public.imgix.net/menu/eK8gYtQqRYCbmt9JkIT3_1A4C85DD-D6CB-43C0-8513-BECB4C9B3460.jpeg?auto=compress,format&w=450&dpr=2",each,$40.00,,,[],THC —,CBD —,,Cannabis Derived Terpenes,,,"['Cherry Pie / 1g', 'Gorilla Glue / 1g', 'Blue Dream / 1g', 'Napalm OG / THC Cartridge / 1g', 'Girl Scout Cookies / 1g', 'Strawnana / CDT Cartridge / 1g ', 'Chief OG / CDT Cartridge / 1g', 'Blue Burst / .5g']",[],,2022.10.21,Cali Care Group (Redlands)
63,https://www.leafly.com/dispensary-info/cali-care-group-redlands/p/621954310/vanilla-runtz--live-resin--5g?variant=1498665415,Vanilla Runtz / Live Resin / .5g,Cartridge,Cartridge,STIIIZY,"https://leafly-public.imgix.net/menu/Yyvv8D3tSmPBf3KeoKhe_18C3E889-6F79-4804-BEE2-C7F70D18913E.jpeg?auto=compress,format&w=450&dpr=2",½ gram,$40.00,,,[],THC —,CBD —,Hybrid,"Extracted directly from freshly harvested, flash-frozen cannabis plants, STIIIZY’s Live Resin preserves the authentic taste profile and delivers a full spectrum cannabis extract. Introduced seasonally, in small batches, this craft cannabis provides a synergy between cannabinoids and terpenes for the ultimate entourage effect.

VANILLA RUNTZ / HYBRID
· Taste: Vanilla, Cream, Sweet
· Feeling: Euphoric, Giggly, Peaceful
· Description: Vanilla Runtz is a popular candy like strain that uplifts your senses. With its sweet terpene profile, it provides a euphoric and cheerful experience.
Pods
Berry
Happy
Hybrid
Relaxed
Runtz",5.0,6,"['Blue Burst / .5g', 'Skywalker OG / .5g', 'Pineapple Express / 1g ', 'Blue Dream / 1g', 'Apple Fitter / .5g', 'Orange Sunset / 1g', 'Master Kush / CDT / .5g', 'Skywalker OG / 1g']",[],,2022.10.21,Cali Care Group (Redlands)
64,https://www.leafly.com/dispensary-info/cali-care-group-redlands/p/621954315/papaya--live-resin--5g?variant=1498665430,Papaya / Live Resin / .5g,Cartridge,Cartridge,STIIIZY,"https://leafly-public.imgix.net/menu/QZu8GUZWTfWNWexCPXzQ_D10B5404-94C4-4B51-9A66-06C93F7C805A.jpeg?auto=compress,format&w=450&dpr=2",½ gram,$40.00,,,[],THC 0.0mg,CBD 0.0mg,Indica,"PAPAYA / INDICA
· Taste: Fruit, Citrus, Earthy
· Feeling: Sleepy, Giggly, Happy
· Description: With a fruity sweetness and earthy undertones, Papaya is a giggly, classic strain, best for your nightly session.
Pods
Citrus
Earthy
Euphoric
Giggly
Happy
Honey
Indica
Papaya
Relaxed
Sleepy
THC ",4.3,307,"['Blue Burst / .5g', 'Skywalker OG / .5g', 'Pineapple Express / 1g ', 'Blue Dream / 1g', 'Apple Fitter / .5g', 'Orange Sunset / 1g', 'Master Kush / CDT / .5g', 'Skywalker OG / 1g']",[],,2022.10.21,Cali Care Group (Redlands)
65,https://www.leafly.com/dispensary-info/cali-care-group-redlands/p/621954363/strawnana--cdt-cartridge--1g?variant=1498665550,Strawnana / CDT Cartridge / 1g ,Cartridge,Cartridge,Big Chief,"https://leafly-public.imgix.net/menu/cJGQ4IJS5G3roNRIGDSA_52593733-828A-4F0D-B0B8-626B80DDE627.jpeg?auto=compress,format&w=450&dpr=2",each,$40.00,,,[],THC —,CBD —,,Cannabis Derived Terpenes,,,"['Gorilla Glue / 1g', 'Blue Dream / 1g', 'Napalm OG / THC Cartridge / 1g', 'Cherry Pie / 1g', 'Honcholato / CDT Cartridge / 1g', 'Girl Scout Cookies / 1g', 'Chief OG / CDT Cartridge / 1g', 'Blue Burst / .5g']",[],,2022.10.21,Cali Care Group (Redlands)
66,https://www.leafly.com/dispensary-info/cali-care-group-redlands/p/621954365/chief-og--cdt-cartridge--1g?variant=1498665553,Chief OG / CDT Cartridge / 1g,Cartridge,Cartridge,Big Chief,"https://connect-files-public.s3.amazonaws.com/9ebce329-b6e3-490d-aa4f-15cb82085596.jpeg?auto=compress,format&w=450&dpr=2",each,$40.00,,,[],THC 88.1%,CBD 0.6%,,"Chief OG / CDT Cartridge / 1g, Cartridge - THC 88.11%, CBD 0.56%",,,"['Gorilla Glue / 1g', 'Blue Dream / 1g', 'Napalm OG / THC Cartridge / 1g', 'Cherry Pie / 1g', 'Honcholato / CDT Cartridge / 1g', 'Girl Scout Cookies / 1g', 'Strawnana / CDT Cartridge / 1g ', 'Blue Burst / .5g']",[],,2022.10.21,Cali Care Group (Redlands)
67,https://www.leafly.com/dispensary-info/cali-care-group-redlands/p/621954677/blueberry-kush--disposable--1g?variant=1498666012,Blueberry Kush / Disposable / 1g,Cartridge,Cartridge,Sauce Essentials,"https://connect-files-public.s3.amazonaws.com/95eaea2c-5e02-4f0e-9463-7653d5a227a4.jpeg?auto=compress,format&w=450&dpr=2",each,$45.00,,,[],THC 82.1%,CBD 0.2%,Indica,"Sauce Essentials
Experience the full flavor of top-shelf flower infused with the essence of fruit. 

The perfect combo by the earth, for the people.

Nothing ever hit so good.",4.2,1100,"['Jack Diesel / Disposable / 1g', 'Apple Fritter / Disposable / 1g', 'Blue Burst / .5g', 'Skywalker OG / .5g', 'Pineapple Express / 1g ', 'Blue Dream / 1g', 'Gorilla Glue / 1g', 'Blue Dream / 1g']",[],"Blueberry Kush, also known as ""Blueberry OG Kush,"" is a potent indica marijuana strain made by crossing Blueberry and OG Kush. This strain produces effects that slowly brings on a heavy body sensation, helping consumers forget their stress and relax. Blueberry Kush is a popular choice for evening use, as its dreamy effects will float you into a deep sleep. Medical marijuana patients choose this strain to help relieve symptoms associated with insomnia and stress.

 ",2022.10.21,Cali Care Group (Redlands)
68,https://www.leafly.com/dispensary-info/cali-care-group-redlands/p/621954679/jack-diesel--disposable--1g?variant=1498666015,Jack Diesel / Disposable / 1g,Cartridge,Cartridge,Sauce Essentials,"https://leafly-public.imgix.net/menu/bukzFYv3SCvCv6oLo3ao_673EA6C7-EC77-4DC9-A3A8-9CA4F6DECFA8.jpeg?auto=compress,format&w=450&dpr=2",1 gram,$45.00,,,[],THC 83.0%,CBD 0.2%,Sativa,"Jack Diesel / Disposable / 1g, Cartridge - THC 83%, CBD 0.18%",4.2,64,"['Blueberry Kush / Disposable / 1g', 'Apple Fritter / Disposable / 1g', 'Blue Burst / .5g', 'Skywalker OG / .5g', 'Pineapple Express / 1g ', 'Blue Dream / 1g', 'Apricot Haze / 1g', 'Cherry Pie / 1g']",[],,2022.10.21,Cali Care Group (Redlands)
69,https://www.leafly.com/dispensary-info/cali-care-group-redlands/p/621954574/apple-fritter--disposable--1g?variant=1498665957,Apple Fritter / Disposable / 1g,Cartridge,Cartridge,Sauce Essentials,"https://connect-files-public.s3.amazonaws.com/37270bd9-4638-4728-8f57-11b1f76ba746.jpeg?auto=compress,format&w=450&dpr=2",each,$45.00,,,[],THC 82.0%,CBD 0.2%,Hybrid,"Sauce Essentials
Experience the full flavor of top-shelf flower infused with the essence of fruit. 

The perfect combo by the earth, for the people.

Nothing ever hit so good.",4.5,325,"['Apple Fitter / .5g', 'Blueberry Kush / Disposable / 1g', 'Jack Diesel / Disposable / 1g', 'Blue Burst / .5g', 'Skywalker OG / .5g', 'Pineapple Express / 1g ', 'Blue Dream / 1g', 'Gorilla Glue / 1g']",[],,2022.10.21,Cali Care Group (Redlands)
70,https://www.leafly.com/dispensary-info/cali-care-group-redlands/p/621954322/pineapple-express--1g?variant=1498665450,Pineapple Express / 1g ,Cartridge,Cartridge,STIIIZY,"https://leafly-public.imgix.net/menu/wy4rf2aERuBGf5V39Qc1_75F5C9C3-BA31-4D66-9EA0-9B3715691D5C.jpeg?auto=compress,format&w=450&dpr=2",each,$55.00,,,['price of 55 for 1 g'],THC 89.2%,CBD 0.1%,Hybrid,"Extracted from a variety of natural flora, STIIIZY’s botanically derived terpenes offer balanced aroma and taste to deliver a consistent experience every time. Our premium quality concentrates uphold a high level of purity, setting the industry standard to influence and inspire through innovative methods.

PINEAPPLE EXPRESS / HYBRID
· Taste: Fruity, Tropical, Pine
· Feeling: Energizing, Euphoric, Focus
· Description: A sativa-dominant hybrid born of parent strains Trainwreck and Hawaiian, the energetic high is perfect for taking a scenic walk.
Pods
Citrus
Energetic
Euphoric
Focused
Happy",4.4,4104,"['Blue Burst / .5g', 'Skywalker OG / .5g', 'Blue Dream / 1g', 'Apple Fitter / .5g', 'Orange Sunset / 1g', 'Master Kush / CDT / .5g', 'Skywalker OG / 1g', 'Gelato / .5g']",[],,2022.10.21,Cali Care Group (Redlands)
71,https://www.leafly.com/dispensary-info/cali-care-group-redlands/p/621954309/blue-dream--1g?variant=1498665413,Blue Dream / 1g,Cartridge,Cartridge,STIIIZY,"https://leafly-public.imgix.net/menu/z5wsB4tlSKuqwqOStEMU_C678403F-B331-43A4-A0FA-76E69F348046.jpeg?auto=compress,format&w=450&dpr=2",1 gram,$55.00,,,[],THC 90.7%,CBD 0.1%,Hybrid," BLUE DREAM / SATIVA  · Taste: Berry, Fruity, Herbal · Feeling: Creative, Energizing, Euphoric · Description: A cross between Blueberry and Haze. Blue Dream is the perfect strain for concentrates due to its high THC filled resin content.",4.3,14.2k,"['Blue Burst / .5g', 'Skywalker OG / 1g', 'Gelato / .5g', 'Biscotti / 1g', 'Premium Jack / .5g ', 'Blue Burst / 1g', 'Sour Diesel / 1g', 'Skywalker OG / .5g']",[],"Updated February 2022  Blue Dream is a sativa-dominant hybrid marijuana strain made by crossing Blueberry with Haze. This strain produces a balanced high, along with effects such as cerebral stimulation and full-body relaxation. Blue dream is 18% THC but has a low CBD percentage, making this potent strain a fan favorite of both novice and veteran cannabis consumers. In terms of flavor, Blue Dream is reported to smell and taste like sweet berries. Medical marijuana patients often use Blue Dream to treat symptoms of depression, chronic pain, and nausea. According to home grow enthusiasts, this strain has an average flowering time of 67 days and is best suited to grow using the Sea of Green method. Blue Dream originated in California and has since achieved legendary status among West Coast strains and has quickly become one of the most-searched-for strains in the Leafly database. The average price per gram of Blue Dream is $20. Strains similar to Blue Dream include Blue Dream CBD, Double Dream, and Blue Magoo.",2022.10.21,Cali Care Group (Redlands)
72,https://www.leafly.com/dispensary-info/cali-care-group-redlands/p/621954320/orange-sunset--1g?variant=1498665442,Orange Sunset / 1g,Cartridge,Cartridge,STIIIZY,"https://leafly-public.imgix.net/menu/XhS6M5SuUGf5EBPrFw5N_A95AF2C1-098C-4F4F-9C94-1201B9CFFCEE.jpeg?auto=compress,format&w=450&dpr=2",each,$55.00,,,['price of 55 for 1 g'],THC 89.5%,CBD 0.1%,Hybrid,"ORANGE SUNSET / SATIVA
· Taste: Citrus, Sweet, Pine
· Feeling: Creative, Euphoric, Uplifting
· Description: Orange Sunset is known for its vibrant citrus aroma accented with pine and earthy flavors. Every exhale is accompanied by sweet and sour flavors of tangy oranges. As Orange Sunset brings you a cerebral and uplifting experience, it will leave you feeling an energized and creative high.
Pods
Citrus
Creative
Earthy
Energetic
",4.4,14,"['Blue Burst / .5g', 'Skywalker OG / .5g', 'Pineapple Express / 1g ', 'Blue Dream / 1g', 'Apple Fitter / .5g', 'Master Kush / CDT / .5g', 'Skywalker OG / 1g', 'Gelato / .5g']",[],"Orange Sunset is a hybrid marijuana strain. We're still learning about the flavors and effects of Frosted Orange Sunset - if you've smoked, dabbed, or consumed this strain before, tell us about it by leaving a review.",2022.10.21,Cali Care Group (Redlands)
73,https://www.leafly.com/dispensary-info/cali-care-group-redlands/p/621954313/skywalker-og--1g?variant=1498665423,Skywalker OG / 1g,Cartridge,Cartridge,STIIIZY,"https://leafly-public.imgix.net/menu/SIzCMc4pQra9Kc129snk_38B41640-A6C2-45D6-839E-CAA11AFE78E5.jpeg?auto=compress,format&w=450&dpr=2",1 gram,$55.00,,,[],THC 89.3%,CBD 0.2%,Hybrid,"SKYWALKER OG / INDICA
· Taste: Earthy, Pungent, Pine
· Feeling: Relaxing, Happy, Sleepy
· Description: A cross between Skywalker and OG Kush. Skywalker OG is a super potent strain that makes relaxation a top priority.
Pods
Aroused
Chemical
Earthy
Happy
Indica
Pine
Pungent
Relaxed
Skunk
Skywalker Kush
Sleep Soundly
Sleepy",4.5,1596,"['Blue Burst / .5g', 'Skywalker OG / .5g', 'Blue Dream / 1g', 'Gelato / .5g', 'Biscotti / 1g', 'Premium Jack / .5g ', 'Blue Burst / 1g', 'Sour Diesel / 1g']",[],,2022.10.21,Cali Care Group (Redlands)
74,https://www.leafly.com/dispensary-info/cali-care-group-redlands/p/621954317/biscotti--1g?variant=1498665434,Biscotti / 1g,Cartridge,Cartridge,STIIIZY,"https://leafly-public.imgix.net/menu/Y6ZzXRFhRzyaT2u5B2rx_143B405A-4A7E-4CD1-B778-877724FFBF16.jpeg?auto=compress,format&w=450&dpr=2",1 gram,$55.00,,,[],THC —,CBD —,Hybrid,"Extracted from a variety of natural flora, STIIIZY’s botanically derived terpenes offer balanced aroma and taste to deliver a consistent experience every time. Our premium quality concentrates uphold a high level of purity, setting the industry standard to influence and inspire through innovative methods.

BISCOTTI / INDICA
· Taste: Earthy, Pine, Nutty
· Feeling: Relaxing, Sleepy, Giggly
· Description: An Indica-dominant strain that comes from Gelato #25 and South Florida OG. Biscotti delivers a powerful body high and delicious flavor.
Pods
Biscotti
Coffee
Earthy
Euphoric
Giggly",4.6,375,"['Blue Burst / .5g', 'Blue Dream / 1g', 'Skywalker OG / 1g', 'Gelato / .5g', 'Premium Jack / .5g ', 'Blue Burst / 1g', 'Sour Diesel / 1g', 'Skywalker OG / .5g']",[],"Biscotti is a potent indica-dominant hybrid marijuana strain made by crossing Gelato 25 with Sour Florida OG. This strain produces a cerebral high that leave consumers feeling relaxed, creative, and buzzy from head-to-toe. The effects of Biscotti are known to creep up on consumers, so it's best to take it slow with this strain. In terms of flavor, Biscotti tastes like sweet cookies with undertones of diesel. With a THC level of 21%, medical marijuana patients turn to this strain to relieve symptoms associated with stress, anxiety, and depression. According to growers, Biscotti flowers into small, dense buds marked by dark green and purple foliage with bright orange pistils. The striking trichome coverage of this strain gives it top shelf appeal. Biscotti was originally bred by Cookies Farms. If you've smoked, dabbed, or consumed this strain before, tell us about your experience by leaving a review.",2022.10.21,Cali Care Group (Redlands)
75,https://www.leafly.com/dispensary-info/cali-care-group-redlands/p/621954321/blue-burst--1g?variant=1498665448,Blue Burst / 1g,Cartridge,Cartridge,STIIIZY,"https://leafly-public.imgix.net/menu/zYfV6fwZTpWfO2AqMlB5_433B547D-B16C-4201-B709-AA714B407BE4.jpeg?auto=compress,format&w=450&dpr=2",1 gram,$55.00,,,[],THC 86.6%,CBD 0.1%,Hybrid,"BLUE BURST / HYBRID
· Taste: Blue Raspberry, Citrus, Mixed Fruits
· Feeling: Relaxed, Uplifted, Creative
· Description: This hybrid delivers a well-balanced mind and body high with a juicy burst of flavor",4.7,48,"['Blue Burst / .5g', 'Blue Dream / 1g', 'Skywalker OG / 1g', 'Gelato / .5g', 'Biscotti / 1g', 'Premium Jack / .5g ', 'Sour Diesel / 1g', 'Skywalker OG / .5g']",[],"Blue Burst is a hybrid marijuana strain. We’re still learning about the flavors and effects of Blue Burst. If you’ve smoked this strain before, tell us about it by leaving a review.",2022.10.21,Cali Care Group (Redlands)
76,https://www.leafly.com/dispensary-info/cali-care-group-redlands/p/621954439/sour-diesel--1g?variant=1498665760,Sour Diesel / 1g,Cartridge,Cartridge,STIIIZY,"https://leafly-public.imgix.net/menu/jbZnTtFRxOOKeFDHijfQ_8A9726D2-DEDC-407C-97CE-E8B1DEAF0B13.jpeg?auto=compress,format&w=450&dpr=2",each,$55.00,,,['price of 55 for 1 g'],THC 87.2%,CBD 0.2%,Sativa,"SOUR DIESEL / SATIVA
· Taste: Diesel. Earthy. Pungent
· Feeling: Creative. Energizing. Uplifted. Relaxing.
· Description: This motivating and uplifting strain is perfect for daytime activities.
Pods
Citrus
Creative
Diesel
Earthy
Energetic
Get Active
Happy
Lemon
Pungent
Relaxed
Sativa
Sour Diesel
Stay Productive
THC
Uplifted",4.3,8242,"['Blue Burst / .5g', 'Blue Dream / 1g', 'Skywalker OG / 1g', 'Gelato / .5g', 'Biscotti / 1g', 'Premium Jack / .5g ', 'Blue Burst / 1g', 'Skywalker OG / .5g']",[],"Sour Diesel, also known as ""Sour D"" and ""Sour Deez,"" is a popular sativa marijuana strain made by crossing Chemdawg and Super Skunk. Sour Diesel effects are dreamy, cerebral, fast-acting and energizing. This strain features a pungent flavor profile that smells like diesel. Medical marijuana patients choose Sour Diesel to help relieve symptoms associated with depression, pain, and stress. Growers say this strain grows best in a dry, outdoor climate and has a flowering time of 77 days. Fun fact: Sour Diesel first became popular in the early 1990s and has been legendary ever since.",2022.10.21,Cali Care Group (Redlands)
77,https://www.leafly.com/dispensary-info/cali-care-group-redlands/p/621954299/watermelon-z--5-g--40s-preroll-multi-pack?variant=1498665391,Watermelon Z / .5 g / 40’s Preroll Multi-Pack,Preroll,PreRoll,STIIIZY,"https://connect-files-public.s3.amazonaws.com/c7da74fd-d026-4f6b-b631-6deb3ed73234.jpeg?auto=compress,format&w=450&dpr=2",each,$40.00,,,['price of 40 for 1 pc'],THC 81.8%,CBD 0.0%,,"Elevate your pre-roll game. STIIIZY 40's pre-rolls are setting the standard with high potency, cannabis infused joints coated evenly with kief. Using our proprietary live resin infusion methods, we’ve designed every pre-roll to offer 40%+ THC potency with a unique flavor profile. With a smooth inhale and tasteful exhale, each and every STIIIZY 40's is packed with indoor grown flower, specifically made to ensure a potent and long-lasting high. Spark up the 40's.",,,"['Blue Burst / .5g', 'Skywalker OG / .5g', 'Pineapple Express / 1g ', 'Blue Dream / 1g', 'Lime Sorbet / 7pk', 'Lemon Twist | 1G PreRoll', 'BIIIG Battery / Black', 'Crumble Infused Preroll / 1g']",[],,2022.10.21,Cali Care Group (Redlands)
78,https://www.leafly.com/dispensary-info/cali-care-group-redlands/p/621954539/uncle-jerry-preroll--1g?variant=1498665901,Uncle Jerry Preroll / 1g,Preroll,PreRoll,Uncle Jerry ,"https://leafly-public.imgix.net/menu/AstUu8HpQA2RxPaRs77o_2A533EEF-0DD0-4F9C-8FE5-87FCFEFBBB42.jpeg?auto=compress,format&w=450&dpr=2",each,$10.00,,,[],THC —,CBD —,,CCG exclusive!! Get that old school quality from a brand you can trust. ,,,"['Watermelon Z / .5 g / 40’s Preroll Multi-Pack', 'Crumble Infused Preroll / 1g', 'Lime Sorbet / 7pk', 'Lemon Twist | 1G PreRoll', 'Diamond Infused Preroll / 1g', 'Bruce Banner / 7pk ', 'Fatso | Hemp Blunt | 2g', 'Peanut Butter Cup | Hemp Blunt | 2g']",[],,2022.10.21,Cali Care Group (Redlands)
79,https://www.leafly.com/dispensary-info/cali-care-group-redlands/p/621954463/lemon-twist--1g-preroll?variant=1498665816,Lemon Twist | 1G PreRoll,Preroll,PreRoll,West Coast Cure,"https://leafly-public.imgix.net/products/photos/e0ySCmjASs2M4RxIJd6Z_Lemon-Twist_CUREjoint_04.jpg?auto=compress,format&w=450&dpr=2",each,$15.00,,,[],THC 28.7%,CBD 0.0mg,,"West Coast Cure is stoked to roll out their Lemon Twist CUREjoint, a Sativa-dominant hybrid smoke that’s worthy of your wake-and-bake morning sesh. Packed with flavors of lemon and pine, this joint of twisted citrus provides an aroused and cerebral high from its resin encrusted flowers. Whether you’re looking to get your day off to a great start or are in search of the motivation to keep it going, this joint provides an optimistic, motivated cerebral mindset, combined with mellow and uplifting body effects. You know, the type of feeling you can appreciate any time of the day.
 ",,,"['Watermelon Z / .5 g / 40’s Preroll Multi-Pack', 'Lime Sorbet / 7pk', 'Crumble Infused Preroll / 1g', 'Uncle Jerry Preroll / 1g', 'Diamond Infused Preroll / 1g', 'Bruce Banner / 7pk ', 'Fatso | Hemp Blunt | 2g', 'Peanut Butter Cup | Hemp Blunt | 2g']",[],,2022.10.21,Cali Care Group (Redlands)
80,https://www.leafly.com/dispensary-info/cali-care-group-redlands/p/621954537/crumble-infused-preroll--1g?variant=1498665898,Crumble Infused Preroll / 1g,Preroll,PreRoll,Lucky Fortune,"https://connect-files-public.s3.amazonaws.com/1e9ef929-9b7c-4fe2-bdd0-a5350f5c9cc5.jpeg?auto=compress,format&w=450&dpr=2",each,$15.00,,,[],THC 0.0mg,CBD 0.0mg,,Hand rolled  crumble infused Preroll,,,"['Diamond Infused Preroll / 1g', 'Watermelon Z / .5 g / 40’s Preroll Multi-Pack', 'Lime Sorbet / 7pk', 'Lemon Twist | 1G PreRoll', 'Uncle Jerry Preroll / 1g', 'Bruce Banner / 7pk ', 'Fatso | Hemp Blunt | 2g', 'Peanut Butter Cup | Hemp Blunt | 2g']",[],,2022.10.21,Cali Care Group (Redlands)
81,https://www.leafly.com/dispensary-info/cali-care-group-redlands/p/621954534/jealousy-x-snowman--5050-infused-preroll--1g?variant=1498665893,Jealousy X Snowman | 50/50 Infused Preroll | 1g,Preroll,PreRoll,Canna Valley,"https://leafly-public.imgix.net/menu/QZZGI2ST5acIZh4lNUGg_FAE32755-FB46-49E2-A3EA-C789D0DEB735.jpeg?auto=compress,format&w=450&dpr=2",each,$15.00,,,[],THC 68.2%,CBD 0.1%,Hybrid,"50/50 prerolls are 50% indoor nug split between two amazing strains infused with 50% sugar concentrate.  Jealousy X Snowman OG is a must for any occasion, alone or with a friendly circle. ",4.5,28,"['Kush Mintz X GSC | 50/50 Infused Preroll | 1g', 'Watermelon Z / .5 g / 40’s Preroll Multi-Pack', 'Crumble Infused Preroll / 1g', 'Uncle Jerry Preroll / 1g', 'Lime Sorbet / 7pk', 'Lemon Twist | 1G PreRoll', 'Diamond Infused Preroll / 1g', 'Bruce Banner / 7pk ']",[],,2022.10.21,Cali Care Group (Redlands)
82,https://www.leafly.com/dispensary-info/cali-care-group-redlands/p/621954535/kush-mintz-x-gsc--5050-infused-preroll--1g?variant=1498665895,Kush Mintz X GSC | 50/50 Infused Preroll | 1g,Preroll,PreRoll,Canna Valley,"https://leafly-public.imgix.net/menu/yzizqhWRqSUdLEk2ZC9g_ACD6C55F-B55E-4FF6-8D4F-1190A1130E0E.jpeg?auto=compress,format&w=450&dpr=2",each,$15.00,,,[],THC 59.6%,CBD 0.1%,Hybrid,50/50 prerolls are 50% indoor nug split between two amazing strains infused with 50% sugar concentrate. Perfect for any occasion. ,4.4,7397,"['Jealousy X Snowman | 50/50 Infused Preroll | 1g', 'Watermelon Z / .5 g / 40’s Preroll Multi-Pack', 'Crumble Infused Preroll / 1g', 'Uncle Jerry Preroll / 1g', 'Lime Sorbet / 7pk', 'Lemon Twist | 1G PreRoll', 'Diamond Infused Preroll / 1g', 'Melonatta | Smalls | 3.5g']",[],,2022.10.21,Cali Care Group (Redlands)
83,https://www.leafly.com/dispensary-info/cali-care-group-redlands/p/621954300/fatso--hemp-blunt--2g?variant=1498665393,Fatso | Hemp Blunt | 2g,Preroll,PreRoll,Smoke Champs ,"https://leafly-public.imgix.net/menu/0mo7ZgLnS1u1b7PAPoha_70E929F7-17FB-4E2B-9905-B69B6195BBAE.jpeg?auto=compress,format&w=450&dpr=2",each,$20.00,,,[],THC 29.4%,CBD —,Indica,"This cross of GMO Cookies and Legend OG comes from Colorado breeder Cannarado. Not for the faint of lungs, Fatso is a newer strain that caters to gas, Kush, and Cookies alike. This funky, fuel-tasting dank is high in THC and comes covered in trichomes, making it great for hash. Make sure you’re close to the couch for this one, you won’t want to get up.
Blunt Wrap
Aroused
Diesel
Earthy
Fatso
Happy
Hybrid
Pine
Relaxed
",4.6,59,"['Peanut Butter Cup | Hemp Blunt | 2g', 'Watermelon Z / .5 g / 40’s Preroll Multi-Pack', 'Crumble Infused Preroll / 1g', 'Uncle Jerry Preroll / 1g', 'Lime Sorbet / 7pk', 'Lemon Twist | 1G PreRoll', 'Diamond Infused Preroll / 1g', 'Spunky Blunt / 1.5g']",[],"This cross of GMO Cookies and Legend OG comes from Colorado breeder Cannarado. Not for the faint of lungs, Fatso is a newer strain that caters to gas, Kush, and Cookies alike. This funky, fuel-tasting indica is high in THC and comes covered in trichomes, making it great for hash. Make sure you’re close to the couch for this one, you won’t want to get up.",2022.10.21,Cali Care Group (Redlands)
84,https://www.leafly.com/dispensary-info/cali-care-group-redlands/p/621954533/peanut-butter-cup--hemp-blunt--2g?variant=1498665891,Peanut Butter Cup | Hemp Blunt | 2g,Preroll,PreRoll,Smoke Champs ,"https://leafly-public.imgix.net/menu/skAzZmiWRbeZnYoGbZeV_870EB9F1-04C6-440F-A185-E77E42DA997A.jpeg?auto=compress,format&w=450&dpr=2",each,$20.00,,,[],THC 26.1%,CBD —,,"Peanut Butter Cup is a 70/30 Indica dominant hybrid it is Mendo breath x do si dos pheno. The aroma is just like a freshly opened jar of Jiffy peanut butter with kushy and pungent aspects mixed in. The flavor is more on the almond butter side, with nutty, earthy accents and a sour exhale.
Blunt Wrap
Hybrid",,,"['Fatso | Hemp Blunt | 2g', 'Watermelon Z / .5 g / 40’s Preroll Multi-Pack', 'Lime Sorbet / 7pk', 'Lemon Twist | 1G PreRoll', 'Diamond Infused Preroll / 1g', 'Crumble Infused Preroll / 1g', 'Uncle Jerry Preroll / 1g', 'Bruce Banner / 7pk ']",[],,2022.10.21,Cali Care Group (Redlands)
85,https://www.leafly.com/dispensary-info/cali-care-group-redlands/p/621954538/spunky-blunt--15g?variant=1498665900,Spunky Blunt / 1.5g,Preroll,PreRoll,Spicy Gil,"https://connect-files-public.s3.amazonaws.com/d044a7bd-35ed-490b-858c-d82c328ddd41.jpeg?auto=compress,format&w=450&dpr=2",each,$20.00,,,[],THC 0.0mg,CBD 0.0mg,,"Get spunky with it! Spicy Gil’s Spunky Blunts are taking the cannabis world by storm. Get swept up by this 1g top shelf flower blend wrapped in the finest organic hemp cone. 

1g hand rolled, top shelf flower blend wrapped in organic hemp cone. ",,,"['First Aid Kit / 8pk', 'Watermelon Z / .5 g / 40’s Preroll Multi-Pack', 'Lime Sorbet / 7pk', 'Lemon Twist | 1G PreRoll', 'Diamond Infused Preroll / 1g', 'Crumble Infused Preroll / 1g', 'Uncle Jerry Preroll / 1g', 'Bruce Banner / 7pk ']",[],,2022.10.21,Cali Care Group (Redlands)
86,https://www.leafly.com/dispensary-info/cali-care-group-redlands/p/621954699/diamond-infused-preroll--1g?variant=1498666035,Diamond Infused Preroll / 1g,Preroll,PreRoll,Lucky Fortune,"https://connect-files-public.s3.amazonaws.com/745bba65-319a-40ed-8d4e-feab8c9ccbd0.jpeg?auto=compress,format&w=450&dpr=2",each,$25.00,,,[],THC 0.0mg,CBD 0.0mg,,Feeling Lucky? One gram Top Shelf Flower Blend infused with Diamonds for a smoking experience like no other. These diamonds won’t last forever. ,,,"['Crumble Infused Preroll / 1g', 'Watermelon Z / .5 g / 40’s Preroll Multi-Pack', 'Uncle Jerry Preroll / 1g', 'Lime Sorbet / 7pk', 'Lemon Twist | 1G PreRoll', 'Spunky Blunt / 1.5g', 'Bruce Banner / 7pk ', 'Fatso | Hemp Blunt | 2g']",[],,2022.10.21,Cali Care Group (Redlands)
87,https://www.leafly.com/dispensary-info/cali-care-group-redlands/p/621954456/lime-sorbet--7pk?variant=1498665798,Lime Sorbet / 7pk,Preroll,PreRoll,High Supply,"https://leafly-public.imgix.net/menu/X5kKoaFhQ1CMsv3VAW4e_FC045273-0514-4952-AE9D-77128426AFA5.jpeg?auto=compress,format&w=450&dpr=2",each,$30.00,,,[],THC —,CBD —,Indica,"Like their full gram counterparts, shorties come pre-rolled and ready to enjoy - alone, or with your crew.

Available in .5g (7-pack)",4.7,101,"['Bruce Banner / 7pk ', 'Watermelon Z / .5 g / 40’s Preroll Multi-Pack', 'Lemon Bean / Popcorn / 14g', 'GG4 / Popcorn  / 14g', 'Lemon Twist | 1G PreRoll', 'Juice Z / 3.5g', 'Diamond Infused Preroll / 1g', 'Crumble Infused Preroll / 1g']",[],"Lime Sorbet is an indica marijuana strain made by crossing Bubba Kush with Lime Skunk. Blending these distinct strains produced a remarkable phenotype that is exceptional in flavor and versatile in effect. Lime Sorbet produces pleasant feelings of relaxation while subduing both anxiety and stress. In terms of flavor, Lime Sorbet offers a pungent and earthy aroma mixed with the tart flavor of fresh lime. Medical marijuana patients often choose Lime Sorbet to relieve symptoms associated with chronic pain, mental stress, and anxiety. This strain is known to produce dry mouth when smoked in large quantities, so it's best to stay hydrated while you partake. According to growers, Lime Sorbet flowers into fluffy buds with light olive green foliage, thick white trichomes, and fire orange hairs throughout. This strain was originally bred by Cresco Labs.",2022.10.21,Cali Care Group (Redlands)
88,https://www.leafly.com/dispensary-info/cali-care-group-redlands/p/621954457/bruce-banner--7pk?variant=1498665800,Bruce Banner / 7pk ,Preroll,PreRoll,High Supply,"https://leafly-public.imgix.net/menu/ny4TdgLhSpSYMCq9q8C7_7F83A681-5946-46CB-9F6D-ECF01A95BA6D.jpeg?auto=compress,format&w=450&dpr=2",each,$30.00,,,[],THC —,CBD —,Hybrid,"Like their full gram counterparts, shorties come pre-rolled and ready to enjoy - alone, or with your crew.

Available in .5g (7-pack)",4.5,1336,"['Lime Sorbet / 7pk', 'Watermelon Z / .5 g / 40’s Preroll Multi-Pack', 'Lemon Bean / Popcorn / 14g', 'GG4 / Popcorn  / 14g', 'Lemon Twist | 1G PreRoll', 'Juice Z / 3.5g', 'Diamond Infused Preroll / 1g', 'Crumble Infused Preroll / 1g']",[],,2022.10.21,Cali Care Group (Redlands)
89,https://www.leafly.com/dispensary-info/cali-care-group-redlands/p/621954536/first-aid-kit--8pk?variant=1498665896,First Aid Kit / 8pk,Preroll,PreRoll,CCG,"https://leafly-public.imgix.net/menu/c444AdJSyeqVP7dbWmGg_13D56EEA-A9DE-4D7A-8E0A-8CC365D27F5C.jpeg?auto=compress,format&w=450&dpr=2",each,$30.00,,,[],THC —,CBD —,,The original small preroll pack! 8 - .75g prerolls plus a lighter to get through the day. ,,,"['Spunky Blunt / 1.5g', 'SFV Og / 4g', 'Watermelon Z / .5 g / 40’s Preroll Multi-Pack', 'Crumble Infused Preroll / 1g', 'Uncle Jerry Preroll / 1g', 'Banana Jelly | Sauce | 2g', 'Mindfuck OG / 4g', 'Lime Sorbet / 7pk']",[],,2022.10.21,Cali Care Group (Redlands)
90,https://www.leafly.com/dispensary-info/cali-care-group-redlands/p/621954303/stiiizy---starter-kit-battery---white?variant=1498665396,Stiiizy - Starter Kit Battery - White,Accessory,Accessory,STIIIZY,"https://connect-files-public.s3.amazonaws.com/ff333379-b41c-4fea-8c9c-8af7f75dbecc.jpeg?auto=compress,format&w=450&dpr=2",each,$20.00,,,['price of 20 for 1 pc'],THC 0.0%,CBD 0.0%,,"Stiiizy - Starter Kit Battery - White, Accessory ",,,"['BIIIG Battery / Black', 'Starter Kit Battery / Neon Pink ', 'Watermelon Z / .5 g / 40’s Preroll Multi-Pack', 'Blue Burst / .5g', 'Skywalker OG / .5g', 'Pineapple Express / 1g ', 'Blue Dream / 1g', 'Apple Fitter / .5g']",[],,2022.10.21,Cali Care Group (Redlands)
91,https://www.leafly.com/dispensary-info/cali-care-group-redlands/p/621954304/starter-kit-battery--neon-pink?variant=1498665398,Starter Kit Battery / Neon Pink ,Accessory,Accessory,STIIIZY,"https://leafly-public.imgix.net/menu/xAdTuJ7kR42A4PySPZzB_0D9372EE-31D1-4E8C-87D0-DDD80D91E519.jpeg?auto=compress,format&w=450&dpr=2",each,$25.00,,,[],THC —,CBD —,,"Starter Kit Battery / Neon Pink , Accessory ",,,"['BIIIG Battery / Black', 'Stiiizy - Starter Kit Battery - White', 'Watermelon Z / .5 g / 40’s Preroll Multi-Pack', 'Blue Burst / .5g', 'Skywalker OG / .5g', 'Pineapple Express / 1g ', 'Blue Dream / 1g', 'Apple Fitter / .5g']",[],,2022.10.21,Cali Care Group (Redlands)
92,https://www.leafly.com/dispensary-info/cali-care-group-redlands/p/621954498/biiig-battery--black?variant=1498665840,BIIIG Battery / Black,Accessory,Accessory,STIIIZY,"https://connect-files-public.s3.amazonaws.com/81758639-761c-41f9-9094-3ad9f9e10428.jpeg?auto=compress,format&w=450&dpr=2",each,$35.00,,,[],THC —,CBD —,,"ADVANCED KIT INCLUDES:

Official BIIIG STIIIIZY Battery
USB Charging Cable
550mAh Rechargeable Battery
USB Charging Port
Voltage: 3.4+\-0.1V
*Pods sold separately",,,"['Stiiizy - Starter Kit Battery - White', 'Starter Kit Battery / Neon Pink ', 'Watermelon Z / .5 g / 40’s Preroll Multi-Pack', 'Blue Burst / .5g', 'Skywalker OG / .5g', 'Pineapple Express / 1g ', 'Blue Dream / 1g', 'Apple Fitter / .5g']",[],,2022.10.21,Cali Care Group (Redlands)
