﻿Index,Link,Name,Label,Category,Brand,Image,Unit,Price,OrginalPrice,Discount,OtherAmount,THC,CBD,Lineage,Description,Rating,Reviewnum,Alsolike,Similar,Strain,ScrapeTime,Store name
0,https://www.leafly.com/dispensary-info/ganja-goddess-san-diego/p/613508782/pick-me-up-3g-flower-jar-with-micropipe?variant=883251473,Pick Me Up 3g Flower Jar with Micropipe,Flower,Flower,Perfect,"https://leafly-public.imgix.net/products/photos/JGSHjRFER42EwHGe0KHI_19-38%20Leafly%20Product%20Updates_Dec%202020_r01-08.jpg?auto=compress,format&w=450&dpr=2",2.83 grams,$52.00,,,[],THC —,CBD —,,"Microdose on the go!

Perfect's 3g jar of blended, infused flower comes ready to use with a self-cleaning small dose micropipe.

Try it in Pick Me Up: Boost Your Awareness

For the 3PM slump or any time you need a boost.

Count on our Pick Me Up Hybrid to be there - a special blend of terpene-rich varieties to deliver energy and focus when you need it most. Embrace the wave of inspiration and productivity that gets you in the zone, and engage in your checklist.

DOMINANT TERPENE: Caryophyllene

INSTRUCTIONS: Flower is ready to use. Just tap the micropipe into the jar of flower, light, and enjoy. Also great for vaping and rolling your own.

DOSING: A little goes a long way. Start small, and ""sip, don't rip."" Light and inhale one or two gentle puffs of a .33g - and note the effects.

STORAGE: Terpenes are perishable. Best kept cold.

VOLUME: 3 grams",,,"['NightCap 3g Flower Jar with Micropipe', 'Crescendo (Sativa-Hybrid) 3.5g ', '1:1 Pear Gummies 100mg', '1:1 Espresso Dark Chocolate Kiva Bar 200mg 10-pack', 'Blackberry Kush (Indica) Cartridge 1g', 'Excite Wild Cherry (Sativa) Gummies 100mg 10-pack', 'Care By Design CART - 4:1 CBD • Yellow', 'Pink Box (Indica) 10 Mini Pre-Rolls']",[],,2022.10.21,Goddess Delivers
1,https://www.leafly.com/dispensary-info/ganja-goddess-san-diego/p/613508575/nightcap-3g-flower-jar-with-micropipe?variant=883210002,NightCap 3g Flower Jar with Micropipe,Flower,Flower,Perfect,"https://leafly-public.imgix.net/products/photos/PFoLeAA4QtqxNvAxMX5E_19-38%20Leafly%20Product%20Updates_Dec%202020_r01-12.jpg?auto=compress,format&w=450&dpr=2",2.83 grams,$52.00,,,[],THC —,CBD —,,"Microdose on the go!

Perfect's 3g jar of blended, infused flower comes ready to use with a self-cleaning small dose micropipe.

Try in it NightCap: Ease Your Mind

As your evening comes to an end, you’re already thinking about tomorrow’s to-dos. NightCap is Perfect's Indica blend to help your mind unwind after a long day, with its rest-promoting blend of terpene-rich varieties. You may be able to shut off your brain and watch your worries wither away.

DOMINANT TERPENE: Myrcene

INSTRUCTIONS: Flower is ready to use. Just tap the micropipe into the jar of flower, light, and enjoy. Also great for vaping and rolling your own.

DOSING: A little goes a long way. Start small, and ""sip, don't rip."" Light and inhale one or two gentle puffs of a .33g - and note the effects.

STORAGE: Terpenes are perishable. Best kept cold.

VOLUME: 3 grams",,,"['Pick Me Up 3g Flower Jar with Micropipe', 'Crescendo (Sativa-Hybrid) 3.5g ', 'Care By Design CART - 4:1 CBD • Yellow', 'Pink Box (Indica) 10 Mini Pre-Rolls', 'Blackberry Kush (Indica) Cartridge 1g', '5:1 Sleep Midnight Blueberry (Indica) Gummies 120mg 10-pack', 'Excite Wild Cherry (Sativa) Gummies 100mg 10-pack', '20:1 CBD Tincture 315mg']",[],,2022.10.21,Goddess Delivers
2,https://www.leafly.com/dispensary-info/ganja-goddess-san-diego/p/606845809/crescendo-sativa-hybrid-35g?variant=612721379,Crescendo (Sativa-Hybrid) 3.5g ,Flower,Flower,THC Design,"https://leafly-public.imgix.net/shared-web-images/product-type-icons/menu_flower_2.png?auto=compress,format&w=450&dpr=2",⅛ ounce,$55.00,,,[],THC 33.0%,CBD —,,"THC Design is comprised of passionate growers with rich history and experience, and aim to inspire each person and community through the art and science of flower. Their Crescendo is a sativa-dominant hybrid strain that lives up to its aspirational name by being a great morning ""wake up"" or daytime energy smoke. The cerebral effects are very pronounced, with a hazy and uplifting experience, and very active, but not overly intoxicating. ",,,"['Pick Me Up 3g Flower Jar with Micropipe', 'NightCap 3g Flower Jar with Micropipe', '1:1 Pear Gummies 100mg', '1:1 Espresso Dark Chocolate Kiva Bar 200mg 10-pack', 'Blackberry Kush (Indica) Cartridge 1g', 'Excite Wild Cherry (Sativa) Gummies 100mg 10-pack', 'Care By Design CART - 4:1 CBD • Yellow', 'Pink Box (Indica) 10 Mini Pre-Rolls']",[],,2022.10.21,Goddess Delivers
3,https://www.leafly.com/dispensary-info/ganja-goddess-san-diego/p/606864229/11-morning-level-tablinguals?variant=613509241,1:1 Morning Level Tablinguals,Concentrate,Concentrate,Level,"https://leafly-public.imgix.net/menu/UtAeEv8TQcenPSvHcjUZ_Level%20Tablinguals%20-%20Morning%20(1-1%20CBD-THCA).jpeg?auto=compress,format&w=450&dpr=2",each,$22.00,,,[],THC —,CBD —,,"Level's Morning Tablinguals are the answer to your daily supplement needs in a 1:1 CBD:THCA non psychoactive ratio, also containing a higher concentration of CBG too, promoting gut health. Each dissolvable cannabis concentrate is made with 3mg CBD:CBG:THCA. ",,,"['1:1 Medicine Woman Nasha Powder Hash Green 1g', 'Level ProTab CBD 25mg 10-pack', 'Level ProTab THC Tabs (Sativa) 25mg 10-pack', '1:1 Pear Gummies 100mg', '1:1 Espresso Dark Chocolate Kiva Bar 200mg 10-pack', 'Blackberry Kush (Indica) Cartridge 1g', 'Excite Wild Cherry (Sativa) Gummies 100mg 10-pack', 'Care By Design CART - 4:1 CBD • Yellow']",[],,2022.10.21,Goddess Delivers
4,https://www.leafly.com/dispensary-info/ganja-goddess-san-diego/p/606846752/11-medicine-woman-nasha-powder-hash-green-1g?variant=612750201,1:1 Medicine Woman Nasha Powder Hash Green 1g,Concentrate,Concentrate,Nasha Extracts,"https://leafly-public.imgix.net/products/photos/rLvWwYqNQ7GV0KJFHQE2_Nasha-Green-Box_Fotor.png?auto=compress,format&w=450&dpr=2",1 gram,$25.00,,,[],THC 22.0%,CBD 26.0%,Indica,"Cultivated by a small family-owned farm, located in Humboldt county.

Medicine Woman is A heavy CBD strain. Its origins come from a confidential CBD breeding project. It boasts a strong earthy scent reminiscent of wet soil and has notes of refreshing pine accentuated by a tinge of sweet skunk. It inspires an innate sense of happiness that uplifts the mood. recommended with those suffering from nerve pain or nerve disorders.

Green:
This grade has a higher amount of plant material than the orange. It is still as strong but less oily. It is closer to the old school kief. It is easy to sprinkle on a joint or a bowl.",4.7,35,"['1:1 Morning Level Tablinguals', 'Level ProTab CBD 25mg 10-pack', 'Level ProTab THC Tabs (Sativa) 25mg 10-pack', 'Care By Design CART - 4:1 CBD • Yellow', 'Pink Box (Indica) 10 Mini Pre-Rolls', 'Blackberry Kush (Indica) Cartridge 1g', '5:1 Sleep Midnight Blueberry (Indica) Gummies 120mg 10-pack', 'Excite Wild Cherry (Sativa) Gummies 100mg 10-pack']",[],,2022.10.21,Goddess Delivers
5,https://www.leafly.com/dispensary-info/ganja-goddess-san-diego/p/606867809/level-protab-thc-tabs-sativa-25mg-10-pack?variant=613627540,Level ProTab THC Tabs (Sativa) 25mg 10-pack,Concentrate,Concentrate,LEVEL,"https://leafly-public.imgix.net/products/photos/M9IYIeJeTNS0kc37O2OZ_Protab_Sativa---tablets-1080x1080.png?auto=compress,format&w=450&dpr=2",each,$32.00,,,[],THC 255.0mg,CBD —,,"Power through to-do lists and extra-long hikes with the energizing effects of our extra-strength Sativa Protab. Each swallowable tablet contains 25 mg of THC and takes effect in 30–90 minutes, with a duration of 3–6 hours. Should you want to consume a lighter dose, they’re scored so you can easily split one in half.",,,"['Level ProTab CBD 25mg 10-pack', '1:1 Morning Level Tablinguals', '1:1 Medicine Woman Nasha Powder Hash Green 1g', 'Care By Design CART - 4:1 CBD • Yellow', 'Pink Box (Indica) 10 Mini Pre-Rolls', 'Blackberry Kush (Indica) Cartridge 1g', '5:1 Sleep Midnight Blueberry (Indica) Gummies 120mg 10-pack', 'Excite Wild Cherry (Sativa) Gummies 100mg 10-pack']",[],,2022.10.21,Goddess Delivers
6,https://www.leafly.com/dispensary-info/ganja-goddess-san-diego/p/606867853/level-protab-cbd-25mg-10-pack?variant=613628463,Level ProTab CBD 25mg 10-pack,Concentrate,Concentrate,LEVEL,"https://leafly-public.imgix.net/products/photos/1QHMRRfQyagRkyDEfcyw_Protab_CBD---tablets-1080x1080.png?auto=compress,format&w=450&dpr=2",each,$42.00,,,[],THC —,CBD 269.9mg,,"Take the edge off of mental and physical stresses with the extra-strength, calming effects of our CBD Protab. Each swallowable tablet contains 25 mg of CBD and takes effect in 30–90 minutes, with a duration of 3–6 hours. Should you want to consume a lighter dose, they’re scored so you can easily split one in half.",,,"['Level ProTab THC Tabs (Sativa) 25mg 10-pack', '1:1 Medicine Woman Nasha Powder Hash Green 1g', '1:1 Morning Level Tablinguals', '1:1 Pear Gummies 100mg', '1:1 Espresso Dark Chocolate Kiva Bar 200mg 10-pack', 'Blackberry Kush (Indica) Cartridge 1g', 'Excite Wild Cherry (Sativa) Gummies 100mg 10-pack', 'Care By Design CART - 4:1 CBD • Yellow']",[],,2022.10.21,Goddess Delivers
7,https://www.leafly.com/dispensary-info/ganja-goddess-san-diego/p/606868235/excite-wild-cherry-sativa-gummies-100mg-10-pack?variant=613643286,Excite Wild Cherry (Sativa) Gummies 100mg 10-pack,Edible,Edible,Kiva Confections,"https://leafly-public.imgix.net/products/photos/4nU0asoFQM2ZsxZXbZZx_menu_camino_cherry.jpg?auto=compress,format&w=450&dpr=2",each,$23.00,,,[],THC 100.0mg,CBD —,,"5mg THC per piece | 100mg THC total in 20 pieces

EFFECT: Excite (Sativa)

Get the rooftop party started with Wild Cherry Camino gummies. The invigorating blend of sativa-like terpenes with sweet, fruity notes of tart cherry will have you dancing all night long.

TERPENES;
• Limonene - Reduces stress, alleviates asthma and allergies, reduces inflammation, and acts as an antioxidant.
• Beta-Caryophyllene - May assist with the body's response to anxiety and stress.
• Linalool	- Anti-anxiety and sedating effects.
• Alpha-Pinene - Improves attention span to deliver a more lucid and focused experience.

INGREDIENTS: Organic Tapioca Syrup, Sugar, Gelatin, Malic Acid, Natural Flavors, Citric Acid, Cannabis Extract, Fruit and Vegetable Juice for Color, Natural Terpenes, Coconut Oil, Carnauba Wax",,,"['5:1 Sleep Midnight Blueberry (Indica) Gummies 120mg 10-pack', 'Watermelon Lemonade (Hybrid) Gummies 100mg 10-pack', '1:1 Pear Gummies 100mg', 'Pineapple Habanero (Sativa) Gummies 100mg 10-pack', '2:1 Peach Gummies 150mg 10-pack', 'Blueberry Fruit Chews (Sativa-Dominant Hybrid) 100mg 10-pack', '1:1 Almond Kiva Terra Bites 200mg', 'Dark Chocolate Kiva Bar 100mg']",[],,2022.10.21,Goddess Delivers
8,https://www.leafly.com/dispensary-info/ganja-goddess-san-diego/p/606869160/purple-passion-cannabis-infused-soda-10mg?variant=613679754,Purple Passion Cannabis-Infused Soda 10mg,Edible,Edible,Keef Cola,"https://leafly-public.imgix.net/menu/T5EO9xaQnCUCcbwm4LA5_Keef%20Cola%20-%20Cannabis%20Infused%20Purple%20Passion%20Soda%20-%2010mg.jpeg?auto=compress,format&w=450&dpr=2",each,$8.00,,,[],THC 10.0mg,CBD —,,"Keef Cola's Purple Passion contains refreshing notes of berry and herbal flavors and the perfect amount of carbonation, that tastes of your favorite grape soda, with the perfect amount of sweetness and fizz. Back in 2010, Boulder, Colorado-based Erik Knutson, with the help of friends and family, aimed to create a new way to experience drinks with friends: drinkable cannabis. Keef Cola was then born!",,,"['1:1 Pear Gummies 100mg', '1:1 Espresso Dark Chocolate Kiva Bar 200mg 10-pack', 'Excite Wild Cherry (Sativa) Gummies 100mg 10-pack', '5:1 Sleep Midnight Blueberry (Indica) Gummies 120mg 10-pack', '20:1 CBD Tincture 315mg', 'Cannabis Infused Dark Chocolate with Chili 100mg 10-pack', 'Pineapple Party Cannabis Pop Rocks 10mg', 'Watermelon Lemonade (Hybrid) Gummies 100mg 10-pack']",[],,2022.10.21,Goddess Delivers
9,https://www.leafly.com/dispensary-info/ganja-goddess-san-diego/p/606867268/pineapple-party-cannabis-pop-rocks-10mg?variant=613609234,Pineapple Party Cannabis Pop Rocks 10mg,Edible,Edible,Sonder,"https://leafly-public.imgix.net/menu/LqhV7Tr0R0We36zXbUmg_Sonder%20Space%20Crystals%20-%20Pineapple%20Party%20Cannabis%20Pop%20Rocks%20(Pineapple)%20-%2010mg.jpeg?auto=compress,format&w=450&dpr=2",each,$10.00,,,[],THC 10.0mg,CBD —,,"Pineapple Party is a packet of cannabis-infused pop rocks that presses cannabis extract and citrus flavors into the fizzy candy from your youth - bound to get any party started! Sonder Space Crystals will tickle your tastebuds and crackle cannabis into your system for one fabulous and fantastical euphoric buzz, with an immediate kick for most users. ",,,"['Cheers Queers Cannabis Pop Rocks (Strawberry Champagne) 10mg', '1:1 Pear Gummies 100mg', '1:1 Espresso Dark Chocolate Kiva Bar 200mg 10-pack', 'Excite Wild Cherry (Sativa) Gummies 100mg 10-pack', '5:1 Sleep Midnight Blueberry (Indica) Gummies 120mg 10-pack', '20:1 CBD Tincture 315mg', 'Cannabis Infused Dark Chocolate with Chili 100mg 10-pack', 'Watermelon Lemonade (Hybrid) Gummies 100mg 10-pack']",[],,2022.10.21,Goddess Delivers
10,https://www.leafly.com/dispensary-info/ganja-goddess-san-diego/p/606869283/cheers-queers-cannabis-pop-rocks-strawberry-champa?variant=613687011,Cheers Queers Cannabis Pop Rocks (Strawberry Champagne) 10mg,Edible,Edible,Sonder,"https://leafly-public.imgix.net/menu/svPqX7iiRmFeH2asROEK_Sonder%20Space%20Crystals%20-%20Cheers%20Queers%20Cannabis%20Pop%20Rocks%20(Champagne)%20-%2010mg.jpeg?auto=compress,format&w=450&dpr=2",each,$10.00,,,[],THC 10.0mg,CBD —,,"Cheers Queers is a packet of cannabis-infused pop rocks that taste fruity with tangy citrus, downright fabulous and delicious! Sonder Space Crystals are an LGBTQIA+ run-and-owned cannabis company, combining the joys of youth with the power of cannabis. ",,,"['Pineapple Party Cannabis Pop Rocks 10mg', '1:1 Pear Gummies 100mg', '1:1 Espresso Dark Chocolate Kiva Bar 200mg 10-pack', 'Excite Wild Cherry (Sativa) Gummies 100mg 10-pack', '5:1 Sleep Midnight Blueberry (Indica) Gummies 120mg 10-pack', '20:1 CBD Tincture 315mg', 'Cannabis Infused Dark Chocolate with Chili 100mg 10-pack', 'Watermelon Lemonade (Hybrid) Gummies 100mg 10-pack']",[],,2022.10.21,Goddess Delivers
11,https://www.leafly.com/dispensary-info/ganja-goddess-san-diego/p/606845834/indica-sensi-chews-100mg-10-pack?variant=612726271,Indica Sensi Chews 100mg 10-pack,Edible,Edible,Sensi Chews,"https://leafly-public.imgix.net/menu/dOyJbvwUQRlZl1gnko6g_SENSI%20Chew%20-%20Indica%20Strain.jpeg?auto=compress,format&w=450&dpr=2",each,$19.00,,,[],THC 100.0mg,CBD —,,Sensi Chew Indica is a great way to chill out with these chocolate taffies infused with full spectrum indica terpenoids.,,,"['Hybrid Sensi Chew 100mg 10-pack', 'Sativa Sensi Chew 100mg 10-pack', '5:1 Sleep Midnight Blueberry (Indica) Gummies 120mg 10-pack', 'Excite Wild Cherry (Sativa) Gummies 100mg 10-pack', '20:1 CBD Tincture 315mg', 'Cannabis Infused Dark Chocolate with Chili 100mg 10-pack', 'Watermelon Lemonade (Hybrid) Gummies 100mg 10-pack', 'Cheers Queers Cannabis Pop Rocks (Strawberry Champagne) 10mg']",[],,2022.10.21,Goddess Delivers
12,https://www.leafly.com/dispensary-info/ganja-goddess-san-diego/p/606846483/hybrid-sensi-chew-100mg-10-pack?variant=612732528,Hybrid Sensi Chew 100mg 10-pack,Edible,Edible,Sensi Chews,"https://leafly-public.imgix.net/menu/DbZW7Wo8TzC9PVMYKUMc_SENSI%20Chew%20-%20Hybrid.jpeg?auto=compress,format&w=450&dpr=2",each,$19.00,,,[],THC 100.0mg,CBD —,,"Sensi Hybrid Chews are a good option if you want full body relaxation, but still want to be mentally viable, this version is great. 10 tasty and discrete does to enjoy no matter the time of day. ",,,"['Sativa Sensi Chew 100mg 10-pack', 'Indica Sensi Chews 100mg 10-pack', '5:1 Sleep Midnight Blueberry (Indica) Gummies 120mg 10-pack', 'Excite Wild Cherry (Sativa) Gummies 100mg 10-pack', '20:1 CBD Tincture 315mg', 'Cannabis Infused Dark Chocolate with Chili 100mg 10-pack', 'Watermelon Lemonade (Hybrid) Gummies 100mg 10-pack', 'Cheers Queers Cannabis Pop Rocks (Strawberry Champagne) 10mg']",[],,2022.10.21,Goddess Delivers
13,https://www.leafly.com/dispensary-info/ganja-goddess-san-diego/p/606846607/sativa-sensi-chew-100mg-10-pack?variant=612736718,Sativa Sensi Chew 100mg 10-pack,Edible,Edible,Sensi Chews,"https://leafly-public.imgix.net/menu/RD6Nto22S9WFb3aXlbDC_SENSI%20Chew%20-%20Energy.jpeg?auto=compress,format&w=450&dpr=2",each,$19.00,,,[],THC 100.0mg,CBD —,,Sensi Energy Chews are the power up with this invigorating variety ideal for battling the afternoon slump and pain! A great way to pick up your day with natural cannabis extract and plant extracts. ,,,"['Hybrid Sensi Chew 100mg 10-pack', 'Indica Sensi Chews 100mg 10-pack', '5:1 Sleep Midnight Blueberry (Indica) Gummies 120mg 10-pack', 'Excite Wild Cherry (Sativa) Gummies 100mg 10-pack', '20:1 CBD Tincture 315mg', 'Cannabis Infused Dark Chocolate with Chili 100mg 10-pack', 'Watermelon Lemonade (Hybrid) Gummies 100mg 10-pack', 'Cheers Queers Cannabis Pop Rocks (Strawberry Champagne) 10mg']",[],,2022.10.21,Goddess Delivers
14,https://www.leafly.com/dispensary-info/ganja-goddess-san-diego/p/606869180/51-sleep-midnight-blueberry-indica-gummies-120mg-1?variant=613680582,5:1 Sleep Midnight Blueberry (Indica) Gummies 120mg 10-pack,Edible,Edible,Kiva Confections,"https://leafly-public.imgix.net/products/photos/C4W9OOdRX2Ud1qjTuDg4_menu_caminoSleep.jpg?auto=compress,format&w=450&dpr=2",each,$23.00,,,[],THC 100.0mg,CBD 20.0mg,,"5mg THC & 1mg CBN per piece | 100mg THC & 20mg CBN total in 20 pieces

EFFECT: Sleep (Indica)

Camino Midnight Blueberry offers a calming combination of 5 MG of THC with 1 MG of CBN, relaxing terpenes, and chamomile and lavender oils. Together, these ingredients work synergistically together to create Kiva’s most tranquil product yet. Sweet dreams.

TERPENES;
• Myrcene - Improves the speed and intensity of the cannabis high by allowing THC to cross the blood-brain barrier more easily.
• Linalool - Anti-anxiety and sedating effects.
• Beta-Caryophyllene - May assist with the body's response to anxiety and stress.

INGREDIENTS: Organic Tapioca Syrup, Sugar, Gelatin, Malic Acid, Natural Flavors, Citric Acid, Cannabis Extract, Fruit and Vegetable Juice for Color, Chamomile Extract, Lavender Extract, Natural Terpenes, Coconut Oil, Carnauba Wax",,,"['Excite Wild Cherry (Sativa) Gummies 100mg 10-pack', 'Watermelon Lemonade (Hybrid) Gummies 100mg 10-pack', '1:1 Pear Gummies 100mg', 'Pineapple Habanero (Sativa) Gummies 100mg 10-pack', '2:1 Peach Gummies 150mg 10-pack', 'Dark Chocolate Kiva Bar 100mg', '1:1 Almond Kiva Terra Bites 200mg', 'Blueberry Fruit Chews (Sativa-Dominant Hybrid) 100mg 10-pack']",[],,2022.10.21,Goddess Delivers
15,https://www.leafly.com/dispensary-info/ganja-goddess-san-diego/p/606868034/watermelon-lemonade-hybrid-gummies-100mg-10-pack?variant=613635084,Watermelon Lemonade (Hybrid) Gummies 100mg 10-pack,Edible,Edible,Kiva Confections,"https://leafly-public.imgix.net/menu/Dj4WkNbvSayOBXeeServ_Kiva%20Camino%20Gummies%20-%20Watermelon%20Lemonade%20(Hybrid%20Strain).jpg?auto=compress,format&w=450&dpr=2",each,$23.00,,,[],THC 100.0mg,CBD —,,Blissfully bask in California's southern coast beaches with Kiva's Watermelon Lemonade Camino Gummies. This juicy combination of watermelon and citrus equals a balance of sativa and indica blended terpenes that are sure to transport you to your happy place!,,,"['5:1 Sleep Midnight Blueberry (Indica) Gummies 120mg 10-pack', 'Excite Wild Cherry (Sativa) Gummies 100mg 10-pack', 'Pineapple Habanero (Sativa) Gummies 100mg 10-pack', 'Dark Chocolate Kiva Bar 100mg', '1:1 Almond Kiva Terra Bites 200mg', 'Blueberry Fruit Chews (Sativa-Dominant Hybrid) 100mg 10-pack', '20:1 CBD Tincture 315mg', 'Cannabis Infused Dark Chocolate with Chili 100mg 10-pack']",[],,2022.10.21,Goddess Delivers
16,https://www.leafly.com/dispensary-info/ganja-goddess-san-diego/p/606868131/pineapple-habanero-sativa-gummies-100mg-10-pack?variant=613637058,Pineapple Habanero (Sativa) Gummies 100mg 10-pack,Edible,Edible,Kiva Confections,"https://leafly-public.imgix.net/menu/6z8M3K0dS3a8eeY73WVm_Kiva%20Camino%20Gummies%20Pineapple%20Habanero%20(Sativa%20Strain).jpg?auto=compress,format&w=450&dpr=2",each,$23.00,,,[],THC 100.0mg,CBD —,,Get uplifted in the Mojave desert with Kiva's Pineapple Habanero Camino Gummies. Pineapple and chamoy spices are blended with sativa terpenes providing a lift in spirits and energy!,,,"['5:1 Sleep Midnight Blueberry (Indica) Gummies 120mg 10-pack', 'Excite Wild Cherry (Sativa) Gummies 100mg 10-pack', 'Watermelon Lemonade (Hybrid) Gummies 100mg 10-pack', 'Blueberry Fruit Chews (Sativa-Dominant Hybrid) 100mg 10-pack', '1:1 Almond Kiva Terra Bites 200mg', 'Dark Chocolate Kiva Bar 100mg', '20:1 CBD Tincture 315mg', 'Cannabis Infused Dark Chocolate with Chili 100mg 10-pack']",[],,2022.10.21,Goddess Delivers
17,https://www.leafly.com/dispensary-info/ganja-goddess-san-diego/p/606845714/21-peach-gummies-150mg-10-pack?variant=612714521,2:1 Peach Gummies 150mg 10-pack,Edible,Edible,Wyld,"https://leafly-public.imgix.net/products/photos/dDv3MecISpGHPuffolIQ_Wyld_Peach_Gummies_AZ-reflct.png?auto=compress,format&w=450&dpr=2",each,$23.00,,,[],THC 50.0mg,CBD 100.0mg,,"New to edibles? Our Peach 2:1 CBD:THC gummies are made with more CBD than THC, making them a great option for easing into edibles. They are made with real fruit and enhanced with a balanced Hybrid terpene profile that may assist in creating a sense of ease and overall well being.

It’s a little like a vacation for your body. Enjoy!

100mg CBD:50mg THC per package, 10mg CBD:5mg THC per gummy.*
*Serving size varies by location. 

 
Contains: Coconut",,,"['1:1 Pear Gummies 100mg', '5:1 Sleep Midnight Blueberry (Indica) Gummies 120mg 10-pack', 'Excite Wild Cherry (Sativa) Gummies 100mg 10-pack', 'Care By Design CART - 4:1 CBD • Yellow', '20:1 CBD Tincture 315mg', 'Cannabis Infused Dark Chocolate with Chili 100mg 10-pack', 'Watermelon Lemonade (Hybrid) Gummies 100mg 10-pack', 'Cheers Queers Cannabis Pop Rocks (Strawberry Champagne) 10mg']",[],,2022.10.21,Goddess Delivers
18,https://www.leafly.com/dispensary-info/ganja-goddess-san-diego/p/606867070/11-pear-gummies-100mg?variant=613600559,1:1 Pear Gummies 100mg,Edible,Edible,Wyld,"https://leafly-public.imgix.net/products/photos/0SqAWkHTuek27fNt3IZo_Wyld_Pear_Gummies_AZ-reflct.png?auto=compress,format&w=450&dpr=2",each,$25.00,,,[],THC 100.0mg,CBD —,,"The restorative effects of CBG in combination with THC, alongside the terpenes found in Hybrid strains may provide greater rejuvenation than THC alone. This combination may be particularly useful when looking for balance.

It's a little like a bubble bath for your brain. Enjoy!

100mg THC:100mg CBG per container, 10mg THC:10mg CBG per gummy.*
*Serving size varies by location. 


Contains: Coconut",,,"['2:1 Peach Gummies 150mg 10-pack', '5:1 Sleep Midnight Blueberry (Indica) Gummies 120mg 10-pack', 'Excite Wild Cherry (Sativa) Gummies 100mg 10-pack', 'Care By Design CART - 4:1 CBD • Yellow', '20:1 CBD Tincture 315mg', 'Cannabis Infused Dark Chocolate with Chili 100mg 10-pack', 'Watermelon Lemonade (Hybrid) Gummies 100mg 10-pack', 'Cheers Queers Cannabis Pop Rocks (Strawberry Champagne) 10mg']",[],,2022.10.21,Goddess Delivers
19,https://www.leafly.com/dispensary-info/ganja-goddess-san-diego/p/606864786/11-espresso-dark-chocolate-kiva-bar-200mg-10-pack?variant=613520268,1:1 Espresso Dark Chocolate Kiva Bar 200mg 10-pack,Edible,Edible,Kiva,"https://leafly-public.imgix.net/products/photos/JDV06HZzSXmrI0f1zLfZ_menu_kiva_espresso.jpg?auto=compress,format&w=450&dpr=2",each,$25.00,,,[],THC 100.0mg,CBD 100.0mg,,"5mg THC : 5mg CBD per serving | 100mg THC : 100mg CBD total in 20 servings

DETAILS: Balance is not something you find, it’s something you create. With Kiva's 1:1 CBD Dark Chocolate Espresso Bar we’ve created the ideal 1:1 balance of CBD to THC. Infused with cold water hash and delicious notes of freshly brewed espresso, this bar is a harmonious combination of flavors and effects that will make the world slow down - even if just for a moment.

• Made using Ghiradelli's chocolate
• Infused with Cold Water Hash
• Solventless processing

INGREDIENTS: Semisweet Chocolate (Sugar, Unsweetened Chocolate, Cocoa Butter, Potassium Carbonate, Sunflower Lecithin, Vanilla), Cannabis Extract, Espresso Flavor.",,,"['1:1 Pear Gummies 100mg', 'Excite Wild Cherry (Sativa) Gummies 100mg 10-pack', '5:1 Sleep Midnight Blueberry (Indica) Gummies 120mg 10-pack', '20:1 CBD Tincture 315mg', 'Cannabis Infused Dark Chocolate with Chili 100mg 10-pack', 'Pineapple Party Cannabis Pop Rocks 10mg', 'Watermelon Lemonade (Hybrid) Gummies 100mg 10-pack', 'Pineapple Habanero (Sativa) Gummies 100mg 10-pack']",[],,2022.10.21,Goddess Delivers
20,https://www.leafly.com/dispensary-info/ganja-goddess-san-diego/p/606866017/cannabis-infused-dark-chocolate-with-chili-100mg-1?variant=613562877,Cannabis Infused Dark Chocolate with Chili 100mg 10-pack,Edible,Edible,Garden Society,"https://leafly-public.imgix.net/shared-web-images/product-type-icons/menu_edibles.png?auto=compress,format&w=450&dpr=2",each,$25.00,,,[],THC 100.0mg,CBD —,,"Garden Society Dark Chocolates are a rich dark chocolate with cinnamon and chili, infused with a strain of sativa-dominant hybrid cannabis to lighten your mood and lift spirits. At Garden Society, their founders Erin and Karli aspire to become the most positive and trusted craft cannabis brand by delivering exceedingly great products that turn down the daily chaos and turn up the joy. ",,,"['10:1 Cannabis Infused Milk Chocolate with Chai 110mg', '5:1 Sleep Midnight Blueberry (Indica) Gummies 120mg 10-pack', 'Excite Wild Cherry (Sativa) Gummies 100mg 10-pack', '20:1 CBD Tincture 315mg', 'Watermelon Lemonade (Hybrid) Gummies 100mg 10-pack', 'Cheers Queers Cannabis Pop Rocks (Strawberry Champagne) 10mg', '1:1 Espresso Dark Chocolate Kiva Bar 200mg 10-pack', '1:1 Pear Gummies 100mg']",[],,2022.10.21,Goddess Delivers
21,https://www.leafly.com/dispensary-info/ganja-goddess-san-diego/p/606865928/101-cannabis-infused-milk-chocolate-with-chai-110m?variant=613560411,10:1 Cannabis Infused Milk Chocolate with Chai 110mg,Edible,Edible,Garden Society,"https://leafly-public.imgix.net/menu/rzf5w7qjS8eZ4KF1KzOw_garden_society_-_cannabis_infused_milk_chocolate_with_chai.jpg?auto=compress,format&w=450&dpr=2",each,$25.00,,,[],THC 10.0mg,CBD 100.0mg,,"Garden Society Milk Chocolates are soothing and silky milk chocolate cannabis infused bites, with all the comforting spices of Chai. Give yourself the gift of a sweet treat, with the added bonus of high-CBD, in a 10:1 CBD ratio, for extra calm and focus on even the most stressful days.",,,"['Cannabis Infused Dark Chocolate with Chili 100mg 10-pack', '1:1 Pear Gummies 100mg', '1:1 Espresso Dark Chocolate Kiva Bar 200mg 10-pack', 'Excite Wild Cherry (Sativa) Gummies 100mg 10-pack', '5:1 Sleep Midnight Blueberry (Indica) Gummies 120mg 10-pack', '20:1 CBD Tincture 315mg', 'Pineapple Party Cannabis Pop Rocks 10mg', 'Watermelon Lemonade (Hybrid) Gummies 100mg 10-pack']",[],,2022.10.21,Goddess Delivers
22,https://www.leafly.com/dispensary-info/ganja-goddess-san-diego/p/606868337/dark-chocolate-kiva-bar-100mg?variant=613648230,Dark Chocolate Kiva Bar 100mg,Edible,Edible,Kiva Confections,"https://leafly-public.imgix.net/menu/JHsV4QnSu25XuVjjv8hP_Kiva%20Bar%20-%20Dark%20Chocolate%20(100mg).jpeg?auto=compress,format&w=450&dpr=2",each,$25.00,,,[],THC 100.0mg,CBD —,,Kiva's Dark Chocolate is rich and delicious with undertones of coffee and dark cherry. Kiva Confections Chocolate Bars are crafted from all-natural ingredients and skillfully infused with California-grown cannabis.,,,"['Excite Wild Cherry (Sativa) Gummies 100mg 10-pack', '5:1 Sleep Midnight Blueberry (Indica) Gummies 120mg 10-pack', 'Watermelon Lemonade (Hybrid) Gummies 100mg 10-pack', 'Pineapple Habanero (Sativa) Gummies 100mg 10-pack', '1:1 Almond Kiva Terra Bites 200mg', 'Blueberry Fruit Chews (Sativa-Dominant Hybrid) 100mg 10-pack', '1:1 Pear Gummies 100mg', '1:1 Espresso Dark Chocolate Kiva Bar 200mg 10-pack']",[],,2022.10.21,Goddess Delivers
23,https://www.leafly.com/dispensary-info/ganja-goddess-san-diego/p/606864351/blueberry-fruit-chews-sativa-dominant-hybrid-100mg?variant=613516412,Blueberry Fruit Chews (Sativa-Dominant Hybrid) 100mg 10-pack,Edible,Edible,Kiva Confections,"https://leafly-public.imgix.net/menu/9SXjjjUQAuvqA0ua4IR6_Kiva%20Lost%20Farm%20-%20Blueberry%20Fruit%20Chews%20with%20Blue%20Dream%20(Sativa-Dominant%20Hybrid%20Strain).jpeg?auto=compress,format&w=450&dpr=2",each,$25.00,,,[],THC 100.0mg,CBD —,,"Kiva expands their innovative Lost Farm selection with more strain-specific fruit chews that are vegan-friendly and formulated with only plant-based ingredients. Lost Farm is the first edibles brand ever made with 100% live resin, a superior extract that preserves all the delicate cannabinoids, flavonoids and terpenes commonly lost in the drying and curing process. ",,,"['5:1 Sleep Midnight Blueberry (Indica) Gummies 120mg 10-pack', 'Excite Wild Cherry (Sativa) Gummies 100mg 10-pack', 'Watermelon Lemonade (Hybrid) Gummies 100mg 10-pack', 'Pineapple Habanero (Sativa) Gummies 100mg 10-pack', '1:1 Almond Kiva Terra Bites 200mg', 'Dark Chocolate Kiva Bar 100mg', '20:1 CBD Tincture 315mg', 'Blue Dream (Sativa) PAX Era Pod 0.5g']",[],,2022.10.21,Goddess Delivers
24,https://www.leafly.com/dispensary-info/ganja-goddess-san-diego/p/606868296/11-almond-kiva-terra-bites-200mg?variant=613645266,1:1 Almond Kiva Terra Bites 200mg,Edible,Edible,Kiva Confections,"https://leafly-public.imgix.net/menu/zOTznv6Sl3spT1Su0tDw_Kiva%20Terra%20Bites%20-%20CBD%20Almond%20(1-1%20CBD-THC).jpeg?auto=compress,format&w=450&dpr=2",each,$28.00,,,[],THC 100.0mg,CBD 100.0mg,,"Kiva Confections have taken their delicious CBD Almond Terra Bites and increased the THC content to now make it 1:1 ratio, 5 times the previous THC, while still keeping the same great Terra Bites flavor and CBD content. There is 5mg of CBD and 5mg of THC in each delicious, dark chocolate bite, that you can easily toss in your bag for discreet enjoyment throughout the day.",,,"['5:1 Sleep Midnight Blueberry (Indica) Gummies 120mg 10-pack', 'Excite Wild Cherry (Sativa) Gummies 100mg 10-pack', 'Watermelon Lemonade (Hybrid) Gummies 100mg 10-pack', 'Pineapple Habanero (Sativa) Gummies 100mg 10-pack', 'Blueberry Fruit Chews (Sativa-Dominant Hybrid) 100mg 10-pack', 'Dark Chocolate Kiva Bar 100mg', '20:1 CBD Tincture 315mg', 'Cannabis Infused Dark Chocolate with Chili 100mg 10-pack']",[],,2022.10.21,Goddess Delivers
25,https://www.leafly.com/dispensary-info/ganja-goddess-san-diego/p/606866356/11-cannabis-infused-honey-sweets-suns-50mg-20-pack?variant=613573927,1:1 Cannabis Infused Honey Sweets Suns 50mg 20-pack,Edible,Edible,Cosmic View,"https://leafly-public.imgix.net/menu/3JesqEhCRPeUWGUQJz4f_Cosmic%20View%20-%20Cannabis%20Infused%20Honey%20Sweets%20-%20Suns%20-%2020pk.jpeg?auto=compress,format&w=450&dpr=2",each,$30.00,,,[],THC 25.0mg,CBD 25.0mg,,"Cosmic View's Sun Hard Honey Sweets are low dose 1:1 honey sweets infused with an invigorating sativa strain of flower rosin and Cannatonic CBD flower in a ratio perfect for new users or individuals who like a low dose treat. Founded by a mother scientist and a daughter cancer survivor, Cosmic View's topical and supplemental cannabis formulations are aimed at helping individuals seeking wellness. ",,,"['1:1 Pear Gummies 100mg', '1:1 Espresso Dark Chocolate Kiva Bar 200mg 10-pack', 'Excite Wild Cherry (Sativa) Gummies 100mg 10-pack', '5:1 Sleep Midnight Blueberry (Indica) Gummies 120mg 10-pack', '20:1 CBD Tincture 315mg', 'Cannabis Infused Dark Chocolate with Chili 100mg 10-pack', 'Pineapple Party Cannabis Pop Rocks 10mg', 'Watermelon Lemonade (Hybrid) Gummies 100mg 10-pack']",[],,2022.10.21,Goddess Delivers
26,https://www.leafly.com/dispensary-info/ganja-goddess-san-diego/p/606846722/201-cbd-tincture-315mg?variant=612746020,20:1 CBD Tincture 315mg,Edible,Edible,Proof Extracts,"https://leafly-public.imgix.net/menu/kPtxk2fgRimTLJ1I49tm_Proof%20Tincture%20-%2020-1%20CBD.jpeg?auto=compress,format&w=450&dpr=2",each,$35.00,,,[],THC 15.0mg,CBD 300.0mg,,Proof's 20:1 Tincture provides a minimally psychoactive option with very low THC and a generous amount of CBD. Perfect for those new to cannabis or all day consumers. This product is also recommended for pet owners. ,,,"['High Strength THC Tincture 900mg 15mL', '1:1 Pear Gummies 100mg', '1:1 Espresso Dark Chocolate Kiva Bar 200mg 10-pack', 'Excite Wild Cherry (Sativa) Gummies 100mg 10-pack', '5:1 Sleep Midnight Blueberry (Indica) Gummies 120mg 10-pack', 'Cannabis Infused Dark Chocolate with Chili 100mg 10-pack', 'Pineapple Party Cannabis Pop Rocks 10mg', 'Watermelon Lemonade (Hybrid) Gummies 100mg 10-pack']",[],,2022.10.21,Goddess Delivers
27,https://www.leafly.com/dispensary-info/ganja-goddess-san-diego/p/606846675/high-strength-thc-tincture-900mg-15ml?variant=612743794,High Strength THC Tincture 900mg 15mL,Edible,Edible,Proof Extracts,"https://leafly-public.imgix.net/menu/MV7cGLQhKjDBA682PfAO_Proof%20Extracts%20High-Strength%20THC%20Tincture.jpeg?auto=compress,format&w=450&dpr=2",each,$45.00,,,[],THC 900.0mg,CBD —,,"Proof's remixed THC-Rich tincture contains 30mg THC per dose, and should only be used by those seekingstrong effects. This high THC tincture is a great alternative to smoking or vaping. This ratio is very psychoactive. Suggested dose: use caution and dose in small amounts as desired.",,,"['20:1 CBD Tincture 315mg', '1:1 Pear Gummies 100mg', '1:1 Espresso Dark Chocolate Kiva Bar 200mg 10-pack', 'Excite Wild Cherry (Sativa) Gummies 100mg 10-pack', '5:1 Sleep Midnight Blueberry (Indica) Gummies 120mg 10-pack', 'Cannabis Infused Dark Chocolate with Chili 100mg 10-pack', 'Pineapple Party Cannabis Pop Rocks 10mg', 'Watermelon Lemonade (Hybrid) Gummies 100mg 10-pack']",[],,2022.10.21,Goddess Delivers
28,https://www.leafly.com/dispensary-info/ganja-goddess-san-diego/p/606864294/nina-limone-sativa-pax-era-pod-05g?variant=613513923,Nina Limone (Sativa) Pax Era Pod 0.5g,Cartridge,Cartridge,Legion of Bloom,"https://leafly-public.imgix.net/products/photos/h80tMmX5RV6HMe7hfO3l_AVD_PAX_Swirl_Side_Sativa.jpg?auto=compress,format&w=450&dpr=2",½ gram,$36.00,,,[],THC 87.0%,CBD —,Sativa,The Legion of Bloom ERA pods. The unrivaled quality of the Legion of Bloom meets the refined innovation that is PAX. The PAX ERA device and Pods are the ultimate oil vaporizer delivery system. Combine this with the quality cannabis oil and terpenes that the Legion is known for and this becomes a match made in heaven.,4.9,12,"['Blackberry Kush (Indica) Cartridge 1g', '2:1 CBD Vape Cartridge Orange 0.5g', 'Blue Dream (Sativa) Cartridge 1g', '18:1 CBD Vape Cartridge Blue 0.5g', 'Care By Design CART - 4:1 CBD • Yellow', '1:1 Cannatonic PAX Era Pod 0.5g', 'Blue Dream (Sativa) PAX Era Pod 0.5g', 'Elemental OG Unrefined Live Resin Cartridge (Sativa) 1g']",[],,2022.10.21,Goddess Delivers
29,https://www.leafly.com/dispensary-info/ganja-goddess-san-diego/p/606865762/blue-dream-sativa-pax-era-pod-05g?variant=613551095,Blue Dream (Sativa) PAX Era Pod 0.5g,Cartridge,Cartridge,Jetty Extracts,"https://leafly-public.imgix.net/menu/VH2rGdSR1aqhiNQBvHPF_PAX%20Era%20Pod%20by%20Jetty%20Extracts%20-%20Blue%20Dream%20(Sativa)%20-%200.5g.jpg?auto=compress,format&w=450&dpr=2",½ gram,$38.00,,,[],THC 79.9%,CBD —,Hybrid,"Blue Dream is one soothing sativa-dominant cannabis oil, great for uplifting and balancing out the user no matter the time of day. The effects and flavor you know and love, now pressed into a smooth-smoking Pax Era Pod half gram cartridge. Choose between classic strains and innovative cannabinoid blends, or try them all to experience the wealth of benefits that Jetty has to offer.",4.3,14.2k,"['1:1 Cannatonic PAX Era Pod 0.5g', 'Elemental OG Unrefined Live Resin Cartridge (Sativa) 1g', 'Blue Dream (Sativa) Cartridge 1g', 'Blackberry Kush (Indica) Cartridge 1g', 'Care By Design CART - 4:1 CBD • Yellow', '2:1 CBD Vape Cartridge Orange 0.5g', 'GG#5 (Hybrid) Cartridge 1g', 'Skywalker OG (Indica) Cartridge 1g']",[],"Updated February 2022  Blue Dream is a sativa-dominant hybrid marijuana strain made by crossing Blueberry with Haze. This strain produces a balanced high, along with effects such as cerebral stimulation and full-body relaxation. Blue dream is 18% THC but has a low CBD percentage, making this potent strain a fan favorite of both novice and veteran cannabis consumers. In terms of flavor, Blue Dream is reported to smell and taste like sweet berries. Medical marijuana patients often use Blue Dream to treat symptoms of depression, chronic pain, and nausea. According to home grow enthusiasts, this strain has an average flowering time of 67 days and is best suited to grow using the Sea of Green method. Blue Dream originated in California and has since achieved legendary status among West Coast strains and has quickly become one of the most-searched-for strains in the Leafly database. The average price per gram of Blue Dream is $20. Strains similar to Blue Dream include Blue Dream CBD, Double Dream, and Blue Magoo.",2022.10.21,Goddess Delivers
30,https://www.leafly.com/dispensary-info/ganja-goddess-san-diego/p/606865706/11-cannatonic-pax-era-pod-05g?variant=613548328,1:1 Cannatonic PAX Era Pod 0.5g,Cartridge,Cartridge,Jetty Extracts,"https://leafly-public.imgix.net/menu/8zaAQOXnQpymX9CQslG8_PAX%20Era%20Pod%20by%20Jetty%20Extracts%20-%20Cannatonic%20(1-1%20CBD)%20-%200.5g.jpeg?auto=compress,format&w=450&dpr=2",½ gram,$38.00,,,[],THC 35.2%,CBD 41.2%,Hybrid,"Jetty Extracts' Cannatonic is a CBD-dominant cannabis oil cartridge, pressed into an easy-to-use 1:1 CBD:THC cartridge that's compatible with a touch activated battery for convenience. Jetty Extracts’ premium cannabis oil is now in convenient PAX Era Pod form!",4.3,851,"['Blue Dream (Sativa) PAX Era Pod 0.5g', 'Elemental OG Unrefined Live Resin Cartridge (Sativa) 1g', 'Care By Design CART - 4:1 CBD • Yellow', 'Blackberry Kush (Indica) Cartridge 1g', '2:1 CBD Vape Cartridge Orange 0.5g', 'GG#5 (Hybrid) Cartridge 1g', 'Skywalker OG (Indica) Cartridge 1g', 'Northern Lights (Indica) Cartridge 1g']",[],"Cannatonic is a mostly CBD marijuana strain made by crossing MK Ultra and G13 Haze. This strain produces a relatively short-lived, mellow high that is also uplifting and powerfully relaxing. Medical marijuana patients choose Cannatonic to treat pain, muscle spasms, anxiety and migraines. This strain has a slightly earthy odor with a sweet citrus flavor.

 ",2022.10.21,Goddess Delivers
31,https://www.leafly.com/dispensary-info/ganja-goddess-san-diego/p/606863829/skywalker-og-indica-cartridge-1g?variant=613488644,Skywalker OG (Indica) Cartridge 1g,Cartridge,Cartridge,The Medicine Woman,"https://leafly-public.imgix.net/menu/rCyCtBSXS2iMEdyOmpAY_The%20Medicine%20Woman%20-%20Classic%20Cart%20-%20Skywalker%20OG%20(Indica)%20-%201g.jpeg?auto=compress,format&w=450&dpr=2",1 gram,$46.00,,,[],THC 62.8%,CBD —,Hybrid,"Skywalker OG is a premium indica-dominant hybrid strain, presented in a classic cannabis oil cartridge, great for flying off to a galaxy far, far, away no matter the time of day. The Medicine Woman is committed to giving patients direct and safe access to the finest medicinal herbs from around the world.",4.5,1595,"['GG#5 (Hybrid) Cartridge 1g', 'Northern Lights (Indica) Cartridge 1g', 'Green Crack (Sativa) Cartridge 1g', 'Care By Design CART - 4:1 CBD • Yellow', 'Blackberry Kush (Indica) Cartridge 1g', 'Blue Dream (Sativa) PAX Era Pod 0.5g', '1:1 Cannatonic PAX Era Pod 0.5g', '2:1 CBD Vape Cartridge Orange 0.5g']",[],"Mazar x Blueberry OG is a potent indica-dominant hybrid strain that may just take you to a galaxy far, far away. No Sith genetics here—this plant is a cross between Mazar x Bluebery and OG Kush and has the strong aroma characteristic to kush strains that includes a spicy herbal scent tinged with jet fuel. This strain makes relaxation your only mission, and some users report strong body effects that include mild tingling and numbness. If pain and physical limitations are the issue, Mazar x Bluebery OG is here to rescue you. The galaxy also holds a sativa dominant variety of Mazar x Blueberry that is also often referred to as Mazar x Blueberry OG or Sativa OG.",2022.10.21,Goddess Delivers
32,https://www.leafly.com/dispensary-info/ganja-goddess-san-diego/p/606863952/northern-lights-indica-cartridge-1g?variant=613494296,Northern Lights (Indica) Cartridge 1g,Cartridge,Cartridge,The Medicine Woman,"https://leafly-public.imgix.net/menu/YQJfyoqTaiLoXHnvmfvY_The%20Medicine%20Woman%20-%20Classic%20Cart%20-%20Northern%20Lights%20(Indica%20Strain)%20-%201g.jpeg?auto=compress,format&w=450&dpr=2",1 gram,$46.00,,,[],THC 61.0%,CBD —,Indica,"Northern Lights stems from one the most well known legacy strains first introduced in 1989, and since then has only improved with many cultivators experimenting with the deep flavor and full body effects. The Medicine Woman is committed to giving patients direct and safe access to the finest medicinal herbs from around the world, and to the compassionate care of California’s finest herbal practitioners. ",4.4,3466,"['Skywalker OG (Indica) Cartridge 1g', 'Green Crack (Sativa) Cartridge 1g', 'GG#5 (Hybrid) Cartridge 1g', 'Blackberry Kush (Indica) Cartridge 1g', 'Care By Design CART - 4:1 CBD • Yellow', '1:1 Cannatonic PAX Era Pod 0.5g', 'Blue Dream (Sativa) PAX Era Pod 0.5g', '2:1 CBD Vape Cartridge Orange 0.5g']",[],,2022.10.21,Goddess Delivers
33,https://www.leafly.com/dispensary-info/ganja-goddess-san-diego/p/606863993/green-crack-sativa-cartridge-1g?variant=613498376,Green Crack (Sativa) Cartridge 1g,Cartridge,Cartridge,The Medicine Woman,"https://leafly-public.imgix.net/menu/r21r3yPaRFi8qV083udj_The%20Medicine%20Woman%20-%20Classic%20Cart%20-%20Green%20Crack%20(Sativa)%20-%201g.jpeg?auto=compress,format&w=450&dpr=2",1 gram,$46.00,,,[],THC 61.7%,CBD —,Sativa,"Green Crack is a sativa cannabis cartridge wonder, ready to elevate, alleviate, and enter a lively state. An ideal strain to tackle the day, and any fatigue and depression it may bring. The Medicine Woman is committed to giving patients direct and safe access to the finest medicinal herbs from around the world. ",4.3,6792,"['Skywalker OG (Indica) Cartridge 1g', 'Northern Lights (Indica) Cartridge 1g', 'GG#5 (Hybrid) Cartridge 1g', 'Care By Design CART - 4:1 CBD • Yellow', 'Blackberry Kush (Indica) Cartridge 1g', 'Blue Dream (Sativa) PAX Era Pod 0.5g', '1:1 Cannatonic PAX Era Pod 0.5g', '2:1 CBD Vape Cartridge Orange 0.5g']",[],,2022.10.21,Goddess Delivers
34,https://www.leafly.com/dispensary-info/ganja-goddess-san-diego/p/606869347/gg5-hybrid-cartridge-1g?variant=613690511,GG#5 (Hybrid) Cartridge 1g,Cartridge,Cartridge,The Medicine Woman,"https://leafly-public.imgix.net/menu/tBrU4hkyREC0kBAoIvow_The%20Medicine%20Woman%20-%20Classic%20Cart%20-%20GG-5%20(Hybrid)%20-%201g.jpeg?auto=compress,format&w=450&dpr=2",1 gram,$46.00,,,[],THC 60.7%,CBD —,Hybrid,"GG#5 is one of the new popular hybrid strains, captivating circles far and wide, brought to you in the convenience of a premium cannabis oil cartridge, that can be easily dosed while on thew move. The Medicine Woman is committed to giving patients direct and safe access to the finest medicinal herbs from around the world.",4.5,147,"['Skywalker OG (Indica) Cartridge 1g', 'Northern Lights (Indica) Cartridge 1g', 'Green Crack (Sativa) Cartridge 1g', 'Blackberry Kush (Indica) Cartridge 1g', 'Care By Design CART - 4:1 CBD • Yellow', '1:1 Cannatonic PAX Era Pod 0.5g', 'Blue Dream (Sativa) PAX Era Pod 0.5g', '2:1 CBD Vape Cartridge Orange 0.5g']",[],,2022.10.21,Goddess Delivers
35,https://www.leafly.com/dispensary-info/ganja-goddess-san-diego/p/606866902/blackberry-kush-indica-cartridge-1g?variant=613596998,Blackberry Kush (Indica) Cartridge 1g,Cartridge,Cartridge,ABX AbsoluteXtracts,"https://leafly-public.imgix.net/products/photos/ANRGj7DQF2e7tU1Ky9fA_ABX___BLackberry_Kush_Full-Spectrum_Vape_Cartridge_1G.png?auto=compress,format&w=450&dpr=2",1 gram,$51.00,,,[],THC 73.5%,CBD 0.8%,Indica,"Over 80% THC

Potent, sweet, and strongly relaxing. Blackberry Kush offers a deep body high and flavors of berry and diesel.  Made from hand-picked batches of premium flower, expertly extracted. Infused with liquid diamonds and HTE for added flavor and potency. No artificial flavors or additives. Just pure, fresh cannabis vaping.",4.2,1970,"['Blue Dream (Sativa) Cartridge 1g', '2:1 CBD Vape Cartridge Orange 0.5g', 'Nina Limone (Sativa) Pax Era Pod 0.5g', '18:1 CBD Vape Cartridge Blue 0.5g', 'Care By Design CART - 4:1 CBD • Yellow', '1:1 Cannatonic PAX Era Pod 0.5g', 'Blue Dream (Sativa) PAX Era Pod 0.5g', 'Elemental OG Unrefined Live Resin Cartridge (Sativa) 1g']",[],,2022.10.21,Goddess Delivers
36,https://www.leafly.com/dispensary-info/ganja-goddess-san-diego/p/606866640/blue-dream-sativa-cartridge-1g?variant=613582511,Blue Dream (Sativa) Cartridge 1g,Cartridge,Cartridge,ABX AbsoluteXtracts,"https://leafly-public.imgix.net/products/photos/9ZTRvTmiR1OzKGbNhjk4_ABX___Blue_Dream_Full-Spectrum_Vape_Cartridge_1G.png?auto=compress,format&w=450&dpr=2",1 gram,$51.00,,,[],THC 61.6%,CBD 0.2%,Hybrid,"Over 80% THC

This Blueberry Indica, Sativa Haze combo is balancing and refreshing, making it popular for daytime use. Unique flavors of sweet citrus and sandalwood. Made from hand-picked batches of premium flower, expertly extracted. Infused with liquid diamonds and HTE for added flavor and potency. No artificial flavors or additives. Just pure, fresh cannabis vaping.",4.3,14.2k,"['Blackberry Kush (Indica) Cartridge 1g', 'Blue Dream (Sativa) PAX Era Pod 0.5g', '2:1 CBD Vape Cartridge Orange 0.5g', 'Nina Limone (Sativa) Pax Era Pod 0.5g', '18:1 CBD Vape Cartridge Blue 0.5g', 'Care By Design CART - 4:1 CBD • Yellow', '1:1 Cannatonic PAX Era Pod 0.5g', 'Skywalker OG (Indica) Cartridge 1g']",[],"Updated February 2022  Blue Dream is a sativa-dominant hybrid marijuana strain made by crossing Blueberry with Haze. This strain produces a balanced high, along with effects such as cerebral stimulation and full-body relaxation. Blue dream is 18% THC but has a low CBD percentage, making this potent strain a fan favorite of both novice and veteran cannabis consumers. In terms of flavor, Blue Dream is reported to smell and taste like sweet berries. Medical marijuana patients often use Blue Dream to treat symptoms of depression, chronic pain, and nausea. According to home grow enthusiasts, this strain has an average flowering time of 67 days and is best suited to grow using the Sea of Green method. Blue Dream originated in California and has since achieved legendary status among West Coast strains and has quickly become one of the most-searched-for strains in the Leafly database. The average price per gram of Blue Dream is $20. Strains similar to Blue Dream include Blue Dream CBD, Double Dream, and Blue Magoo.",2022.10.21,Goddess Delivers
37,https://www.leafly.com/dispensary-info/ganja-goddess-san-diego/p/258896188/care-by-design-cart---41-cbd--yellow?variant=12810081,Care By Design CART - 4:1 CBD • Yellow,Cartridge,Cartridge,Care By Design,"https://cdn.filestackcontent.com/614f0S9LQdS8LrJ2s6Uh?auto=compress,format&w=450&dpr=2",½ gram,$56.00,,,[],THC 13.1%,CBD 54.0%,,"Care By Design full-spectrum CBD oils are always derived from sun-grown, CBD-rich cannabis using CO2 extraction methods. Their formulas provide therapeutic entourage effects in addition to the precise ratio of CBD to THC to satisfy any preference.

4:1 CBD (Yellow)
This ratio has just enough THC to provide mild to moderate pain and spasm relief.",,,"['2:1 CBD Vape Cartridge Orange 0.5g', '18:1 CBD Vape Cartridge Blue 0.5g', 'Blackberry Kush (Indica) Cartridge 1g', '5:1 Sleep Midnight Blueberry (Indica) Gummies 120mg 10-pack', 'Excite Wild Cherry (Sativa) Gummies 100mg 10-pack', 'Blue Dream (Sativa) PAX Era Pod 0.5g', '1:1 Pear Gummies 100mg', '1:1 Cannatonic PAX Era Pod 0.5g']",[],,2022.10.21,Goddess Delivers
38,https://www.leafly.com/dispensary-info/ganja-goddess-san-diego/p/606866542/21-cbd-vape-cartridge-orange-05g?variant=613578240,2:1 CBD Vape Cartridge Orange 0.5g,Cartridge,Cartridge,Care By Design,"https://leafly-public.imgix.net/products/photos/mvajqhUhTv23HkKya7bI_Vape_2.png?auto=compress,format&w=450&dpr=2",½ gram,$56.00,,,[],THC 23.5%,CBD 46.0%,,"Pure and potent cannabis vaping. Made from carefully selected cannabis strains grown in the California sun and expertly extracted to preserve the full spectrum of cannabis compounds. Always free of additives for a clean vaping experience. The 2:1 is two parts CBD to one part THC. Typically mildly psychoactive. 340mg cannabinoids per cartridge.""",,,"['18:1 CBD Vape Cartridge Blue 0.5g', 'Care By Design CART - 4:1 CBD • Yellow', 'Blackberry Kush (Indica) Cartridge 1g', 'Nina Limone (Sativa) Pax Era Pod 0.5g', 'Blue Dream (Sativa) Cartridge 1g', 'Blue Dream (Sativa) PAX Era Pod 0.5g', '1:1 Cannatonic PAX Era Pod 0.5g', 'Elemental OG Unrefined Live Resin Cartridge (Sativa) 1g']",[],,2022.10.21,Goddess Delivers
39,https://www.leafly.com/dispensary-info/ganja-goddess-san-diego/p/606866579/181-cbd-vape-cartridge-blue-05g?variant=613579405,18:1 CBD Vape Cartridge Blue 0.5g,Cartridge,Cartridge,Care By Design,"https://leafly-public.imgix.net/products/photos/3J3D3H27QmiLApHgyY1c_Vape_18.png?auto=compress,format&w=450&dpr=2",½ gram,$56.00,,,[],THC 3.2%,CBD 58.8%,,Pure and potent cannabis vaping. Made from carefully selected cannabis strains grown in the California sun and expertly extracted to preserve the full spectrum of cannabis compounds. Always free of additives for a clean vaping experience. The 18:1 is mostly CBD with just enough THC to take the edge off. 340mg cannabinoids per cartridge.,,,"['2:1 CBD Vape Cartridge Orange 0.5g', 'Blackberry Kush (Indica) Cartridge 1g', 'Care By Design CART - 4:1 CBD • Yellow', 'Blue Dream (Sativa) Cartridge 1g', 'Nina Limone (Sativa) Pax Era Pod 0.5g', '1:1 Cannatonic PAX Era Pod 0.5g', 'Blue Dream (Sativa) PAX Era Pod 0.5g', 'Skywalker OG (Indica) Cartridge 1g']",[],,2022.10.21,Goddess Delivers
40,https://www.leafly.com/dispensary-info/ganja-goddess-san-diego/p/606869114/elemental-og-unrefined-live-resin-cartridge-sativa?variant=613678649,Elemental OG Unrefined Live Resin Cartridge (Sativa) 1g,Cartridge,Cartridge,Jetty Extracts,"https://leafly-public.imgix.net/shared-web-images/product-type-icons/menu_cartridge.png?auto=compress,format&w=450&dpr=2",1 gram,$57.00,,,[],THC 77.7%,CBD —,,"Elemental OG is one earth-shaking sativa-dominant unrefined live resin, with a variety of unique flavor notes and effects, spinning most users into a dizzying ""uplifting rush"" in the best of ways. Jetty Extracts combines care with craft by sourcing the best materials and implementing superior extraction methods that bring you some of the most consistent cannabis oils in potency, purity, and flavor.",,,"['1:1 Cannatonic PAX Era Pod 0.5g', 'Blue Dream (Sativa) PAX Era Pod 0.5g', 'Blackberry Kush (Indica) Cartridge 1g', 'Care By Design CART - 4:1 CBD • Yellow', '2:1 CBD Vape Cartridge Orange 0.5g', 'Skywalker OG (Indica) Cartridge 1g', 'Northern Lights (Indica) Cartridge 1g', 'Green Crack (Sativa) Cartridge 1g']",[],,2022.10.21,Goddess Delivers
41,https://www.leafly.com/dispensary-info/ganja-goddess-san-diego/p/606867650/pink-box-indica-10-mini-pre-rolls?variant=613621439,Pink Box (Indica) 10 Mini Pre-Rolls,Preroll,PreRoll,Pure Beauty,"https://leafly-public.imgix.net/menu/SrCW9o1RQ2jHKTaPLAxm_Pure%20Beauty%20Babies%20-%20Pink%20Box%20(Indica%20Strain)%20-%2010%20Mini%20Pre-Rolls.jpeg?auto=compress,format&w=450&dpr=2",each,$51.00,,,[],THC —,CBD —,,"With a smooth smoke and sweet earthy flavor, Pure Beauty’s Indica Babies impart a calm and tingly body high that melts away stress making this a perfect start to your bedtime routine. At 22+% total cannabinoids this blend definitely packs a punch! ",,,"['Black Box (Hybrid) 10 Mini Pre-Rolls', 'Yellow Box (Sativa) 10 Mini Pre-Rolls', '1:1 Pear Gummies 100mg', '1:1 Espresso Dark Chocolate Kiva Bar 200mg 10-pack', 'Blackberry Kush (Indica) Cartridge 1g', 'Excite Wild Cherry (Sativa) Gummies 100mg 10-pack', 'Care By Design CART - 4:1 CBD • Yellow', '5:1 Sleep Midnight Blueberry (Indica) Gummies 120mg 10-pack']",[],,2022.10.21,Goddess Delivers
42,https://www.leafly.com/dispensary-info/ganja-goddess-san-diego/p/606867701/black-box-hybrid-10-mini-pre-rolls?variant=613623661,Black Box (Hybrid) 10 Mini Pre-Rolls,Preroll,PreRoll,Pure Beauty,"https://leafly-public.imgix.net/menu/XuUWBiPxTKu5DSkfrgji_Pure%20Beauty%20Babies%20-%20Black%20Box%20(Hybrid%20Strain)%20-%2010%20Mini%20Pre-Rolls.jpeg?auto=compress,format&w=450&dpr=2",each,$51.00,,,[],THC —,CBD —,,Pure Beauty’s Hybrid Babies are a rich treat with effects that are blissfully calm with a pleasant euphoric buzz. You may find yourself smiling for no apparent reason. At 21+% total cannabinoids this blend definitely packs a punch! ,,,"['Pink Box (Indica) 10 Mini Pre-Rolls', 'Yellow Box (Sativa) 10 Mini Pre-Rolls', 'Care By Design CART - 4:1 CBD • Yellow', 'Blackberry Kush (Indica) Cartridge 1g', '5:1 Sleep Midnight Blueberry (Indica) Gummies 120mg 10-pack', 'Excite Wild Cherry (Sativa) Gummies 100mg 10-pack', '20:1 CBD Tincture 315mg', 'Blue Dream (Sativa) PAX Era Pod 0.5g']",[],,2022.10.21,Goddess Delivers
43,https://www.leafly.com/dispensary-info/ganja-goddess-san-diego/p/606867444/yellow-box-sativa-10-mini-pre-rolls?variant=613615355,Yellow Box (Sativa) 10 Mini Pre-Rolls,Preroll,PreRoll,Pure Beauty,"https://leafly-public.imgix.net/menu/QNw1QIRuyrrqtkyxgzyQ_Pure%20Beauty%20Babies%20-%20Yellow%20Box%20(Sativa%20Strain)%20-%2010%20Mini%20Pre-Rolls.jpeg?auto=compress,format&w=450&dpr=2",each,$51.00,,,[],THC —,CBD —,,"Pure Beauty’s Sativa Babies motivate and inspire with a productive head high ideal for tackling a creative project. From its unique top shelf flower down to the progressive cultivation methods and gorgeous packaging, Pure Beauty is just that!",,,"['Pink Box (Indica) 10 Mini Pre-Rolls', 'Black Box (Hybrid) 10 Mini Pre-Rolls', 'Care By Design CART - 4:1 CBD • Yellow', 'Blackberry Kush (Indica) Cartridge 1g', '5:1 Sleep Midnight Blueberry (Indica) Gummies 120mg 10-pack', 'Excite Wild Cherry (Sativa) Gummies 100mg 10-pack', '20:1 CBD Tincture 315mg', 'Blue Dream (Sativa) PAX Era Pod 0.5g']",[],,2022.10.21,Goddess Delivers
