﻿Index,Link,Name,Label,Category,Brand,Image,Unit,Price,OrginalPrice,Discount,OtherAmount,THC,CBD,Lineage,Description,Rating,Reviewnum,Alsolike,Similar,Strain,ScrapeTime,Store name
0,https://www.leafly.com/dispensary-info/kanna/p/619428905/sophies-sherbert?variant=1288803851,Sophie's Sherbert,Hybrid flower,Flower,Srene,"https://uploads.iheartjane.com/uploads/71b9a3db-2a44-42d1-a7a0-f76d08d5b876.jpg?auto=compress,format&w=450&dpr=2",1 gram,$10.00,,,"['price of 30 for 3.5 g', 'price of 55 for 7 g', 'price of 75 for 14 g']",THC 18.1%,CBD 0.1%,Hybrid,"1G:  BetaCaryophyllene: 5mg | BetaMyrcene: 8mg | Bisabolol: 2.4mg | CBD: 0.05% | CBDa: 0.06% | CBG: 0.06% | CBGA: 0.43% | Limonene: 3.5mg | Linalool: 2.9mg | THC: 18.19%
--
3.5G:  BetaCaryophyllene: 5mg | BetaMyrcene: 8mg | Bisabolol: 2.4mg | CBD: 0.05% | CBDa: 0.06% | CBG: 0.06% | CBGA: 0.43% | Limonene: 3.5mg | Linalool: 2.9mg | THC: 18.19%
--
7G:  BetaCaryophyllene: 5mg | BetaMyrcene: 8mg | Bisabolol: 2.4mg | CBD: 0.05% | CBDa: 0.06% | CBG: 0.06% | CBGA: 0.43% | Limonene: 3.5mg | Linalool: 2.9mg | THC: 18.19%
--
14G:  BetaCaryophyllene: 5.3mg | BetaMyrcene: 8.5mg | Bisabolol: 2.4mg | CBD: 0.05% | CBDa: 0.05% | CBG: 0.06% | CBGA: 0.42% | Limonene: 3.5mg | Linalool: 2.9mg | THC: 18.09%
--
No description available. If you have any info on this strain, drop us some knowledge at strains@leafly.com",4.6,1552.0,"['Dog Valley Haze', 'DayStripper', 'Fruity P', 'Strange Haze #8', 'Jet Fuel Acai', 'Gumbo #2', 'Gumbo #2', 'Lemon Cherry Gelato [900mg]']",[],,2022.10.21,Kanna
1,https://www.leafly.com/dispensary-info/kanna/p/618331717/dog-valley-haze?variant=1322235929,Dog Valley Haze,Hybrid flower,Flower,Srene,"https://product-assets.iheartjane.com/photos/dc/c6/dcc629c2-3436-4bde-976c-1092c05f8fbb.jpeg?auto=compress,format&w=450&dpr=2",⅛ ounce,$40.00,,,['price of 75 for 14 g'],THC 15.9%,CBD 0.0%,Hybrid,"14G:  BetaCaryophyllene: 4.4mg | BetaMyrcene: 6.4mg | CBD: 0.04% | CBDa: 0.05% | CBG: 0.09% | CBGA: 1.27% | Humulene: 2.3mg | Limonene: 1.2mg | Terpinolene: 4.3mg | THC: 15.88%
--
3.5G:  BetaCaryophyllene: 6mg | BetaMyrcene: 8mg | Bisabolol: 1mg | CBD: 0.06% | CBDa: 0.07% | CBG: 0.13% | CBGA: 2.42% | Humulene: 3.8mg | Limonene: 1mg | Terpinolene: 7mg | THC: 26.38%
--
No description available. If you have any info on this strain, drop us some knowledge at strains@leafly.com",5.0,1.0,"['Fruity P', 'Jet Fuel Acai', 'DayStripper', 'Strange Haze #8', 'Gumbo #2', ""Sophie's Sherbert"", 'Gumbo #2', '1:1 Watermelon (150mg)']",[],,2022.10.21,Kanna
2,https://www.leafly.com/dispensary-info/kanna/p/618331753/fruity-p?variant=1328235551,Fruity P,Hybrid flower,Flower,Srene,"https://product-assets.iheartjane.com/photos/46/f6/46f69925-5a7b-41cc-ba2c-f437c1be2f26.jpeg?auto=compress,format&w=450&dpr=2",⅛ ounce,$50.00,,,['price of 75 for 14 g'],THC 17.9%,CBD 0.0%,Hybrid,"14G:  BetaCaryophyllene: 3.3mg | BetaMyrcene: 8.9mg | CBD: 0.04% | CBDa: 0.05% | CBG: 0.15% | CBGA: 0.36% | Humulene: 1.1mg | Limonene: 3mg | Linalool: 1.2mg | THC: 17.86%
--
3.5G:  BetaCaryophyllene: 4.9mg | BetaMyrcene: 13.8mg | CBD: 0.06% | CBDa: 0.07% | CBG: 0.23% | CBGA: 0.95% | Humulene: 2.8mg | Limonene: 4mg | Linalool: 1.7mg | THC: 28.25%
--
Fruity P. seems to be a fairly rare and thus, (reportedly) expensive hybrid which some say is Indica-Dominant while others claim it leans more to the Sativa side. Offering a notable, sweet, creamy berry flavor (similar to the breakfast cereal) and with its genetic lineage much in dispute, this blissful strain induces energetic yet decidedly calming, dream-like and often sleepy effects.",4.4,976.0,"['Dog Valley Haze', 'Jet Fuel Acai', 'DayStripper', 'Strange Haze #8', 'Gumbo #2', ""Sophie's Sherbert"", 'Gumbo #2', '1:1 Watermelon (150mg)']",[],,2022.10.21,Kanna
3,https://www.leafly.com/dispensary-info/kanna/p/619428909/strange-haze-8?variant=1328235557,Strange Haze #8,Sativa flower,Flower,Srene,"https://uploads.iheartjane.com/uploads/78823fe6-1bc4-44a3-9808-b311734a192c.jpg?auto=compress,format&w=450&dpr=2",⅛ ounce,$50.00,,,[],THC 29.2%,CBD 0.1%,Sativa,"BetaCaryophyllene: 3.9mg | BetaMyrcene: 2.5mg | BetaPinene: 2mg | CBD: 0.07% | CBDa: 0.08% | CBG: 0.22% | CBGA: 1.43% | Humulene: 2.5mg | Terpinolene: 22.6mg | THC: 29.22%
--

--
No description available. If you have any info on this strain, drop us some knowledge at strains@leafly.com",4.0,466.0,"['Dog Valley Haze', 'DayStripper', 'Fruity P', 'Jet Fuel Acai', 'Gumbo #2', ""Sophie's Sherbert"", 'Fruity Haze [900mg]', 'Gumbo #2']",[],,2022.10.21,Kanna
4,https://www.leafly.com/dispensary-info/kanna/p/619428901/daystripper?variant=1328235555,DayStripper,Flower,Flower,Srene,"https://uploads.iheartjane.com/uploads/b3ebaba2-3743-401c-9932-567895cb5ee2.jpg?auto=compress,format&w=450&dpr=2",⅛ ounce,$50.00,,,['price of 65 for 7 g'],THC 26.6%,CBD 0.1%,,"3.5G:  BetaCaryophyllene: 4.3mg | BetaMyrcene: 2.4mg | BetaPinene: 1.8mg | CBD: 0.06% | CBDa: 0.07% | CBG: 0.12% | CBGA: 2.83% | Humulene: 2.2mg | Terpinolene: 22.3mg | THC: 26.61%
--
7G:  BetaCaryophyllene: 2mg | BetaMyrcene: 1.7mg | BetaPinene: 2.2mg | CaryophylleneOxide: 2.3mg | CBD: 0.06% | CBDa: 0.07% | CBG: 0.19% | CBGA: 3.26% | Terpinolene: 16.2mg | THC: 26.93%
--
No description available. If you have any info on this strain, drop us some knowledge at strains@leafly.com",,,"['Dog Valley Haze', 'Fruity P', 'Strange Haze #8', 'Jet Fuel Acai', 'Gumbo #2', ""Sophie's Sherbert"", 'Gumbo #2', '1:1 Watermelon (150mg)']",[],,2022.10.21,Kanna
5,https://www.leafly.com/dispensary-info/kanna/p/618331750/jet-fuel-acai?variant=1365419605,Jet Fuel Acai,Hybrid flower,Flower,Srene,"https://product-assets.iheartjane.com/photos/f0/07/f0074277-79c5-4a05-9fbb-e108544bbbb9.jpeg?auto=compress,format&w=450&dpr=2",½ ounce,$75.00,,,[],THC 18.1%,CBD 0.1%,Hybrid,"BetaCaryophyllene: 4.8mg | BetaMyrcene: 1.8mg | BetaPinene: 1.3mg | Bisabolol: 1.4mg | CBD: 0.05% | CBDa: 0.05% | CBG: 0.14% | CBGA: 0.58% | Limonene: 6.6mg | Linalool: 1.3mg | THC: 18.09%
--

--
No description available. If you have any info on this strain, drop us some knowledge at strains@leafly.com",4.5,686.0,"['Dog Valley Haze', 'Fruity P', 'DayStripper', 'Strange Haze #8', 'Gumbo #2', ""Sophie's Sherbert"", 'Gumbo #2', 'Lemon Cherry Gelato [900mg]']",[],,2022.10.21,Kanna
6,https://www.leafly.com/dispensary-info/kanna/p/620121491/gumbo-2?variant=1344545534,Gumbo #2,Smalls,Flower,Srene,"https://uploads.iheartjane.com/uploads/c455b722-eb9b-4a8d-8add-cc7301efaf97.jpg?auto=compress,format&w=450&dpr=2",⅛ ounce,$25.00,,,['price of 75 for 14 g'],THC 17.9%,CBD 0.1%,Indica,"3.5G:  BetaCaryophyllene: 7.2mg | BetaMyrcene: 1.8mg | Bisabolol: 1.5mg | CBD: 0.05% | CBDa: 0.05% | CBG: 0.1% | CBGA: 0.39% | Humulene: 1.5mg | Limonene: 4.3mg | THC: 17.87%
--
14G:  BetaCaryophyllene: 7.2mg | BetaMyrcene: 1.8mg | Bisabolol: 1.5mg | CBD: 0.05% | CBDa: 0.05% | CBG: 0.1% | CBGA: 0.39% | Humulene: 1.5mg | Limonene: 4.3mg | THC: 17.87%
--
No description available. If you have any info on this strain, drop us some knowledge at strains@leafly.com",4.5,71.0,"['Gumbo #2', 'Fruity P', 'L.A. Confidential [900mg]', 'Jet Fuel Acai', 'Gas n Bananas', 'DayStripper', 'Fruity Haze [900mg]', ""Sophie's Sherbert""]",[],,2022.10.21,Kanna
7,https://www.leafly.com/dispensary-info/kanna/p/620121490/gumbo-2?variant=1344545531,Gumbo #2,Shake,Flower,Srene,"https://uploads.iheartjane.com/uploads/a0a2cbd7-b0a0-4f67-95f0-176f42a1f036.jpg?auto=compress,format&w=450&dpr=2",¼ ounce,$28.00,,,[],THC 17.9%,CBD 0.1%,Indica,"BetaCaryophyllene: 7.2mg | BetaMyrcene: 1.8mg | Bisabolol: 1.5mg | CBD: 0.05% | CBDa: 0.05% | CBG: 0.1% | CBGA: 0.39% | Humulene: 1.5mg | Limonene: 4.3mg | THC: 17.87%
--

--
No description available. If you have any info on this strain, drop us some knowledge at strains@leafly.com",4.5,71.0,"['Gumbo #2', 'Dog Valley Haze', 'Lemon Cherry Gelato [900mg]', 'DayStripper', 'Fruity P', 'Strange Haze #8', 'Jet Fuel Acai', ""Sophie's Sherbert""]",[],"Gumbo is an indica weed strain made by crossing two unknown strains. Gumbo is named for its signature bubblegum flavor. This strain produces relaxing and sleepy indica effects. Gumbo features a piney aroma with a smooth finish. Medical marijuana patients who suffer from aches and pains tell us they often choose Gumbo. This strain has a reputation for increasing appetite, so make sure you keep some snacks handy while you partake. According to growers, Gumbo flowers into colorful nugs with hues of purple, blue, and dark green with above average trichome coverage. The original breeder of Gumbo is unknown.",2022.10.21,Kanna
8,https://www.leafly.com/dispensary-info/kanna/p/618331642/11-watermelon-150mg?variant=1201075145,1:1 Watermelon (150mg),Tinctures,Concentrate,Srene,"https://product-assets.iheartjane.com/photos/7b/a7/7ba7cfe8b8564e178d73db16e7c51b16.jpeg?auto=compress,format&w=450&dpr=2",each,$10.00,,,[],THC 150.0mg,CBD —,Indica,"CBD: 152.76mg | CBG: 3.99mg | CBGA: 24.23mg | THC: 139.08mg
--

--
Watermelon flavored 1:1 cbd to thc cannabis infused tincture.",4.4,302.0,"['Dog Valley Haze', 'Lemon Cherry Gelato [900mg]', 'DayStripper', 'Fruity P', 'Strange Haze #8', 'Jet Fuel Acai', 'Gumbo #2', ""Sophie's Sherbert""]",[],"Watermelon, also known as ""Watermelon Kush"" and ""Watermelon OG,"" is an indica marijuana strain made by crossing two unknown parents. Watermelon produces relaxing effects, making it useful as a sleeping aid or appetite stimulant. As the name suggests, this strain has a distinct fruity watermelon flavor profile, reminiscent of grape with hashy undertones. Watermelon is prized by growers for its high yield and potency, requiring 55 to 60 days flowering time. Growers say this strain has large, dense buds that are valued for their high THC content. ",2022.10.21,Kanna
9,https://www.leafly.com/dispensary-info/kanna/p/618419225/blueberry---indica-10pk-100mg?variant=1207052308,Blueberry - Indica [10pk] (100mg),Candies,Edible,Wana Brands,"https://uploads.iheartjane.com/uploads/b57e34c7-32d1-430c-9127-907bd23d5031.jpg?auto=compress,format&w=450&dpr=2",each,$15.00,,,[],THC 100.0mg,CBD —,Hybrid,"THC: 89.7mg
--

--
Wana’s Blueberry Sour Gummies are made with all natural flavors and colors. They are handcrafted and infused with premium extract during the cooking process. Our juicy Blueberry Gummies are the perfect mixture of sweet and tart.
--
Vegan and Gluten Free",4.7,32.0,"['Peach Bellini [10pk] (100mg)', 'Sweatshirt - Grey [XL]', 'Sweatshirt - Black [L]', 'Hat - Camo', 'Sweatshirt - Grey [L]', 'Hat', 'Dog Valley Haze', '1:1 Watermelon (150mg)']",[],,2022.10.21,Kanna
10,https://www.leafly.com/dispensary-info/kanna/p/618331695/peach-bellini-10pk-100mg?variant=1201075224,Peach Bellini [10pk] (100mg),Candies,Edible,Wana Brands,"https://uploads.iheartjane.com/uploads/1f3d224b-5953-4ec3-84fd-38d70ca8894f.jpg?auto=compress,format&w=450&dpr=2",each,$20.00,,,[],THC 100.0mg,CBD —,,"THC: 100.3mg
--

--
100mg THC per package | 5mg THC per piece
These bubbly peach gummies will add some zip to your day with an energizing sativa blend, enhanced with our proprietary blend of more than 30 terpenes!
5-15 Minute Onset with a 2-4 Hour Duration
Delivers a Cerebral ""Smoker's High""
Vegan and Gluten-Free
Sweetened with Organic Ingredients (No High-Fructose Corn Syrup)
All-Natural Flavors and Colors
Enhanced with 30+ Terpenes
Child-Proof, Food-Safe, Sustainable Packaging",,,"['Blueberry - Indica [10pk] (100mg)', 'Sweatshirt - Grey [XL]', 'Sweatshirt - Black [L]', 'Sweatshirt - Grey [L]', 'Hat', 'Hat - Camo', 'Fruity P', 'Gumbo #2']",[],,2022.10.21,Kanna
11,https://www.leafly.com/dispensary-info/kanna/p/619428900/gas-n-bananas?variant=1288803841,Gas n Bananas,Cartridges,Cartridge,Srene,"https://uploads.iheartjane.com/uploads/540f556c-357e-4bab-9220-b34421a5e6c4.jpg?auto=compress,format&w=450&dpr=2",½ gram,$25.00,,,[],THC 88.9%,CBD —,Hybrid,"BetaMyrcene: 5.8mg | BetaPinene: 4.8mg | CBC: 0.86% | CBG: 2.26% | Limonene: 19.6mg | Linalool: 3.7mg | Terpinolene: 4.4mg | THC: 88.93%
--

--
A strain specific cannabis extract cartridge by SRENE.",4.0,1.0,"['Fruity P', 'Gumbo #2', 'L.A. Confidential [900mg]', 'Jet Fuel Acai', 'DayStripper', 'Fruity Haze [900mg]', ""Sophie's Sherbert"", 'Dog Valley Haze']",[],,2022.10.21,Kanna
12,https://www.leafly.com/dispensary-info/kanna/p/620133201/lime-light?variant=1345207583,Lime Light,Cartridges,Cartridge,Srene,"https://uploads.iheartjane.com/uploads/6b6063cf-498f-4b80-b6d0-c11333740d00.jpg?auto=compress,format&w=450&dpr=2",½ gram,$25.00,,,[],THC 83.6%,CBD 2.3%,,"AlphaPinene: 3.9mg | BetaCaryophyllene: 6mg | BetaMyrcene: 24.6mg | BetaPinene: 2.6mg | CBD: 2.31% | CBG: 1.9% | Limonene: 4.4mg | THC: 83.56%
--

--
A strain specific extract by SRENE.",,,"['Fruity P', 'Gumbo #2', 'L.A. Confidential [900mg]', 'Jet Fuel Acai', 'Gas n Bananas', 'DayStripper', 'Fruity Haze [900mg]', ""Sophie's Sherbert""]",[],,2022.10.21,Kanna
13,https://www.leafly.com/dispensary-info/kanna/p/620134227/la-confidential-900mg?variant=1345281986,L.A. Confidential [900mg],Cartridges,Cartridge,Srene,"https://uploads.iheartjane.com/uploads/1b11f3fa-9932-460d-8714-89c80837b68f.jpg?auto=compress,format&w=450&dpr=2",each,$40.00,,,[],THC 80.8%,CBD 1.4%,Indica,"AlphaPinene: 1.6mg | BetaCaryophyllene: 0.08mg | BetaMyrcene: 14.9mg | BetaPinene: 3.6mg | CBC: 0.41% | CBD: 1.35% | CBG: 2.07% | Limonene: 24.2mg | Linalool: 4mg | THC: 80.79%
--

--
A strain specific cannabis extract cartridge by SRENE.",4.3,1386.0,"['Dog Valley Haze', '1:1 Watermelon (150mg)', 'Lemon Cherry Gelato [900mg]', 'DayStripper', 'Fruity P', 'Strange Haze #8', 'Jet Fuel Acai', 'Gumbo #2']",[],,2022.10.21,Kanna
14,https://www.leafly.com/dispensary-info/kanna/p/620134226/fruity-haze-900mg?variant=1345281979,Fruity Haze [900mg],Cartridges,Cartridge,Srene,"https://uploads.iheartjane.com/uploads/843b4db6-e0cb-4d80-aeb3-ea2cfc75de4f.jpg?auto=compress,format&w=450&dpr=2",each,$40.00,,,[],THC 87.5%,CBD 2.3%,Sativa,"AlphaPinene: 0.09mg | BetaCaryophyllene: 4.4mg | BetaMyrcene: 11mg | BetaPinene: 2.22mg | CBD: 2.29% | CBG: 1.51% | Humulene: 1.6mg | Limonene: 5.2mg | Linalool: 1.5mg | Ocimene: 1.8mg | Terpinolene: 8.5mg | THC: 87.48%
--

--
A strain specific cannabis extract cartridge by SRENE.",4.0,466.0,"['Strange Haze #8', 'Dog Valley Haze', '1:1 Watermelon (150mg)', 'Lemon Cherry Gelato [900mg]', 'DayStripper', 'Fruity P', 'Jet Fuel Acai', 'Gumbo #2']",[],"Haze, also known as ""Original Haze,"" ""OG Haze,"" ""Haze OG,"" and ""Haze Brothers,"" is a sativa marijuana strain. This strain provides high-energy and creative effects. Haze first took root in Santa Cruz, California during the 1960s where long growing seasons accommodated her lengthy flowering cycle. Since then, Haze has become the proud parent of countless hybrids around the globe, passing on its genetics from Colombia, Mexico, Thailand, and South India. Haze's aroma is typically characterized by a spicy scent accented by hints of citrus and earthy sweetness. ",2022.10.21,Kanna
15,https://www.leafly.com/dispensary-info/kanna/p/620134225/lemon-cherry-gelato-900mg?variant=1345281976,Lemon Cherry Gelato [900mg],Cartridges,Cartridge,Srene,"https://uploads.iheartjane.com/uploads/c50a0a7f-2e60-4017-937d-ff3750a44656.jpg?auto=compress,format&w=450&dpr=2",each,$40.00,,,[],THC 88.5%,CBD 2.4%,Hybrid,"BetaCaryophyllene: 4.8mg | BetaMyrcene: 2.6mg | CBD: 2.38% | CBG: 1.53% | Limonene: 4.8mg | Ocimene: 2.4mg | Terpinolene: 10mg | THC: 88.48% | THC9: 88.48%
--

--
A strain specific cannabis extract cartridge by SRENE.",4.0,6.0,"['Dog Valley Haze', '1:1 Watermelon (150mg)', 'DayStripper', 'Fruity P', 'Strange Haze #8', 'Jet Fuel Acai', 'Gumbo #2', ""Sophie's Sherbert""]",[],,2022.10.21,Kanna
16,https://www.leafly.com/dispensary-info/kanna/p/620134228/lime-light-900mg?variant=1345281987,Lime Light [900mg],Cartridges,Cartridge,Srene,"https://uploads.iheartjane.com/uploads/7b40a5a7-26e6-4e54-9c32-c0cabad479c7.jpg?auto=compress,format&w=450&dpr=2",each,$40.00,,,[],THC 83.6%,CBD 2.3%,,"AlphaPinene: 3.9mg | BetaCaryophyllene: 6mg | BetaMyrcene: 24.6mg | BetaPinene: 2.6mg | CBD: 2.31% | CBG: 1.9% | Limonene: 4.4mg | THC: 83.56%
--

--
A strain specific cannabis extract cartridge by SRENE.",,,"['Dog Valley Haze', '1:1 Watermelon (150mg)', 'Lemon Cherry Gelato [900mg]', 'DayStripper', 'Fruity P', 'Strange Haze #8', 'Jet Fuel Acai', 'Gumbo #2']",[],,2022.10.21,Kanna
17,https://www.leafly.com/dispensary-info/kanna/p/619947200/day-stripper-1g?variant=1328235548,Day Stripper [1g],Pre rolls,PreRoll,Srene,"https://uploads.iheartjane.com/uploads/6ffbeb69-7ba0-4b6f-b714-a32fa63de86c.jpg?auto=compress,format&w=450&dpr=2",each,$13.00,,,[],THC 28.8%,CBD 0.1%,,"BetaCaryophyllene: 2.9mg | BetaMyrcene: 1.7mg | BetaPinene: 1.8mg | CBD: 0.06% | CBDa: 0.06% | CBG: 0.13% | CBGA: 3.62% | Humulene: 1mg | Terpinolene: 18.3mg | THC: 28.79%
--

--
A strain specific pre roll by SRENE.",,,"['Dog Valley Haze', '1:1 Watermelon (150mg)', 'Lemon Cherry Gelato [900mg]', 'DayStripper', 'Fruity P', 'Strange Haze #8', 'Jet Fuel Acai', 'Gumbo #2']",[],,2022.10.21,Kanna
18,https://www.leafly.com/dispensary-info/kanna/p/618331764/lock-box?variant=1201075330,Lock Box,Accessory,Accessory,RYOT,"https://leafly-public.imgix.net/products/photos/Cp4iDYR9TFGVDkpFBKc3_LOCKRBOX-OPEN-FRONT-REFLECTION.jpg?auto=compress,format&w=450&dpr=2",each,$49.99,,,[],THC —,CBD —,,"
--
A lock box.",,,"['Sweatshirt - Grey [XL]', 'Sweatshirt - Black [L]', 'Hat - Camo', 'Sweatshirt - Grey [L]', 'Hat', 'Jumbo', 'Sweatshirt - Black [XL]', 'UFE Hat']",[],,2022.10.21,Kanna
19,https://www.leafly.com/dispensary-info/kanna/p/618331628/hat?variant=1201075122,Hat,Clothing,Accessory,Kanna,"https://product-assets.iheartjane.com/photos/ee/39/ee39a67b76354e90b0a8c0c1531db4f0.jpeg?auto=compress,format&w=450&dpr=2",each,$25.00,,,[],THC —,CBD —,Hybrid,"
--
A hat by Kanna.",4.8,44.0,"['Sweatshirt - Grey [XL]', 'Sweatshirt - Black [L]', 'Hat - Camo', 'Sweatshirt - Black [XXL]', 'Sweatshirt - Grey [S]', 'Sweatshirt - Black [XL]', 'Sweatshirt - Grey [M]', 'UFE Hat']",[],,2022.10.21,Kanna
20,https://www.leafly.com/dispensary-info/kanna/p/618331656/hat---camo?variant=1201075165,Hat - Camo,Clothing,Accessory,Kanna,"https://product-assets.iheartjane.com/photos/ee/39/ee39a67b76354e90b0a8c0c1531db4f0.jpeg?auto=compress,format&w=450&dpr=2",each,$30.00,,,[],THC —,CBD —,,"
--
A hat by Kanna.",,,"['Sweatshirt - Grey [XL]', 'Sweatshirt - Black [L]', 'Hat', 'UFE Hat', 'Sweatshirt - Black [XXL]', 'Sweatshirt - Grey [M]', 'Sweatshirt - Grey [S]', 'Sweatshirt - Black [XL]']",[],,2022.10.21,Kanna
21,https://www.leafly.com/dispensary-info/kanna/p/618331607/ufe-hat?variant=1201075090,UFE Hat,Clothing,Accessory,Kanna,"https://product-assets.iheartjane.com/photos/ee/39/ee39a67b76354e90b0a8c0c1531db4f0.jpeg?auto=compress,format&w=450&dpr=2",each,$30.00,,,[],THC —,CBD —,,"
--
A hat by Kanna.",,,"['Sweatshirt - Grey [XL]', 'Sweatshirt - Black [L]', 'Hat', 'Hat - Camo', 'Sweatshirt - Black [XXL]', 'Sweatshirt - Grey [S]', 'Sweatshirt - Black [XL]', 'Sweatshirt - Grey [M]']",[],,2022.10.21,Kanna
22,https://www.leafly.com/dispensary-info/kanna/p/618331587/sweatshirt---grey-xl?variant=1201075060,Sweatshirt - Grey [XL],Clothing,Accessory,Kanna,"https://product-assets.iheartjane.com/photos/ee/39/ee39a67b76354e90b0a8c0c1531db4f0.jpeg?auto=compress,format&w=450&dpr=2",each,$40.00,,,[],THC —,CBD —,,"
--
A sweatshirt by Kanna.",,,"['Sweatshirt - Black [L]', 'Hat - Camo', 'Hat', 'Sweatshirt - Black [XXL]', 'Sweatshirt - Grey [S]', 'Sweatshirt - Black [XL]', 'Sweatshirt - Grey [M]', 'UFE Hat']",[],,2022.10.21,Kanna
23,https://www.leafly.com/dispensary-info/kanna/p/618331689/sweatshirt---grey-l?variant=1201075215,Sweatshirt - Grey [L],Clothing,Accessory,,"https://product-assets.iheartjane.com/photos/ee/39/ee39a67b76354e90b0a8c0c1531db4f0.jpeg?auto=compress,format&w=450&dpr=2",each,$40.00,,,[],THC —,CBD —,,"
--
A sweatshirt by Kanna.",,,"['Sweatshirt - Grey [XL]', 'Sweatshirt - Black [L]', 'Hat', 'Hat - Camo', 'Fruity P', 'Gumbo #2', 'L.A. Confidential [900mg]', 'Jet Fuel Acai']",[],,2022.10.21,Kanna
24,https://www.leafly.com/dispensary-info/kanna/p/618331579/sweatshirt---grey-s?variant=1201075047,Sweatshirt - Grey [S],Clothing,Accessory,Kanna,"https://product-assets.iheartjane.com/photos/ee/39/ee39a67b76354e90b0a8c0c1531db4f0.jpeg?auto=compress,format&w=450&dpr=2",each,$40.00,,,[],THC —,CBD —,,"
--
A sweatshirt by Kanna.",,,"['Sweatshirt - Grey [XL]', 'Sweatshirt - Black [L]', 'Hat - Camo', 'Hat', 'Sweatshirt - Black [XL]', 'UFE Hat', 'Sweatshirt - Black [XXL]', 'Sweatshirt - Grey [M]']",[],,2022.10.21,Kanna
25,https://www.leafly.com/dispensary-info/kanna/p/618331581/sweatshirt---grey-m?variant=1201075050,Sweatshirt - Grey [M],Clothing,Accessory,Kanna,"https://product-assets.iheartjane.com/photos/ee/39/ee39a67b76354e90b0a8c0c1531db4f0.jpeg?auto=compress,format&w=450&dpr=2",each,$40.00,,,[],THC —,CBD —,,"
--
A sweatshirt by Kanna.",,,"['Sweatshirt - Grey [XL]', 'Sweatshirt - Black [L]', 'Hat - Camo', 'Hat', 'Sweatshirt - Black [XL]', 'UFE Hat', 'Sweatshirt - Grey [S]', 'Sweatshirt - Black [XXL]']",[],,2022.10.21,Kanna
26,https://www.leafly.com/dispensary-info/kanna/p/618331692/sweatshirt---black-l?variant=1201075219,Sweatshirt - Black [L],Clothing,Accessory,Kanna,"https://product-assets.iheartjane.com/photos/ee/39/ee39a67b76354e90b0a8c0c1531db4f0.jpeg?auto=compress,format&w=450&dpr=2",each,$45.00,,,[],THC —,CBD —,,"
--
A sweatshirt by Kanna.",,,"['Sweatshirt - Grey [XL]', 'Hat', 'Hat - Camo', 'Sweatshirt - Black [XXL]', 'Sweatshirt - Grey [S]', 'Sweatshirt - Black [XL]', 'Sweatshirt - Grey [M]', 'UFE Hat']",[],,2022.10.21,Kanna
27,https://www.leafly.com/dispensary-info/kanna/p/618331672/sweatshirt---black-xl?variant=1201075192,Sweatshirt - Black [XL],Clothing,Accessory,Kanna,"https://product-assets.iheartjane.com/photos/ee/39/ee39a67b76354e90b0a8c0c1531db4f0.jpeg?auto=compress,format&w=450&dpr=2",each,$45.00,,,[],THC —,CBD —,,"
--
A sweatshirt by Kanna.",,,"['Sweatshirt - Grey [XL]', 'Sweatshirt - Black [L]', 'Hat - Camo', 'Hat', 'Sweatshirt - Black [XXL]', 'Sweatshirt - Grey [S]', 'Sweatshirt - Grey [M]', 'UFE Hat']",[],,2022.10.21,Kanna
28,https://www.leafly.com/dispensary-info/kanna/p/618331636/sweatshirt---black-xxl?variant=1201075137,Sweatshirt - Black [XXL],Clothing,Accessory,Kanna,"https://product-assets.iheartjane.com/photos/ee/39/ee39a67b76354e90b0a8c0c1531db4f0.jpeg?auto=compress,format&w=450&dpr=2",each,$45.00,,,[],THC —,CBD —,,"
--
A sweatshirt by Kanna.",,,"['Sweatshirt - Grey [XL]', 'Sweatshirt - Black [L]', 'Hat', 'Hat - Camo', 'Sweatshirt - Grey [S]', 'Sweatshirt - Black [XL]', 'Sweatshirt - Grey [M]', 'UFE Hat']",[],,2022.10.21,Kanna
29,https://www.leafly.com/dispensary-info/kanna/p/618331661/jumbo?variant=1201075173,Jumbo,Accessories,Accessory,Newport Zero,"https://uploads.iheartjane.com/uploads/775d23f3-3c05-4d18-aea5-0f32a38bbc2c.jpg?auto=compress,format&w=450&dpr=2",each,$50.00,,,[],THC —,CBD —,,"
--
The Jumbo cooking butane torch can reach a temperature of 2,500 degrees Fahrenheit.",,,"['Sweatshirt - Grey [XL]', 'Sweatshirt - Black [L]', 'Hat - Camo', 'Sweatshirt - Grey [L]', 'Hat', 'Dog Valley Haze', 'Lemon Cherry Gelato [900mg]', 'DayStripper']",[],,2022.10.21,Kanna
