﻿Index,Link,Name,Label,Category,Brand,Image,Unit,Price,OrginalPrice,Discount,OtherAmount,THC,CBD,Lineage,Description,Rating,Reviewnum,Alsolike,Similar,Strain,ScrapeTime,Store name
0,https://www.leafly.com/dispensary-info/people-s-kush/p/620256757/lemon-vuitton?variant=1355765880,Lemon Vuitton,Hybrid flower,Flower,FARM,"https://uploads.iheartjane.com/uploads/bd187056-cfdf-42de-8666-12e3d78cb20d.jpg?auto=compress,format&w=450&dpr=2",⅛ ounce,$43.70,reg $46.00,5% off,[],THC 26.8%,CBD —,Hybrid,"THC: 26.78%  
--
Lemon Skunk x OG Kush
--
Lemon Skunk is an award-winning Sativa hybrid, known for its lemon flavor. Its effects begin with a surge of uplifting cerebral stimulation, which often leads to introspection. Many describe this strain as thought-provoking and creativity-inducing, and some find Lemon Skunk to be also exhilarating and energetic. Often, the numbing and calming effects of the body stone cause users to feel slightly sedated.
--
OG Kush is a hybrid cannabis strain, with more sativa-leaning effects. The body high has been described as inducing couch lock. THC levels are high and the cerebral euphoria makes this strain popular, contributing to the development of other numerous OG Kush strains.",4.3,9,"['White Runtz', '1:1:1 Tranquility [10pk] (50mg CBD/50mg THC/50mg CBN)', 'Dark Chocolate (100mg)', '1:1 Caramel [10pk] (100mg)', 'Orange Cookies x Zmasherz [1g]', 'WTC x POG', 'Chem Haze', 'Slymer']",[],,2022.10.21,People's Kush Delivery (Taxes Included in Price!)
1,https://www.leafly.com/dispensary-info/people-s-kush/p/620256758/white-runtz?variant=1355765881,White Runtz,Hybrid flower,Flower,FARM,"https://uploads.iheartjane.com/uploads/5c7f8cdb-f3eb-4406-bc3f-cd22e7209d98.jpg?auto=compress,format&w=450&dpr=2",⅛ ounce,$43.70,reg $46.00,5% off,[],THC 23.4%,CBD —,Hybrid,"THC: 23.4%  
--
White Runtz flower, 3.5g, or an eighth of an ounce, from the Happy Trails Premium Cannabis Co. brand offering a indica experience of the White Runtz strain.
--
White Runtz is a potent hybrid marijuana strain made by crossing Runtz with The White. White Runtz produces long-lasting effects that are relaxing and tingly. This strain features a sweet flavor profile that coats your senses.",4.6,233,"['Lemon Vuitton', '1:1:1 Tranquility [10pk] (50mg CBD/50mg THC/50mg CBN)', 'Dark Chocolate (100mg)', '1:1 Caramel [10pk] (100mg)', 'WTC x POG', 'Chem Haze', 'Slymer', 'Sour Strawberry Lemonade - Indica [2pk] (100mg)']",[],,2022.10.21,People's Kush Delivery (Taxes Included in Price!)
2,https://www.leafly.com/dispensary-info/people-s-kush/p/617315385/wtc-x-pog?variant=1116828589,WTC x POG,Hash,Concentrate,Talking Trees Farms,"https://uploads.iheartjane.com/uploads/b3ad567a-7911-4d4f-94fd-3e2e4540ae28.jpg?auto=compress,format&w=450&dpr=2",1 gram,$27.00,,,[],THC 51.1%,CBD —,,"THC: 51.14%  
--
White Tahoe Cookies is an indica dominant hybrid strain created through crossing The White X Tahoe OG X an unknown Girl Scout Cookies cut. The flavor is very sweet, with tastes of tree fruit and herbs accented by a spicy earthy effect upon exhale. The high comes almost immediately after your first toke, filling you with euphoria that infuses your mind with pure creativity. As your mind soars to new heights, a relaxing body buzz will soon wash over you, leaving you tingly, giggly, and slightly aroused This effect soon turns sedative, lulling you into a sleepy, unfocused state that can last for hours without relief. White Tahoe Cookies is said to be perfect for treating insomnia, loss of appetite, nausea, chronic pain, and inflammation.
--
Pot of Gold is a heavily indica dominant hybrid that is an insanely potent cross of the hugely popular Hindu Kush X Skunk #1 strains and is well known among cannabis connoisseurs as the ideal bud for night use. Described as a powerful but typical indica high with an overwhelming sense of laziness and euphoria. The high is clear-headed and very creative but in a very relaxed state of mind and body that is still functional -the ideal choice for treating patients suffering from conditions such as chronic pain due to illness or injury, muscle spasms, and inflammation. 
--
Talking Trees Farms is a sustainably focused brand that produces single source cannabis products. They cultivate using only organic methods and inputs and never use chemical pesticides. The farms grow using mostly rain catchment stored water and permitted wells; not draining any water from their natural streams, creeks, or rivers.
--
ABOUT BUBBLE HASH
--
Talking Trees’ dried cannabis material is agitated with ice and water, separating the resin glands which are collected in a 70 micron screen. They are then freeze-dried to obtain a clean smoking, properly dried hash",,,"['Orange Cookies x Zmasherz [1g]', 'Sunset Wedding', '1:1:1 Tranquility [10pk] (50mg CBD/50mg THC/50mg CBN)', '1:1 Caramel [10pk] (100mg)', 'Dark Chocolate (100mg)', 'Lemon Vuitton', 'Chem Haze', 'Slymer']",[],,2022.10.21,People's Kush Delivery (Taxes Included in Price!)
3,https://www.leafly.com/dispensary-info/people-s-kush/p/619794961/sunset-wedding?variant=1312944757,Sunset Wedding,Hash,Concentrate,Talking Trees Farms,"https://uploads.iheartjane.com/uploads/98d179ca-cc36-4090-a531-2be77526bcae.jpg?auto=compress,format&w=450&dpr=2",1 gram,$27.00,,,[],THC 54.8%,CBD —,Indica,"THC: 54.78%  
--
Sunset wedding is an indica dominant strain that combines two power house exotic genetics, Wedding Cake and Sherb Sunset. The nose on this flower tells a story of strong wedding cake lineage. The zippy impression of the sherb crasher and the effects of the heavy sedative cake leaning pheno is a match made in heaven.
--
Talking Trees Farms is a sustainably focused brand that produces single source cannabis products. They cultivate using only organic methods and inputs and never use chemical pesticides. The farms grow using mostly rain catchment stored water and permitted wells; not draining any water from their natural streams, creeks, or rivers.
--
ABOUT BUBBLE HASH
--
Talking Trees’ dried cannabis material is agitated with ice and water, separating the resin glands which are collected in a 70 micron screen. They are then freeze-dried to obtain a clean smoking, properly dried hash",4.2,67,"['WTC x POG', 'Orange Cookies x Zmasherz [1g]', '1:1:1 Tranquility [10pk] (50mg CBD/50mg THC/50mg CBN)', '1:1 Caramel [10pk] (100mg)', 'Dark Chocolate (100mg)', 'Lemon Vuitton', 'Chem Haze', 'Slymer']",[],,2022.10.21,People's Kush Delivery (Taxes Included in Price!)
4,https://www.leafly.com/dispensary-info/people-s-kush/p/615585107/31-cremedy-grape-pie?variant=1008911804,3:1 Cremedy Grape Pie,Waxes,Concentrate,Creme De Canna Gardens & Extracts,"https://uploads.iheartjane.com/uploads/3ff459d5-2b07-46cb-b8e6-746c32025e26.jpg?auto=compress,format&w=450&dpr=2",1 gram,$29.50,,,[],THC 52.6%,CBD 19.8%,Hybrid,"THC: 52.64%  CBD: 19.84%  
--
Take your dabbing to a higher level with our Cremedy Grape Pie 1:3 Ratio. The euphoric, happy high from Grape Pie is complimented by Cremedy’s uplifting serenity, and the floral sweetness combines perfectly with the juicy grape terpenes. 
--
Grape Pie is an indica-leaning hybrid with sour and sugary grape aromas. This strain gives off a high that may initially bring you up with euphoria before landing you down on the couch for munchies and TV. Grape Pie is a cross of Cherry Pie and the Gage Green Group’s Grape Stomper. This strain looks just like a classic old school purp strain with terpy trichomes that offer delicious sour and sugary grape aromas associated with Grape Stomper.
--
 Remedy, a cross between Cannatonic and Afghan Skunk, is a high-CBD strain that induces little to no psychoactive effects. Yellow-tinted buds hide under a sheath of crystal trichomes and carry a lemon-pine scent. Upon inhaling the sweet, floral notes of Remedy, the consumer is lifted into a state of mellow relaxation that differs greatly from the jarring experience induced by high THC strains. Patients looking to medicate without the pronounced head and body effects may turn to Remedy to treat seizures, pain, autism, inflammation, and anxiety disorders. 
--
Inspired by the ever growing knowledge and information about the medicinal and therapeutic benefits of cannabis, Créme De Canna’s founder was driven by a global vision of providing legal cannabis products to the world. 
--
In 2010 Créme De Canna was born and began supplying the State of California with legal medical cannabis products. A sweet product indeed, was their Fox News featured Cannabis infused Ice Cream! With flavors like Bananabis Foster, and Straw-Mari Cheesecake an exciting and delicious way to enjoy cannabis was available to the patients of California, under the prop 215 medical cannabis laws.
--
Integrity, growth through sustainable practices, and community involvement, helped Créme De Canna see it’s way through the hurtles of California’s prop 64 Cannabis Legalization in 2018. 
--
",4.7,59,"['1:1:1 Tranquility [10pk] (50mg CBD/50mg THC/50mg CBN)', '1:1 Caramel [10pk] (100mg)', 'Dark Chocolate (100mg)', 'Lemon Vuitton', 'Orange Cookies x Zmasherz [1g]', 'WTC x POG', '1:3 CBD:THC [15ml] (30mg CBD/90mg THC)', 'Pink Lemonade']",[],,2022.10.21,People's Kush Delivery (Taxes Included in Price!)
5,https://www.leafly.com/dispensary-info/people-s-kush/p/616710575/blue-dream?variant=1084322630,Blue Dream	,Rick simpson oil (rso),Concentrate,Emerald Bay Extracts,"https://uploads.iheartjane.com/uploads/3837252e-8117-4de9-b7dd-f1f951d50b9f.jpg?auto=compress,format&w=450&dpr=2",1 gram,$36.00,,,[],THC 74.5%,CBD 1.6%,Hybrid,"RSO, or ""Rick Simpson Oil"" is a cannabis concentrate that is produced to retain the full cannabinoid and terpene contents of the raw cannabis plant. The method of creating the oil was coined by Rick Simpson, an engineer who cured his own skin cancer using this oil.
--
*This method of extraction differs from many of the commonly produced edibles in the current market, and thusly will have a different effect than you'd be used to if you've never had RSO before*
--
-Many people have found full-spectrum cannabis oil (RSO) to have many benefits including pain relief, lower anxiety and overall greater wellbeing. People who may benefit include: those with Cancer, Chronic Pain, Nausea, Insomnia, MS, Poor Appetite, and Depression. <3
--

--
Blue Dream, a sativa-dominant hybrid originating in California, has achieved legendary status among West Coast strains. Crossing Blueberry with Haze, Blue Dream balances full-body relaxation with gentle cerebral invigoration. Novice and veteran consumers alike enjoy the level effects of Blue Dream, which ease you gently into a calm euphoria.
--
 Blue Dream delivers swift symptom relief without heavy sedative effects. This makes Blue Dream a popular daytime medicine for patients treating pain, depression, nausea, and other ailments requiring a high THC strain.",4.3,14.2k,"['Kush Mints [40pk] (1000mg)', '1:1:1 Tranquility [10pk] (50mg CBD/50mg THC/50mg CBN)', 'Dark Chocolate (100mg)', '1:1 Caramel [10pk] (100mg)', 'Lemon Vuitton', 'WTC x POG', 'Chem Haze', 'Slymer']",[],"Updated February 2022  Blue Dream is a sativa-dominant hybrid marijuana strain made by crossing Blueberry with Haze. This strain produces a balanced high, along with effects such as cerebral stimulation and full-body relaxation. Blue dream is 18% THC but has a low CBD percentage, making this potent strain a fan favorite of both novice and veteran cannabis consumers. In terms of flavor, Blue Dream is reported to smell and taste like sweet berries. Medical marijuana patients often use Blue Dream to treat symptoms of depression, chronic pain, and nausea. According to home grow enthusiasts, this strain has an average flowering time of 67 days and is best suited to grow using the Sea of Green method. Blue Dream originated in California and has since achieved legendary status among West Coast strains and has quickly become one of the most-searched-for strains in the Leafly database. The average price per gram of Blue Dream is $20. Strains similar to Blue Dream include Blue Dream CBD, Double Dream, and Blue Magoo.",2022.10.21,People's Kush Delivery (Taxes Included in Price!)
6,https://www.leafly.com/dispensary-info/people-s-kush/p/619230138/hazmat-og?variant=1272982383,Hazmat OG,Live resins,Concentrate,Raw Garden,"https://uploads.iheartjane.com/uploads/58250f43-cc01-487b-91e3-b3c9d69b536c.jpg?auto=compress,format&w=450&dpr=2",1 gram,$40.00,,,[],THC 64.6%,CBD —,Hybrid,"THC: 64.6%  
--
Hazmat OG Live Resin
--
Chemdog 91 x Face Off OG
--
Sativa
--
Raw Garden™ aspires to a higher standard. It’s for when you want to experience more. Do more. Celebrate more. Unwind more.",4.7,23,"['Chem Haze', 'Slymer', 'Pink Lemonade', 'Sour Lights', 'Sunrise Diesel', 'Loquat Cooler', 'Satsuma Surfer [330mg]', '1:1:1 Tranquility [10pk] (50mg CBD/50mg THC/50mg CBN)']",[],,2022.10.21,People's Kush Delivery (Taxes Included in Price!)
7,https://www.leafly.com/dispensary-info/people-s-kush/p/618087329/chem-haze?variant=1178519830,Chem Haze,Live resins,Concentrate,Raw Garden,"https://uploads.iheartjane.com/uploads/c56f4eac-7fab-42d6-ad63-f98e294fe26b.jpg?auto=compress,format&w=450&dpr=2",1 gram,$43.00,,,[],THC 76.3%,CBD —,Hybrid,"THC: 76.33%  
--
Raw Garden - Chem Haze Live Resin - 1g
--
Chemdawg x Haze
--
Sativa-Dominant Hybrid
--
Raw Garden's Live Resin is made using Raw Garden's Clean Green Certified™ whole-plant, fresh-frozen flowers.",5.0,1,"['Pink Lemonade', 'Slymer', 'Sunrise Diesel', 'Sour Lights', 'Loquat Cooler', 'Satsuma Surfer [330mg]', 'Hazmat OG', '1:1:1 Tranquility [10pk] (50mg CBD/50mg THC/50mg CBN)']",[],,2022.10.21,People's Kush Delivery (Taxes Included in Price!)
8,https://www.leafly.com/dispensary-info/people-s-kush/p/618087326/slymer?variant=1178519827,Slymer,Live resins,Concentrate,Raw Garden,"https://uploads.iheartjane.com/uploads/fcdb374b-cef5-4182-ad5c-c96415d4718a.jpg?auto=compress,format&w=450&dpr=2",1 gram,$43.00,,,[],THC 70.3%,CBD —,Hybrid,"THC: 70.26%  
--
Slymer Live Sauce. 
--
Trainwreck x Jack the Ripper x Trinity. 
--
Sativa. 
--
Raw Garden aspires to a higher standard. It's for when you want to experience more.",3.9,8,"['Chem Haze', 'Pink Lemonade', 'Sunrise Diesel', 'Sour Lights', 'Loquat Cooler', 'Hazmat OG', 'Satsuma Surfer [330mg]', '1:1:1 Tranquility [10pk] (50mg CBD/50mg THC/50mg CBN)']",[],,2022.10.21,People's Kush Delivery (Taxes Included in Price!)
9,https://www.leafly.com/dispensary-info/people-s-kush/p/616019192/pink-lemonade?variant=1035386087,Pink Lemonade,Live resins,Concentrate,Raw Garden,"https://uploads.iheartjane.com/uploads/1d34e9f0-36f4-47ba-b25c-7906d9c911ff.jpg?auto=compress,format&w=450&dpr=2",1 gram,$43.00,,,[],THC 67.9%,CBD —,Hybrid,"THC: 67.9%  
--
Pink Lemonade Refined Live Sauce 1g
--
Lemonade x Jack Punch x Kosher Chem
--
Sativa
--
Pink Lemonade is a balanced-leaning hybrid descended from Lemonade and Jack Punch. This  aromatic strain feature a delightful lemonade palate with sugary citrus flavors. The strain offers a fast-acting high, buzzing the brain with creative thoughts and stimulating the senses with an elevated, focused mindset.",4.5,180,"['Slymer', 'Chem Haze', 'Sunrise Diesel', 'Sour Lights', 'Loquat Cooler', 'Satsuma Surfer [330mg]', 'Hazmat OG', '1:1:1 Tranquility [10pk] (50mg CBD/50mg THC/50mg CBN)']",[],"Pink Lemonade is a hybrid marijuana strain made by crossing Lemon Skunk with Purple Kush. This strain produces calming effects that instantly puts the mind into a haze while radiating through the body. Pink Lemonade smells like fruity, mentholated tea and has flavors of lemon and grapefruit on the exhale. This strain is used by medical marijuana patients to treat symptoms related to focus, stress and depression. Growers say Pink Lemonade comes in small buds that are coated in a generous layer of trichomes atop jade foliage and bronze pistils.",2022.10.21,People's Kush Delivery (Taxes Included in Price!)
10,https://www.leafly.com/dispensary-info/people-s-kush/p/615560379/111-tranquility-10pk-50mg-cbd50mg-thc50mg-cbn?variant=1008396143,1:1:1 Tranquility [10pk] (50mg CBD/50mg THC/50mg CBN),Candies,Edible,KANHA ,"https://uploads.iheartjane.com/uploads/20be3060-d425-413f-9084-159774aab2f5.jpg?auto=compress,format&w=450&dpr=2",each,$27.00,,,[],THC —,CBD —,,"Kanha 1:1:1 Tranquility CBD Gummies
--
50mg CBD x 50mg THC x 50mg CBN per bag
--
Kanha gummies are made with all-natural ingredients, coloring, and flavoring. Each gummy is infused with the highest quality cannabis oils to provide the most consistent, safe experience on the market. Our Tranquility gummies are the satisfyingly sweet calm you've been seeking. These 1:1:1 gummies are formulated to give you a restful night's sleep, with more sleep-inducing CBN than any other edible and a blend of terpenes and essential oils that provide a relaxing and soothing effect.",,,"['Sour Strawberry Lemonade - Indica [2pk] (100mg)', '1:1 Caramel [10pk] (100mg)', 'Dark Chocolate (100mg)', 'Lemon Vuitton', 'WTC x POG', 'Chem Haze', 'Slymer', 'White Runtz']",[],,2022.10.21,People's Kush Delivery (Taxes Included in Price!)
11,https://www.leafly.com/dispensary-info/people-s-kush/p/615560391/11-caramel-10pk-100mg?variant=1008396157,1:1 Caramel [10pk] (100mg),Chocolates,Edible,Chill,"https://uploads.iheartjane.com/uploads/f09805b3-56a2-4f34-baf6-5f2ef23a14ac.jpg?auto=compress,format&w=450&dpr=2",each,$17.50,,,[],THC 100.0mg,CBD —,Indica,"CHILL. Creamy caramel and rich dark chocolate in a potent lil chocolate bar.
--
This delicious treat is crafted with CO2-extracted CBD and THC cannabis oil, designed to soothe inflammation and anxiety. 
--
50mg CBD and 50mg THC per bar.
--
The chocolate is scored, and able to break into 10 pieces
--

--
Ingredients: Semisweet Chocolate, Unsweetened Chocolate, Sugar, Cocoa Butter, Cannabis Oil, Lecithin, Vanilla, Sunflower Oil, Natural Flavors. ",4.3,117,"['Dark Chocolate (100mg)', '1:1:1 Tranquility [10pk] (50mg CBD/50mg THC/50mg CBN)', 'Lemon Vuitton', 'WTC x POG', 'Chem Haze', 'Slymer', 'White Runtz', 'Sour Strawberry Lemonade - Indica [2pk] (100mg)']",[],,2022.10.21,People's Kush Delivery (Taxes Included in Price!)
12,https://www.leafly.com/dispensary-info/people-s-kush/p/615560467/dark-chocolate-100mg?variant=1008396240,Dark Chocolate (100mg),Chocolates,Edible,Chill,"https://uploads.iheartjane.com/uploads/c52a1d58-bf72-46d1-bb2a-aa6f396511d5.jpg?auto=compress,format&w=450&dpr=2",each,$17.50,,,[],THC 100.0mg,CBD —,,"Rich, smooth dark chocolate sourced from the finest cocoa.. This rich dessert is infused with 100 mg of THC and less than five (5) mg of CBD, extracted from the finest cannabis flowers using CO2 processes. Handcrafted with premium ingredients, this Chill Dark Chocolate bar offers soothing relief that lasts for hours on end. 
--
Chocolate bar is scored to easily break into 10MG pieces
--
Ingredients: Bittersweet chocolate, sugar, sunflower lecithin, vanilla, cocoa butter, cannabis oil
--
",,,"['1:1 Caramel [10pk] (100mg)', '1:1:1 Tranquility [10pk] (50mg CBD/50mg THC/50mg CBN)', 'Lemon Vuitton', 'WTC x POG', 'Chem Haze', 'Slymer', 'White Runtz', 'Sour Strawberry Lemonade - Indica [2pk] (100mg)']",[],,2022.10.21,People's Kush Delivery (Taxes Included in Price!)
13,https://www.leafly.com/dispensary-info/people-s-kush/p/615560528/original-mint-20pk-100mg?variant=1008396304,Original Mint [20pk] (100mg),Mints,Edible,Breez,"https://uploads.iheartjane.com/uploads/1c381431-4fcf-4b6f-b023-0b71be1f7223.jpg?auto=compress,format&w=450&dpr=2",each,$15.00,,,[],THC 100.0mg,CBD —,,"Classic peppermint flavor plus an easygoing 5 MG THC make Original Mint our go-to for enhancing the everyday.
--
 Whether you’re drafting expense reports, walking the doggos, or making dinner, these mints will take the edge off of those activities. 
--
5MG THC per mint - (20 mints per tin) - 100MG THC per tin
--

--
Ingredients: Sugar, Cannabis Extract, Gum Arabic, Peppermint Oil, Natural Flavoring.",,,"['1:1:1 Tranquility [10pk] (50mg CBD/50mg THC/50mg CBN)', 'Dark Chocolate (100mg)', '1:1 Caramel [10pk] (100mg)', 'Lemon Vuitton', 'WTC x POG', 'Chem Haze', 'Slymer', 'White Runtz']",[],,2022.10.21,People's Kush Delivery (Taxes Included in Price!)
14,https://www.leafly.com/dispensary-info/people-s-kush/p/615833706/sour-strawberry-lemonade---indica-2pk-100mg?variant=1022873583,Sour Strawberry Lemonade - Indica [2pk] (100mg),Candies,Edible,KANHA ,"https://uploads.iheartjane.com/uploads/4e30a6b9-88f6-41ce-ad69-afd743533a37.jpg?auto=compress,format&w=450&dpr=2",each,$19.00,,,[],THC 100.0mg,CBD —,Sativa,"2 pieces x 50mg/belt = 100mg/bag
--

--
Kanha gummies are made with all-natural ingredients, coloring, and flavoring. Each gummy is infused with the highest quality cannabis oils to provide the most consistent, safe experience on the market. Our Strawberry Lemonade Indica Belts are a new line of high-powered edibles for the high-dose consumer. At a stunning 50mg per piece, these belts are guaranteed to be one wild ride and contain less sugar than any other Kanha edible. Each bag contains two 50mg belts with five 10mg segments each. ",4.3,253,"['1:1:1 Tranquility [10pk] (50mg CBD/50mg THC/50mg CBN)', 'Dark Chocolate (100mg)', '1:1 Caramel [10pk] (100mg)', 'Lemon Vuitton', 'Orange Cookies x Zmasherz [1g]', 'WTC x POG', 'Chem Haze', 'Slymer']",[],,2022.10.21,People's Kush Delivery (Taxes Included in Price!)
15,https://www.leafly.com/dispensary-info/people-s-kush/p/615560510/tablingual-stimulate-15pk-60mg-thcv15mg-cbg?variant=1008396286,TABLINGUAL Stimulate [15pk] (60mg THCV/15mg CBG),Capsules,Edible,level+,"https://uploads.iheartjane.com/uploads/f1242faf-1879-4cab-b11c-f5901ab4c02f.jpg?auto=compress,format&w=450&dpr=2",each,$27.00,,,[],THC —,CBD —,,"Doses: 15  
--
Unleash your creativity or power through a mountain of emails or stack of papers with the focusing effect of this microdose sublingual tablet. 
--
Each Tablingual contains roughly 3 mg THCV and 1 mg CBG 
--
15 tablinguals per box. 45mg total cannabinoids per box.
--
Takes effect in 5–20 minutes and lasts 1–2 hours.
--
THCV, or tetrahydrocannabivarin, is a compound in cannabis that offers a unique array of effects. In low to moderate doses, THCV has less of the psychoactivity of THC, while in higher doses, THCV manifests its own psychoactive qualities, which are sometimes described as producing a clear-headed, euphoric state of mind. Strains or products rich in THCV may result in a stimulating, energetic high.
--
CBG - Cannabigerol
--
CBG is the progenitor cannabinoid to all other cannabinoids. It is only produced in minor amounts.
--
Like THC, CBG reacts with the cannabinoid receptors in the brain. CBG, however, acts as a buffer to the psychoactivity of THC by working to alleviate the paranoia sometimes caused by higher levels of THC. CBG works to fight inflammation, pain, nausea and works to slow the proliferation of cancer cells.
--

--
Link to LEVEL's website: https://levelexperience.com/products/",,,"['PROTAB CBD [10pk] (250mg CBD)', '1:1:1 Tranquility [10pk] (50mg CBD/50mg THC/50mg CBN)', '1:1 Caramel [10pk] (100mg)', 'Dark Chocolate (100mg)', 'Lemon Vuitton', 'Orange Cookies x Zmasherz [1g]', 'WTC x POG', 'Chem Haze']",[],,2022.10.21,People's Kush Delivery (Taxes Included in Price!)
16,https://www.leafly.com/dispensary-info/people-s-kush/p/619342531/blueberry-20pk-100mg?variant=1282267246,Blueberry [20pk] (100mg),Chocolates,Edible,Terra,"https://uploads.iheartjane.com/uploads/d97d9d85-ec82-4221-af96-de301155a6b3.jpg?auto=compress,format&w=450&dpr=2",each,$30.00,,,[],THC 100.0mg,CBD —,Indica,"Dried US-grown blueberries are dusted with cocoa powder and finished with a generous coating of delicious milk chocolate.
--
Each 5MG bite is polished to sweet, tart, irresistible, perfection.
--
1 container of 20 blueberries 100 mg THC in total, 5 mg THC per serving
--
Allergy Warning: Contains milk. 
--
May contain traces of nuts.
--
Ingredients: Milk Chocolate (Sugar, Cocoa Butter, Milk, Unsweetened Chocolate, Sunflower Lecithin, Vanilla,) Cultivated Blueberry (Sugar, Blueberry, Sunflower Oil,) Gum Arabic, Cannabis Extract, Cocoa Powder, Confectioner's Glaze, Natural Flavors, Citric Acid, Sucrose, Glucose Syrup.",4.3,2356,"['1:1:1 Tranquility [10pk] (50mg CBD/50mg THC/50mg CBN)', '1:1 Caramel [10pk] (100mg)', 'Dark Chocolate (100mg)', 'Lemon Vuitton', 'Orange Cookies x Zmasherz [1g]', 'WTC x POG', '1:3 CBD:THC [15ml] (30mg CBD/90mg THC)', 'Pink Lemonade']",[],"Blueberry, also known as ""Berry Blue,"" is an indica marijuana strain made by crossing Purple Thai with Thai. A true A-List cannabis strain, Blueberry’s legendary status soared to new heights after claiming the High Times’ Cannabis Cup 2000 for Best indica. The long history of the strain goes back to the late 1970s when American breeder DJ Short was working with a variety of exotic landrace strains. However, throughout the decades of Blueberry’s cultivation, the genetics have been passed around, due in large part to DJ Short working with multiple seed banks and breeders. The sweet flavors of fresh blueberries combine with relaxing effects to produce a long-lasting sense of euphoria. Many consumers utilize the effects of Blueberry to help contend with pain and stress, while connoisseurs and growers admire the strain for its colorful hues and high THC content.",2022.10.21,People's Kush Delivery (Taxes Included in Price!)
17,https://www.leafly.com/dispensary-info/people-s-kush/p/615560462/protab-cbd-10pk-250mg-cbd?variant=1008396234,PROTAB CBD [10pk] (250mg CBD),Capsules,Edible,level+,"https://uploads.iheartjane.com/uploads/a6733a3f-2b6b-4bb0-b8d6-e1584d083552.jpg?auto=compress,format&w=450&dpr=2",each,$35.00,,,[],THC —,CBD 250.0mg,,"Doses: 10  Dosage: 25.0mg  
--
CBD ProTabs, to help ease mental and physical stress.
--
Each swallowable tablet contains 25 mg of CBD and takes effect in 30–90 minutes, with a duration of 2–4 hours. Should you want to consume a lighter dose, they’re scored so you can easily split one in half.
--
25mg CBD per tablet. 
--
Each package contains 10 ProTabs, 250 mg in total. Each ProTab is scored and easily split into two 12.5 mg doses for your custom needs.
--
 Ingredients: Microcrystalline Cellulose, Cannabidiol, Croscarmellose, Silicon Dioxide, Magnesium Stearate, Steam Distilled Cannabis Terpenoids
--
",,,"['TABLINGUAL Stimulate [15pk] (60mg THCV/15mg CBG)', '1:1:1 Tranquility [10pk] (50mg CBD/50mg THC/50mg CBN)', '1:1 Caramel [10pk] (100mg)', 'Dark Chocolate (100mg)', 'Lemon Vuitton', 'Orange Cookies x Zmasherz [1g]', 'WTC x POG', 'Chem Haze']",[],,2022.10.21,People's Kush Delivery (Taxes Included in Price!)
18,https://www.leafly.com/dispensary-info/people-s-kush/p/619134146/kush-mints-40pk-1000mg?variant=1266719073,Kush Mints [40pk] (1000mg),Capsules,Edible,Emerald Bay Extracts,"https://uploads.iheartjane.com/uploads/618dd101-52a5-4be8-abf4-7fcff11add44.jpg?auto=compress,format&w=450&dpr=2",each,$49.50,,,[],THC 1000.0mg,CBD —,Hybrid,"Doses: 40  Dosage: 25.0mg  
--
VEGAN 40 tablets
--
Kush Mint is an evenly balanced hybrid strain created through a potent cross of the classic Bubba Kush X Animal Mints strains. Kush Mint brings on well-balanced effects that hit both mind and body with a high level of potency. The Kush Mint high has relaxing effects that will have you kicking back and pretty sleepy if you're not careful. It starts with a warming tingle in the spine, filling you with a sense of deep permeating relaxation that ebbs and flows outwards through your limbs until you are totally calm in both mind and body. With these effects and its high level of potency, Kush Mint is said to be perfect for treating conditions such as chronic pain, depression, chronic fatigue and nausea or appetite loss.
--
RSO is a cannabis concentrate that is produced to retain the full cannabinoid and terpene contents of the raw cannabis plant. The method of creating the oil was coined by Rick Simpson, an engineer who cured his own skin cancer using this oil.
--
Many people have found full-spectrum cannabis oil (RSO) to have many benefits including pain relief, lower anxiety and overall greater wellbeing. People who may benefit include: those with Cancer, Chronic Pain, Nausea, Insomnia, MS, Poor Appetite, and Depression. <3",4.6,219,"['Blue Dream\t', '1:1:1 Tranquility [10pk] (50mg CBD/50mg THC/50mg CBN)', '1:1 Caramel [10pk] (100mg)', 'Dark Chocolate (100mg)', 'Lemon Vuitton', 'Orange Cookies x Zmasherz [1g]', 'WTC x POG', '1:3 CBD:THC [15ml] (30mg CBD/90mg THC)']",[],,2022.10.21,People's Kush Delivery (Taxes Included in Price!)
19,https://www.leafly.com/dispensary-info/people-s-kush/p/615560566/blackberry-kush?variant=1008396344,Blackberry Kush,Cartridges,Cartridge,ABX AbsoluteXtracts,"https://uploads.iheartjane.com/uploads/f7f17cb8-2791-40c2-a0bf-fce2b953c935.jpg?auto=compress,format&w=450&dpr=2",1 gram,$43.20,reg $54.00,20% off,[],THC 81.0%,CBD 0.5%,Indica,"THC 69.1%   CBD 0.27%  
--
Blackberry Kush is a notable strain due to its sweet taste but with the strong effects associated with indica. The strong relaxation can be felt throughout the entire body and is often reported to be used for soothing, tranquil relief.",4.2,1970,"['Sour Diesel', 'Grand Daddy Purp', 'GSC', '1:1:1 Tranquility [10pk] (50mg CBD/50mg THC/50mg CBN)', '1:1 Caramel [10pk] (100mg)', 'Dark Chocolate (100mg)', 'Lemon Vuitton', 'Orange Cookies x Zmasherz [1g]']",[],"Blackberry Kush, also known as ""BBK"" is an indica-dominant hybrid marijuana strain made by crossing Afghani with Blackberry. Blackberry Kush produces relaxing effects, and is often recommended for pain management thanks to its strong body high. Blackberry Kush offers a hashy flavor profile with a jet fuel taste and aroma balanced out with sweet berries. According to growers, this strain is marked by dense and beautiful nugs of purple and orange. This strain takes approximately 7-8 to flower although it does not typically have a high yield.",2022.10.21,People's Kush Delivery (Taxes Included in Price!)
20,https://www.leafly.com/dispensary-info/people-s-kush/p/615560532/gsc?variant=1008396308,GSC,Cartridges,Cartridge,ABX AbsoluteXtracts,"https://uploads.iheartjane.com/uploads/77e6a316-4dc2-4f7e-aae2-232fe198e3fe.jpg?auto=compress,format&w=450&dpr=2",1 gram,$43.20,reg $54.00,20% off,[],THC 85.5%,CBD —,Hybrid,"GSC is a hybrid of two very popular strains, OG Kush and Durban Poison. The result is euphoria paired with full-body relaxation and a cerebral high. This popular strain is reported as helpful with calm, relaxing relief.",4.4,7394,"['Blackberry Kush', 'Sour Diesel', 'Grand Daddy Purp', 'Lemon Gelato', '8:1 Vape Cartridge, 0.5 gram', '1:1:1 Tranquility [10pk] (50mg CBD/50mg THC/50mg CBN)', 'Dark Chocolate (100mg)', '1:1 Caramel [10pk] (100mg)']",[],,2022.10.21,People's Kush Delivery (Taxes Included in Price!)
21,https://www.leafly.com/dispensary-info/people-s-kush/p/615560343/sour-diesel?variant=1008396096,Sour Diesel,Cartridges,Cartridge,ABX AbsoluteXtracts,"https://product-assets.iheartjane.com/photos/26/e9/26e94cd8-fa7c-4bd4-8f7e-85006629fb13.png?auto=compress,format&w=450&dpr=2",1 gram,$44.80,reg $56.00,20% off,[],THC 88.6%,CBD 1.3%,Sativa,"THC: 88.6%  
--
Sour Diesel is an energizing sativa that gets its name from its pungent diesel-like aroma. Patients report invigorating and uplifting cerebral effects, making it great for relief when you need to be active.",4.3,8235,"['Blackberry Kush', 'Grand Daddy Purp', 'GSC', '1:1:1 Tranquility [10pk] (50mg CBD/50mg THC/50mg CBN)', 'Dark Chocolate (100mg)', '1:1 Caramel [10pk] (100mg)', 'Lemon Vuitton', 'Orange Cookies x Zmasherz [1g]']",[],,2022.10.21,People's Kush Delivery (Taxes Included in Price!)
22,https://www.leafly.com/dispensary-info/people-s-kush/p/615560378/grand-daddy-purp?variant=1008396142,Grand Daddy Purp,Cartridges,Cartridge,ABX AbsoluteXtracts,"https://uploads.iheartjane.com/uploads/0dadc1e3-acf1-470e-ba5b-ac7ab506d174.jpg?auto=compress,format&w=450&dpr=2",1 gram,$44.80,reg $56.00,20% off,[],THC 84.8%,CBD —,Indica,"THC: 84.81%  
--
GDP is an indica-sensory dominant strain with hints of lavender, grape, and honey sweetness. Patients report enjoying GDP for calming relief while conveying gentle mental stimulation, excellent for relaxation without overt sedation.",4.4,5334,"['Blackberry Kush', 'Sour Diesel', 'GSC', '1:1:1 Tranquility [10pk] (50mg CBD/50mg THC/50mg CBN)', 'Dark Chocolate (100mg)', '1:1 Caramel [10pk] (100mg)', 'Lemon Vuitton', 'WTC x POG']",[],"Granddaddy Purple is an indica marijuana strain that goes by many different names, including ""Grand Daddy Purp,"" ""Granddaddy Purps,"" ""GDP,"" and ""Grandaddy Purple Kush."" Popularized in 2003 by Ken Estes, Granddaddy Purple (or GDP) is a famous indica cross of Mendo Purps, Skunk, and Afghanistan. This California staple inherits a complex grape and berry aroma from its Mendo Purps and Afghanistan parent, while Skunk passes on its oversized, compact bud structure. GDP flowers bloom in shades of deep purple, a contrasting backdrop for its snow-like dusting of white crystal resin. Its potent effects are clearly detectable in both mind and body, delivering a fusion of cerebral euphoria and physical relaxation. While your thoughts may float in a dreamy buzz, your body is more likely to find itself fixed in one spot for the duration of GDP’s effects. Granddaddy Purple is typically pulled off the shelf for consumers looking to combat pain, stress, insomnia, appetite loss, and muscle spasms. GDP blesses growers with massive yields which are ready for harvest following a 60 day flowering time indoors.",2022.10.21,People's Kush Delivery (Taxes Included in Price!)
23,https://www.leafly.com/dispensary-info/people-s-kush/p/618691905/jungle-punch?variant=1230757365,Jungle Punch,Cartridges,Cartridge,Beezle Extracts,"https://uploads.iheartjane.com/uploads/7b698629-9ab0-4fd1-a10c-e86520fecc66.jpg?auto=compress,format&w=450&dpr=2",1 gram,$40.50,reg $54.00,25% off,[],THC 86.5%,CBD —,,"THC: 86.51%  
--
510 Thread 1g Cartridge
--
Jungle Punch is a Sativa Hybrid cross of Apple Fuel + Tropsicle + Forbidden Blossom",4.0,9,"['Lemon Gelato', '1:1:1 Tranquility [10pk] (50mg CBD/50mg THC/50mg CBN)', 'Dark Chocolate (100mg)', '1:1 Caramel [10pk] (100mg)', 'Lemon Vuitton', 'Orange Cookies x Zmasherz [1g]', 'WTC x POG', '1:3 CBD:THC [15ml] (30mg CBD/90mg THC)']",[],,2022.10.21,People's Kush Delivery (Taxes Included in Price!)
24,https://www.leafly.com/dispensary-info/people-s-kush/p/618691903/lemon-gelato?variant=1230757362,Lemon Gelato,Cartridges,Cartridge,Beezle Extracts,"https://uploads.iheartjane.com/uploads/d7c82187-2855-4f2a-a07d-d2489828b051.jpg?auto=compress,format&w=450&dpr=2",1 gram,$40.50,reg $54.00,25% off,[],THC 86.1%,CBD —,Hybrid,"THC: 86.06%  
--
Lemon Gelato is an indica-dominant hybrid marijuana strain made by crossing three famous strains: Thin Mint Girl Scout Cookies, Lemon Haze, and Sunset Sherbet. This strain is famous for its distinct smell and flavor, featuring bold hints of lemon, blueberry, and sherbet. Some consumers say they notice an earthy and woody aftertaste when smoking this strain. In terms of effects, Lemon Gelato will give you a buzzy head high while your mind eases into an easygoing state of euphoria. This strain may make you feel tingly and relaxed, but it won't lock you to the sofa. Medical marijuana patients choose Lemon Gelato to help relieve symptoms associated with chronic pain, fatigue, inflammation, and muscle spasms. This strain pairs well with activities like creative thinking, enjoying music, or listening to a podcast.
--
The Beezle Buzz cartridge is a full gram option that packs a powerful punch of potency in a convenient to use cartridge. The oil itself is a blend of golden THC distillate and our signature Beezle live resin steam-distilled terpenes. Every batch is strain-specific. Unlike other pens on the market, we do not use any additives to cut our product, we use only cannabis-derived ingredients. Our cartridge is designed to work with standard 510-thread batteries and functions best with push-button models.",4.9,14,"['Jungle Punch', 'GSC', '8:1 Vape Cartridge, 0.5 gram', '1:1:1 Tranquility [10pk] (50mg CBD/50mg THC/50mg CBN)', 'Dark Chocolate (100mg)', '1:1 Caramel [10pk] (100mg)', 'Lemon Vuitton', 'WTC x POG']",[],,2022.10.21,People's Kush Delivery (Taxes Included in Price!)
25,https://www.leafly.com/dispensary-info/people-s-kush/p/621076293/satsuma-surfer-330mg?variant=1419716399,Satsuma Surfer [330mg],Disposables,Cartridge,Raw Garden,"https://uploads.iheartjane.com/uploads/d7f6baad-d613-4977-9313-39de99ea1811.jpg?auto=compress,format&w=450&dpr=2",each,$27.00,,,[],THC 86.6%,CBD —,Hybrid,"THC: 86.6%  
--
Satsuma Surfer Refined Live Resin™ 
--
Chem Haze x Cobalt Haze (Orange / Citrus / Floral)
--
Sativa",4.7,3,"['Pink Lemonade', 'Slymer', 'Chem Haze', 'Sunrise Diesel', 'Sour Lights', 'Loquat Cooler', 'Hazmat OG', '1:1:1 Tranquility [10pk] (50mg CBD/50mg THC/50mg CBN)']",[],,2022.10.21,People's Kush Delivery (Taxes Included in Price!)
26,https://www.leafly.com/dispensary-info/people-s-kush/p/617925719/81-vape-cartridge-05-gram?variant=1165312366,"8:1 Vape Cartridge, 0.5 gram",Cartridges,Cartridge,Care By Design,"https://uploads.iheartjane.com/uploads/7e94024c-9a49-468f-b35c-1a67cfa4aded.jpg?auto=compress,format&w=450&dpr=2",½ gram,$41.00,,,[],THC 7.0%,CBD 59.4%,,"THC: 7%  CBD: 59.4%  
--
Good for daytime use, and for people looking to minimize mood altering effects.. Typically not psychoactive.
--
Breathe in fast-acting CBD relief. 
--
Care By Design vape cartridges work with a standard vape pen and battery. Ideal for quick relief.
--
",,,"['Lemon Gelato', 'GSC', '1:1:1 Tranquility [10pk] (50mg CBD/50mg THC/50mg CBN)', 'Dark Chocolate (100mg)', '1:1 Caramel [10pk] (100mg)', 'Lemon Vuitton', 'Orange Cookies x Zmasherz [1g]', 'WTC x POG']",[],,2022.10.21,People's Kush Delivery (Taxes Included in Price!)
27,https://www.leafly.com/dispensary-info/people-s-kush/p/621076292/sunrise-diesel?variant=1419716398,Sunrise Diesel,Cartridges,Cartridge,Raw Garden,"https://uploads.iheartjane.com/uploads/e6311a3f-30ca-4e91-a519-1c762eda4ce2.jpg?auto=compress,format&w=450&dpr=2",1 gram,$67.00,,,[],THC 89.0%,CBD —,,"THC: 88.96%  
--
Sunrise Diesel Refined Live Resin™ 1.0g Cartridge
--
Valley Sunrise x Chem Diesel (Citrus / Diesel / Floral)
--
Sativa Hybrid",,,"['Pink Lemonade', 'Slymer', 'Chem Haze', 'Sour Lights', 'Loquat Cooler', 'Satsuma Surfer [330mg]', 'Hazmat OG', '1:1:1 Tranquility [10pk] (50mg CBD/50mg THC/50mg CBN)']",[],,2022.10.21,People's Kush Delivery (Taxes Included in Price!)
28,https://www.leafly.com/dispensary-info/people-s-kush/p/616991509/sour-lights?variant=1100356112,Sour Lights,Cartridges,Cartridge,Raw Garden,"https://uploads.iheartjane.com/uploads/2ce29eb9-a531-46c6-98b0-9c01b9b3b5cd.jpg?auto=compress,format&w=450&dpr=2",1 gram,$67.00,,,[],THC 87.2%,CBD —,,"THC: 87.19%  
--
Sour Lights Refined Live Resin™ 1.0g Cartridge. 
--
Sour Crack x Sour Stomper x Skywalker. 
--
Sativa Hybrid. 
--
Raw Garden™ aspires to a higher standard.",,,"['Pink Lemonade', 'Slymer', 'Chem Haze', 'Sunrise Diesel', 'Loquat Cooler', 'Satsuma Surfer [330mg]', 'Hazmat OG', '1:1:1 Tranquility [10pk] (50mg CBD/50mg THC/50mg CBN)']",[],,2022.10.21,People's Kush Delivery (Taxes Included in Price!)
29,https://www.leafly.com/dispensary-info/people-s-kush/p/619230142/loquat-cooler?variant=1272982387,Loquat Cooler,Cartridges,Cartridge,Raw Garden,"https://uploads.iheartjane.com/uploads/9610121f-6982-4458-b28b-caab2a1befed.jpg?auto=compress,format&w=450&dpr=2",1 gram,$67.00,,,[],THC 83.8%,CBD —,,"THC: 83.78%  
--
Loquat Cooler Refined Live Resin™ 1.0g Cartridge
--
Loquat Jam x Skynana x Cindy Punch
--
Indica
--
Raw Garden™ aspires to a higher standard. It’s for when you want to experience more. Do more. Celebrate more. Unwind more.
--
",,,"['Chem Haze', 'Slymer', 'Pink Lemonade', 'Sour Lights', 'Sunrise Diesel', 'Hazmat OG', 'Satsuma Surfer [330mg]', '1:1:1 Tranquility [10pk] (50mg CBD/50mg THC/50mg CBN)']",[],,2022.10.21,People's Kush Delivery (Taxes Included in Price!)
30,https://www.leafly.com/dispensary-info/people-s-kush/p/615560515/31-hawaiian-dream?variant=1008396291,3:1 Hawaiian Dream,Cartridges,Cartridge,Heavy Hitters  ,"https://uploads.iheartjane.com/uploads/401f3077-3d07-4dc4-b32b-cbb33609346b.jpg?auto=compress,format&w=450&dpr=2",1 gram,$80.50,,,[],THC 19.0%,CBD 55.8%,Sativa,"THC: 19%  CBD: 55.8%  
--
Heavy Hitters' Hawaiian Dream is a 3:1 CBD blend with sweet, pineapple cake undertones.
--
The breeders at Moani Naturals created Hawaiian Dream by combining Blue Dream with the Hawaiian landrace strain. The strain features higher levels of CBD.
--
This uplifting sativa captures the aromas of its namesake with tropical pineapple smells layered with citrus. Its flavors are slightly more tart, with layers of grapefruit and other exotic fruit.",4.5,77,"['1:1:1 Tranquility [10pk] (50mg CBD/50mg THC/50mg CBN)', '1:1 Caramel [10pk] (100mg)', 'Dark Chocolate (100mg)', 'Lemon Vuitton', 'WTC x POG', 'Chem Haze', 'Slymer', 'White Runtz']",[],,2022.10.21,People's Kush Delivery (Taxes Included in Price!)
31,https://www.leafly.com/dispensary-info/people-s-kush/p/619790308/orange-cookies-x-zmasherz-1g?variant=1312661406,Orange Cookies x Zmasherz [1g],Pre rolls,PreRoll,Talking Trees Farms,"https://uploads.iheartjane.com/uploads/570acd35-c98e-493d-a3d4-787bea3e31b7.jpg?auto=compress,format&w=450&dpr=2",each,$5.10,reg $6.00,15% off,[],THC 22.9%,CBD —,Hybrid,"THC: 22.85%  
--
WHY WE LOVE THIS BRAND
--
Talking Trees Farms is a sustainably focused brand that produces single source cannabis products. They cultivate using only organic methods and inputs and never use chemical pesticides. The farms grow using mostly rain catchment stored water and permitted wells; not draining any water from their natural streams, creeks or rivers.
--
---
--
ABOUT TALKING TREES PREROLLS
--
Talking Trees’ prerolls are lovingly hand stuffed using small, single source buds, never shake. These preroll were expertly formulated for the perfect smoking experience using the most sustainable and environmentally conscious methods available.",4.6,495,"['WTC x POG', 'Sunset Wedding', '1:1:1 Tranquility [10pk] (50mg CBD/50mg THC/50mg CBN)', 'Dark Chocolate (100mg)', '1:1 Caramel [10pk] (100mg)', 'Lemon Vuitton', 'Chem Haze', 'Slymer']",[],,2022.10.21,People's Kush Delivery (Taxes Included in Price!)
32,https://www.leafly.com/dispensary-info/people-s-kush/p/615560490/13-cbdthc-15ml-30mg-cbd90mg-thc?variant=1008396264,1:3 CBD:THC [15ml] (30mg CBD/90mg THC),Balms,Topical,Papa & Barkley,"https://uploads.iheartjane.com/uploads/14b8ab0f-cec0-47eb-84bd-1d2bcd8eeff5.jpg?auto=compress,format&w=450&dpr=2",each,$27.00,,,[],THC 90.0mg,CBD 30.0mg,,"1:3 THC-RICH BALM - 15ML
--

--
Ingredients: Cannabis, Coconut Oil, Beeswax, Essential Oil Blend (Eucalyptus, Tea Tree, Peppermint, Lavender), Vitamin E Oil, Natural Terpenes.",,,"['1:1:1 Tranquility [10pk] (50mg CBD/50mg THC/50mg CBN)', '1:1 Caramel [10pk] (100mg)', 'Dark Chocolate (100mg)', 'Lemon Vuitton', 'Orange Cookies x Zmasherz [1g]', 'WTC x POG', 'Chem Haze', 'Slymer']",[],,2022.10.21,People's Kush Delivery (Taxes Included in Price!)
