﻿Index,Link,Name,Label,Category,Brand,Image,Unit,Price,OrginalPrice,Discount,OtherAmount,THC,CBD,Lineage,Description,Rating,Reviewnum,Alsolike,Similar,Strain,ScrapeTime,Store name
0,https://www.leafly.com/dispensary-info/quickie-cannabis-delivery/p/621301768/818-brands-premium-indoor-exotic-smalls-4g-lpc-x-j?variant=1477105122,818 Brands Premium Indoor Exotic Smalls 4G LPC X Jealousy Smalls,Hybrid flower,Flower,818 Brands,"https://meadow-leafly.imgix.net/2022/8/a5af3381-5002-4ffe-978e-d627f3c42905.jpeg?auto=format,compress&cs=csrgb&fit=max&h=640&w=640?auto=compress,format&w=450&dpr=2",4 grams,$25.00,,,[],THC 29.4%,CBD —,Hybrid,"BOGO 2 eights for $40!

818 Brands Premium Indoor Exotic Smalls 4G LPC X Jealousy Smalls

4 Grams of Premium Indoor LPC x Jealousy Flower.
London Pound Cake, also known as ""Pound Cake,"" is an indica-dominant marijuana strain made by crossing Sunset Sherbert with an unknown heavy-hitting indica. Jealousy is a hybrid strain made by crossing Sherbert Bx1 with Gelato 41.
At 818 Brands, we pride ourselves on our proprietary cultivation processes and strive to deliver only the best. We believe that what you put in matters — so you’ll never find pesticides in our flower. Growing indoors allows us to know precisely what goes into creating each of our different strains.

*Second eighth of same or lower price point.* 
",4.7,38.0,"['818 Brands Premium Indoor Exotic Flower 3.5G LPC x Jealousy', '818 Brands Premium Indoor Exotic Smalls 4G Jealousy Smalls', '818 Brands Premium Indoor Exotic Flower 4G 818 Garlicane', '818 Brands Premium Indoor Exotic Flower 3.5G Gas Face OG', 'Simply Lyfted Indica Cannabis Flower 3.5G Skywalker', 'High Cal Cannabis Indica Hybrid Cannabis Flower 3.5G Wedding Pie', 'Simply Lyfted Reserve Hybrid Cannabis Flower 3.5G Soap', 'High Cal Cannabis Indica Cannabis Flower 3.5G Wappa']",[],,2022.10.21,Quickie Cannabis - Delivery
1,https://www.leafly.com/dispensary-info/quickie-cannabis-delivery/p/621301725/818-brands-premium-indoor-exotic-smalls-4g-jealous?variant=1477108324,818 Brands Premium Indoor Exotic Smalls 4G Jealousy Smalls,Hybrid flower,Flower,818 Brands,"https://meadow-leafly.imgix.net/2022/8/95b4c611-944f-4d31-a571-203d230d7926.jpeg?auto=format,compress&cs=csrgb&fit=max&h=640&w=640?auto=compress,format&w=450&dpr=2",4 grams,$25.00,,,[],THC 29.0%,CBD —,Hybrid,"BOGO 2 eights for $40!

818 Brands Premium Indoor Exotic Smalls 4G Jealousy Smalls

Jealousy is a hybrid weed strain made by crossing Sherbert Bx1 with Gelato 41. Jealousy is known for its balancing effects.
At 818 Brands, we pride ourselves on our proprietary cultivation processes and strive to deliver only the best. We believe that what you put in matters — so you’ll never find pesticides in our flower. Growing indoors allows us to know precisely what goes into creating each of our different strains.

*Second eighth of same or lower price point.* 
",4.7,38.0,"['818 Brands Premium Indoor Exotic Flower 3.5G LPC x Jealousy', '818 Brands Premium Indoor Exotic Smalls 4G LPC X Jealousy Smalls', '818 Brands Premium Indoor Exotic Flower 4G 818 Garlicane', '818 Brands Premium Indoor Exotic Flower 3.5G Gas Face OG', 'Simply Lyfted Indica Cannabis Flower 3.5G Skywalker', 'High Cal Cannabis Indica Hybrid Cannabis Flower 3.5G Wedding Pie', 'Simply Lyfted Reserve Hybrid Cannabis Flower 3.5G Soap', 'High Cal Cannabis Indica Cannabis Flower 3.5G Wappa']",[],"Jealousy is a hybrid weed strain made by crossing Sherbert Bx1 with Gelato 41. Jealousy is known for its balancing effects. Reviewers on Leafly who have smoked this strain say it makes them feel mentally relaxed but physically energetic. Jealousy is 17% THC, ideal for experienced cannabis consumers. The dominant terpene of this strain is caryophyllene, which is often associated with spicy aromas. Reviewers tell Leafly Jealousy tastes earthy and funky. Medical marijuana patients say they buy this strain when feeling symptoms of mild stress. Jealousy was originally bred by Seed Junky Genetics.",2022.10.21,Quickie Cannabis - Delivery
2,https://www.leafly.com/dispensary-info/quickie-cannabis-delivery/p/621301663/818-brands-premium-indoor-exotic-flower-35g-lpc-x-?variant=1477095750,818 Brands Premium Indoor Exotic Flower 3.5G LPC x Jealousy,Hybrid flower,Flower,818 Brands,"https://meadow-leafly.imgix.net/2022/8/306a2728-adbb-4035-abaa-ff65e303e5d0.jpeg?auto=format,compress&cs=csrgb&fit=max&h=640&w=640?auto=compress,format&w=450&dpr=2",⅛ ounce,$45.00,,,[],THC 28.9%,CBD —,Hybrid,"BOGO 2 eights for $55!

3.5 Grams of Premium Indoor LPC x Jealousy Flower.

London Pound Cake, also known as ""Pound Cake,"" is an indica-dominant marijuana strain made by crossing Sunset Sherbert with an unknown heavy-hitting indica. Jealousy is a hybrid strain made by crossing Sherbert Bx1 with Gelato 41.
At 818 Brands, we pride ourselves on our proprietary cultivation processes and strive to deliver only the best. We believe that what you put in matters — so you’ll never find pesticides in our flower. Growing indoors allows us to know precisely what goes into creating each of our different strains.

*Second eighth of same or lower price point.* ",4.7,38.0,"['818 Brands Premium Indoor Exotic Smalls 4G LPC X Jealousy Smalls', '818 Brands Premium Indoor Exotic Smalls 4G Jealousy Smalls', '818 Brands Premium Indoor Exotic Flower 4G 818 Garlicane', '818 Brands Premium Indoor Exotic Flower 3.5G Gas Face OG', 'Simply Lyfted Indica Cannabis Flower 3.5G Skywalker', 'High Cal Cannabis Indica Hybrid Cannabis Flower 3.5G Wedding Pie', 'Simply Lyfted Reserve Hybrid Cannabis Flower 3.5G Soap', 'High Cal Cannabis Indica Cannabis Flower 3.5G Wappa']",[],"Jealousy is a hybrid weed strain made by crossing Sherbert Bx1 with Gelato 41. Jealousy is known for its balancing effects. Reviewers on Leafly who have smoked this strain say it makes them feel mentally relaxed but physically energetic. Jealousy is 17% THC, ideal for experienced cannabis consumers. The dominant terpene of this strain is caryophyllene, which is often associated with spicy aromas. Reviewers tell Leafly Jealousy tastes earthy and funky. Medical marijuana patients say they buy this strain when feeling symptoms of mild stress. Jealousy was originally bred by Seed Junky Genetics.",2022.10.21,Quickie Cannabis - Delivery
3,https://www.leafly.com/dispensary-info/quickie-cannabis-delivery/p/621301619/818-brands-premium-indoor-exotic-flower-4g-818-gar?variant=1477099993,818 Brands Premium Indoor Exotic Flower 4G 818 Garlicane,Hybrid flower,Flower,818 Brands,"https://meadow-leafly.imgix.net/2022/8/4fbe8ee6-067e-4210-8c07-d66483b58f62.jpeg?auto=format,compress&cs=csrgb&fit=max&h=640&w=640?auto=compress,format&w=450&dpr=2",4 grams,$45.00,,,[],THC 30.3%,CBD —,Hybrid,"BOGO 2 Eighths for $55!

818 Brands Premium Indoor Exotic Flower 4G 818 Garlicane

818 Garlicane is an Indica-dominant hybrid with a gassy tropical sweet flavor mixed with a hint of piña colada sprinkled in. 
The high that Garlicane produces is an aphrodisiacal effect that is sure to enhance your mood.
GMO x Slurricane

*Second eighth of same or lower price point.* 
",4.7,26.0,"['818 Brands Premium Indoor Exotic Flower 3.5G LPC x Jealousy', '818 Brands Premium Indoor Exotic Smalls 4G LPC X Jealousy Smalls', '818 Brands Premium Indoor Exotic Smalls 4G Jealousy Smalls', '818 Brands Premium Indoor Exotic Flower 3.5G Gas Face OG', 'Simply Lyfted Indica Cannabis Flower 3.5G Skywalker', 'High Cal Cannabis Indica Hybrid Cannabis Flower 3.5G Wedding Pie', 'Simply Lyfted Reserve Hybrid Cannabis Flower 3.5G Soap', 'High Cal Cannabis Indica Cannabis Flower 3.5G Wappa']",[],,2022.10.21,Quickie Cannabis - Delivery
4,https://www.leafly.com/dispensary-info/quickie-cannabis-delivery/p/621301676/818-brands-premium-indoor-exotic-flower-35g-gas-fa?variant=1460440179,818 Brands Premium Indoor Exotic Flower 3.5G Gas Face OG,Hybrid flower,Flower,818 Brands,"https://meadow-leafly.imgix.net/2022/8/194cf02b-bc53-401e-840b-60e7beeadc6d.jpeg?auto=format,compress&cs=csrgb&fit=max&h=640&w=640?auto=compress,format&w=450&dpr=2",⅛ ounce,$45.00,,,[],THC 34.3%,CBD —,Hybrid,"BOGO 2 Eighths for $55!

818 Brands Premium Indoor Exotic Flower 3.5G Gas Face OG

At 818 Brands, we pride ourselves on our proprietary cultivation processes and strive to deliver only the best. We believe that what you put in matters — so you’ll never find pesticides in our flower. Growing indoors allows us to know precisely what goes into creating each of our different strains.

*Second eighth of same or lower price point.* 

",4.7,9.0,"['818 Brands Premium Indoor Exotic Flower 3.5G LPC x Jealousy', '818 Brands Premium Indoor Exotic Flower 4G 818 Garlicane', '818 Brands Premium Indoor Exotic Smalls 4G LPC X Jealousy Smalls', '818 Brands Premium Indoor Exotic Smalls 4G Jealousy Smalls', 'Simply Lyfted Indica Cannabis Flower 3.5G Skywalker', 'High Cal Cannabis Indica Hybrid Cannabis Flower 3.5G Wedding Pie', 'Simply Lyfted Reserve Hybrid Cannabis Flower 3.5G Soap', 'High Cal Cannabis Indica Cannabis Flower 3.5G Wappa']",[],,2022.10.21,Quickie Cannabis - Delivery
5,https://www.leafly.com/dispensary-info/quickie-cannabis-delivery/p/621310428/simply-lyfted-indica-cannabis-flower-35g-skywalker?variant=1477103599,Simply Lyfted Indica Cannabis Flower 3.5G Skywalker,Hybrid flower,Flower,Simply Lyfted,"https://meadow-leafly.imgix.net/2022/8/50cd9cb7-fb99-4dce-8616-d0aa53d1bab9.jpeg?auto=format,compress&cs=csrgb&fit=max&h=640&w=640?auto=compress,format&w=450&dpr=2",⅛ ounce,$30.00,,,[],THC 25.9%,CBD 0.0%,Hybrid,"BOGO 2 Eighths for $40!

Simply Lyfted Indica Cannabis Flower 3.5G Skywalker
Blueberry X Mazar X OG Kush

Mazar x Blueberry, also known as ""Skywalker Kush,"" ""Sky OG,"" or simply ""Skywalker"" is a well-rounded indica-dominant hybrid that helps patients knock out pain and relax into sleep after a long day. 

*Second eighth of same or lower price point.* 
",4.3,1026.0,"['Simply Lyfted Reserve Hybrid Cannabis Flower 3.5G Soap', 'Simply Lyfted Reserve Preroll Indica 1G Superman OG', '818 Brands Premium Indoor Exotic Flower 3.5G LPC x Jealousy', '818 Brands Premium Indoor Exotic Flower 4G 818 Garlicane', 'High Cal Cannabis Indica Hybrid Cannabis Flower 3.5G Wedding Pie', '818 Brands Premium Indoor Exotic Smalls 4G LPC X Jealousy Smalls', '818 Brands Premium Indoor Exotic Smalls 4G Jealousy Smalls', 'High Cal Cannabis Indica Cannabis Flower 3.5G Wappa']",[],,2022.10.21,Quickie Cannabis - Delivery
6,https://www.leafly.com/dispensary-info/quickie-cannabis-delivery/p/621301577/simply-lyfted-reserve-hybrid-cannabis-flower-35g-s?variant=1477103601,Simply Lyfted Reserve Hybrid Cannabis Flower 3.5G Soap,Flower,Flower,Simply Lyfted,"https://meadow-leafly.imgix.net/2022/8/428b9199-8c40-473c-8711-fab3820a1211.jpeg?auto=format,compress&cs=csrgb&fit=max&h=640&w=640?auto=compress,format&w=450&dpr=2",⅛ ounce,$35.00,,,[],THC 32.9%,CBD 0.2%,,"BOGO 2 Eighths for $45!

Simply Lyfted Reserve Hybrid Cannabis Flower 3.5G Soap
Animal Mints X Kush Mints

*Second eighth of same or lower price point.* ",,,"['Simply Lyfted Indica Cannabis Flower 3.5G Skywalker', 'Simply Lyfted Reserve Preroll Indica 1G Superman OG', '818 Brands Premium Indoor Exotic Flower 3.5G LPC x Jealousy', '818 Brands Premium Indoor Exotic Flower 4G 818 Garlicane', 'High Cal Cannabis Indica Hybrid Cannabis Flower 3.5G Wedding Pie', '818 Brands Premium Indoor Exotic Smalls 4G LPC X Jealousy Smalls', '818 Brands Premium Indoor Exotic Smalls 4G Jealousy Smalls', 'High Cal Cannabis Indica Cannabis Flower 3.5G Wappa']",[],,2022.10.21,Quickie Cannabis - Delivery
7,https://www.leafly.com/dispensary-info/quickie-cannabis-delivery/p/621301550/high-cal-cannabis-indica-cannabis-flower-35g-wappa?variant=1477123115,High Cal Cannabis Indica Cannabis Flower 3.5G Wappa,Hybrid flower,Flower,High Cal Cannabis,"https://meadow-leafly.imgix.net/2022/8/ac975fa3-0168-4d48-a4fa-0192074df597.jpeg?auto=format,compress&cs=csrgb&fit=max&h=640&w=640?auto=compress,format&w=450&dpr=2",⅛ ounce,$45.00,,,[],THC 39.1%,CBD 0.1%,Hybrid,"BOGO 2 Eighths for $55!

High Cal Cannabis Indica Cannabis Flower 3.5G Wappa
Delahaze X Sensi Star

Wappa is a 60% indica-dominant hybrid bred by Paradise Seeds that delivers happy, uplifting effects alongside an intense fruity flavor.

*Second eighth of same or lower price point.* ",4.4,207.0,"['High Cal Cannabis Indica Hybrid Cannabis Flower 3.5G Wedding Pie', 'High Cal Cannabis Hybrid Cannabis Flower 3.5G Larry Breath', 'High Cal Cannabis Sativa Cannabis Flower 3.5G Vaderade', 'High Cal Cannabis Indica Hybrid Cannabis Flower 3.5G Mac', '818 Brands Premium Indoor Exotic Flower 3.5G LPC x Jealousy', '818 Brands Premium Indoor Exotic Flower 4G 818 Garlicane', 'Simply Lyfted Indica Cannabis Flower 3.5G Skywalker', 'Simply Lyfted Reserve Hybrid Cannabis Flower 3.5G Soap']",[],,2022.10.21,Quickie Cannabis - Delivery
8,https://www.leafly.com/dispensary-info/quickie-cannabis-delivery/p/621301519/high-cal-cannabis-hybrid-cannabis-flower-35g-larry?variant=1477123117,High Cal Cannabis Hybrid Cannabis Flower 3.5G Larry Breath,Flower,Flower,High Cal Cannabis,"https://meadow-leafly.imgix.net/2022/8/8413ad65-5e26-4e53-ab8c-aa7640763e46.jpeg?auto=format,compress&cs=csrgb&fit=max&h=640&w=640?auto=compress,format&w=450&dpr=2",⅛ ounce,$45.00,,,[],THC 37.9%,CBD —,,"BOGO 2 eights for $55!

High Cal Cannabis Hybrid Cannabis Flower 3.5G Larry Breath
(Mendo Breath X Gelato #33)

Larry's Breath is a delicious cross between Gelato 33 and Mendo Breath. Known for its super sweet flavor and long-lasting high. The aroma is very similar, with a creamy vanilla overtone that's accented by sweet and sour fruity citrus that intensifies as the nugs are burned away. with long-lasting effects that will have you feeling relaxed, rather than vibrant and energized, you'll feel numbing as you begin to settle into a super relaxing state of pure calm and ease.

*Second eighth of same or lower price point.* 
",,,"['High Cal Cannabis Indica Hybrid Cannabis Flower 3.5G Wedding Pie', 'High Cal Cannabis Indica Cannabis Flower 3.5G Wappa', 'High Cal Cannabis Sativa Cannabis Flower 3.5G Vaderade', 'High Cal Cannabis Indica Hybrid Cannabis Flower 3.5G Mac', '818 Brands Premium Indoor Exotic Flower 3.5G LPC x Jealousy', '818 Brands Premium Indoor Exotic Flower 4G 818 Garlicane', 'Simply Lyfted Indica Cannabis Flower 3.5G Skywalker', 'Simply Lyfted Reserve Hybrid Cannabis Flower 3.5G Soap']",[],,2022.10.21,Quickie Cannabis - Delivery
9,https://www.leafly.com/dispensary-info/quickie-cannabis-delivery/p/621301529/high-cal-cannabis-sativa-cannabis-flower-35g-vader?variant=1477119259,High Cal Cannabis Sativa Cannabis Flower 3.5G Vaderade,Flower,Flower,High Cal Cannabis,"https://meadow-leafly.imgix.net/2022/8/e36eab80-15a7-4273-8ad6-72e64c770755.jpeg?auto=format,compress&cs=csrgb&fit=max&h=640&w=640?auto=compress,format&w=450&dpr=2",⅛ ounce,$45.00,,,[],THC 28.3%,CBD 0.2%,,"BOGO 2 Eighths for $55!

High Cal Cannabis Sativa Cannabis Flower 3.5G Vaderade
Extreme Cream X Dark Plasma X  Mimosa

Vaderade is a sativa marijuana strain, a cross between Extreme Cream, Dark Plasma, and Mimosa. In small doses, this strain produces happy, level-headed effects that will leave you feeling uplifted and motivated enough to take on any mundane task. This strain develops deep purple colas dusted with trichomes and emits a strong, earthy aroma that is somehow creamy on the nose and buttery on the palate.

*Second eighth of same or lower price point.* ",,,"['High Cal Cannabis Indica Hybrid Cannabis Flower 3.5G Wedding Pie', 'High Cal Cannabis Indica Cannabis Flower 3.5G Wappa', 'High Cal Cannabis Hybrid Cannabis Flower 3.5G Larry Breath', 'High Cal Cannabis Indica Hybrid Cannabis Flower 3.5G Mac', '818 Brands Premium Indoor Exotic Flower 3.5G LPC x Jealousy', '818 Brands Premium Indoor Exotic Flower 4G 818 Garlicane', 'Simply Lyfted Indica Cannabis Flower 3.5G Skywalker', 'Simply Lyfted Reserve Hybrid Cannabis Flower 3.5G Soap']",[],,2022.10.21,Quickie Cannabis - Delivery
10,https://www.leafly.com/dispensary-info/quickie-cannabis-delivery/p/621301255/high-cal-cannabis-indica-hybrid-cannabis-flower-35?variant=1477119263,High Cal Cannabis Indica Hybrid Cannabis Flower 3.5G Mac,Hybrid flower,Flower,High Cal Cannabis,"https://meadow-leafly.imgix.net/2022/8/47de6f95-42d6-4d82-943b-4dd45694ada4.jpeg?auto=format,compress&cs=csrgb&fit=max&h=640&w=640?auto=compress,format&w=450&dpr=2",⅛ ounce,$45.00,,,[],THC 29.4%,CBD 0.2%,Hybrid,"BOGO 2 Eighths for $55!

High Cal Cannabis Indica Hybrid Cannabis Flower 3.5G Mac
Starfighter X Alien Cookies

MAC, also known as ""Miracle Alien Cookies"" or simply ""Miracle Cookies,"" is a hybrid marijuana strain made by crossing Alien Cookies with Starfighter and Columbian. MAC produces creative effects that are happy and uplifting. 

*Second eighth of same or lower price point.* ",4.6,431.0,"['High Cal Cannabis Indica Hybrid Cannabis Flower 3.5G Wedding Pie', 'High Cal Cannabis Indica Cannabis Flower 3.5G Wappa', 'High Cal Cannabis Hybrid Cannabis Flower 3.5G Larry Breath', 'High Cal Cannabis Sativa Cannabis Flower 3.5G Vaderade', '818 Brands Premium Indoor Exotic Flower 3.5G LPC x Jealousy', '818 Brands Premium Indoor Exotic Flower 4G 818 Garlicane', 'Simply Lyfted Indica Cannabis Flower 3.5G Skywalker', 'Simply Lyfted Reserve Hybrid Cannabis Flower 3.5G Soap']",[],,2022.10.21,Quickie Cannabis - Delivery
11,https://www.leafly.com/dispensary-info/quickie-cannabis-delivery/p/621301228/high-cal-cannabis-indica-hybrid-cannabis-flower-35?variant=1477103600,High Cal Cannabis Indica Hybrid Cannabis Flower 3.5G Wedding Pie,Hybrid flower,Flower,High Cal Cannabis,"https://meadow-leafly.imgix.net/2022/8/bca9ed0e-8ba0-4da5-af88-6ba715212f79.jpeg?auto=format,compress&cs=csrgb&fit=max&h=640&w=640?auto=compress,format&w=450&dpr=2",⅛ ounce,$40.00,,,[],THC 25.8%,CBD —,Hybrid,"BOGO 2 Eighths for $55!
High Cal Cannabis Indica Hybrid Cannabis Flower 3.5G Wedding Pie
Grape Pie X Wedding Cake

Wedding Pie is an indica-leaning hybrid that is made by crossing Wedding Cake and Grape Pie. Wedding Pie puts out a fragrant, fruity dessert aroma that is sweet, lemony, and gassy. This strain will quickly put your mind at ease as you enjoy the calming high and the quality craftsmanship that make this strain an all-around hit.

*Second eighth of same or lower price point.* ",4.6,96.0,"['High Cal Cannabis Indica Cannabis Flower 3.5G Wappa', 'High Cal Cannabis Hybrid Cannabis Flower 3.5G Larry Breath', 'High Cal Cannabis Sativa Cannabis Flower 3.5G Vaderade', 'High Cal Cannabis Indica Hybrid Cannabis Flower 3.5G Mac', '818 Brands Premium Indoor Exotic Flower 3.5G LPC x Jealousy', '818 Brands Premium Indoor Exotic Flower 4G 818 Garlicane', 'Simply Lyfted Indica Cannabis Flower 3.5G Skywalker', 'Simply Lyfted Reserve Hybrid Cannabis Flower 3.5G Soap']",[],,2022.10.21,Quickie Cannabis - Delivery
12,https://www.leafly.com/dispensary-info/quickie-cannabis-delivery/p/621302096/free-cannabis-co-live-resin-badder-1000mg-indica-l?variant=1477134023,Free Cannabis Co. Live Resin Badder 1000mg Indica Laughing Gas,Concentrate,Concentrate,FREE Cannabis Co.,"https://meadow-leafly.imgix.net/2022/8/da0e8307-3022-483f-8d5f-679e81f34fb8.jpeg?auto=format,compress&cs=csrgb&fit=max&h=640&w=640?auto=compress,format&w=450&dpr=2",each,$29.00,,,[],THC 89.0%,CBD 2.0mg,Hybrid,"BOGO 2 grams for $40!

Free Cannabis Co. Live Resin Badder 1000mg Indica Laughing Gas

*Second gram of same or lower price point.* ",4.6,27.0,"['Free Cannabis Co. Live Resin Badder 1000mg Sativa Blueberry Cookies', 'Free Cannabis Co. Live Resin Badder 1000mg Sativa Lemon Creme', 'Free Cannabis Co. Live Resin Badder 1000mg Sativa Kiwi Cake', 'Free Cannabis Co. Live Resin Badder 1000mg Sativa Chemdawg', 'Free Cannabis Co. Live Resin Badder 1000mg Hybrid OG Kush', 'Free Cannabis Co. Cannabis Vape Live Resin Terps 1000MG Hybrid Banana OG', 'Free Cannabis Co. Cannabis Vape Live Resin Terps 1000 MG Sativa Pineapple Express', 'Free Cannabis Co. Cannabis Vape Live Resin Terps 1000 MG Sativa Northern Dream']",[],,2022.10.21,Quickie Cannabis - Delivery
13,https://www.leafly.com/dispensary-info/quickie-cannabis-delivery/p/621302037/free-cannabis-co-live-resin-badder-1000mg-sativa-b?variant=1457888199,Free Cannabis Co. Live Resin Badder 1000mg Sativa Blueberry Cookies,Concentrate,Concentrate,FREE Cannabis Co.,"https://meadow-leafly.imgix.net/2022/8/09761392-c9aa-41d0-b862-5e3e6d42381c.jpeg?auto=format,compress&cs=csrgb&fit=max&h=640&w=640?auto=compress,format&w=450&dpr=2",each,$29.00,,,[],THC 85.0%,CBD 2.0mg,Hybrid,"BOGO 2 grams for $40!


*Second gram of same or lower price point.* ",4.6,152.0,"['Free Cannabis Co. Live Resin Badder 1000mg Indica Laughing Gas', 'Free Cannabis Co. Live Resin Badder 1000mg Sativa Lemon Creme', 'Free Cannabis Co. Live Resin Badder 1000mg Sativa Kiwi Cake', 'Free Cannabis Co. Live Resin Badder 1000mg Sativa Chemdawg', 'Free Cannabis Co. Live Resin Badder 1000mg Hybrid OG Kush', 'Free Cannabis Co. Cannabis Vape Live Resin Terps 1000MG Hybrid Banana OG', 'Free Cannabis Co. Cannabis Vape Live Resin Terps 1000 MG Sativa Pineapple Express', 'Free Cannabis Co. Cannabis Vape Live Resin Terps 1000 MG Sativa Northern Dream']",[],,2022.10.21,Quickie Cannabis - Delivery
14,https://www.leafly.com/dispensary-info/quickie-cannabis-delivery/p/621301881/free-cannabis-co-live-resin-badder-1000mg-sativa-l?variant=1457888187,Free Cannabis Co. Live Resin Badder 1000mg Sativa Lemon Creme,Concentrate,Concentrate,FREE Cannabis Co.,"https://meadow-leafly.imgix.net/2022/8/c6aa2aba-20cc-4370-8401-9c2355ef3e9e.jpeg?auto=format,compress&cs=csrgb&fit=max&h=640&w=640?auto=compress,format&w=450&dpr=2",each,$29.00,,,[],THC 77.0%,CBD 2.0mg,,"Free Cannabis Co. Live Resin Badder 1000mg Sativa Lemon Creme

*Second gram of same or lower price point.* ",,,"['Free Cannabis Co. Live Resin Badder 1000mg Indica Laughing Gas', 'Free Cannabis Co. Live Resin Badder 1000mg Sativa Blueberry Cookies', 'Free Cannabis Co. Live Resin Badder 1000mg Sativa Kiwi Cake', 'Free Cannabis Co. Live Resin Badder 1000mg Sativa Chemdawg', 'Free Cannabis Co. Live Resin Badder 1000mg Hybrid OG Kush', 'Free Cannabis Co. Cannabis Vape Live Resin Terps 1000MG Hybrid Banana OG', 'Free Cannabis Co. Cannabis Vape Live Resin Terps 1000 MG Sativa Pineapple Express', 'Free Cannabis Co. Cannabis Vape Live Resin Terps 1000 MG Sativa Northern Dream']",[],,2022.10.21,Quickie Cannabis - Delivery
15,https://www.leafly.com/dispensary-info/quickie-cannabis-delivery/p/621301834/free-cannabis-co-live-resin-badder-1000mg-sativa-k?variant=1477134022,Free Cannabis Co. Live Resin Badder 1000mg Sativa Kiwi Cake,Concentrate,Concentrate,FREE Cannabis Co.,"https://meadow-leafly.imgix.net/2022/8/2ff88a91-d1d2-462d-81fc-f3b7ecafd01f.jpeg?auto=format,compress&cs=csrgb&fit=max&h=640&w=640?auto=compress,format&w=450&dpr=2",each,$29.00,,,[],THC 82.0%,CBD 2.0mg,,"BOGO 2 grams for $40!

Free Cannabis Co. Live Resin Badder 1000mg Sativa Kiwi Cake

*Second gram of same or lower price point.* ",,,"['Free Cannabis Co. Live Resin Badder 1000mg Indica Laughing Gas', 'Free Cannabis Co. Live Resin Badder 1000mg Sativa Blueberry Cookies', 'Free Cannabis Co. Live Resin Badder 1000mg Sativa Lemon Creme', 'Free Cannabis Co. Live Resin Badder 1000mg Sativa Chemdawg', 'Free Cannabis Co. Live Resin Badder 1000mg Hybrid OG Kush', 'Free Cannabis Co. Cannabis Vape Live Resin Terps 1000MG Hybrid Banana OG', 'Free Cannabis Co. Cannabis Vape Live Resin Terps 1000 MG Sativa Pineapple Express', 'Free Cannabis Co. Cannabis Vape Live Resin Terps 1000 MG Sativa Northern Dream']",[],,2022.10.21,Quickie Cannabis - Delivery
16,https://www.leafly.com/dispensary-info/quickie-cannabis-delivery/p/621301918/free-cannabis-co-live-resin-badder-1000mg-sativa-c?variant=1457888186,Free Cannabis Co. Live Resin Badder 1000mg Sativa Chemdawg,Concentrate,Concentrate,FREE Cannabis Co.,"https://meadow-leafly.imgix.net/2022/8/2c15275b-683c-44c6-a23b-877c3b64654e.jpeg?auto=format,compress&cs=csrgb&fit=max&h=640&w=640?auto=compress,format&w=450&dpr=2",each,$29.00,,,[],THC 85.0%,CBD 2.0mg,Hybrid,"BOGO 2 grams for $40!

Free Cannabis Co. Live Resin Badder 1000mg Sativa Chemdawg 

Chemdawg is known for its distinct, diesel-like aroma. Consumers can expect to have a cerebral experience, coupled with a strong heavy-bodied feeling. 

*Second gram of same or lower price point.* ",4.3,2382.0,"['Free Cannabis Co. Live Resin Badder 1000mg Indica Laughing Gas', 'Free Cannabis Co. Live Resin Badder 1000mg Sativa Blueberry Cookies', 'Free Cannabis Co. Live Resin Badder 1000mg Sativa Lemon Creme', 'Free Cannabis Co. Live Resin Badder 1000mg Sativa Kiwi Cake', 'Free Cannabis Co. Live Resin Badder 1000mg Hybrid OG Kush', 'Free Cannabis Co. Cannabis Vape Live Resin Terps 1000MG Hybrid Banana OG', 'Free Cannabis Co. Cannabis Vape Live Resin Terps 1000 MG Sativa Pineapple Express', 'Free Cannabis Co. Cannabis Vape Live Resin Terps 1000 MG Sativa Northern Dream']",[],,2022.10.21,Quickie Cannabis - Delivery
17,https://www.leafly.com/dispensary-info/quickie-cannabis-delivery/p/621301917/free-cannabis-co-live-resin-badder-1000mg-hybrid-o?variant=1457888190,Free Cannabis Co. Live Resin Badder 1000mg Hybrid OG Kush,Concentrate,Concentrate,FREE Cannabis Co.,"https://meadow-leafly.imgix.net/2022/8/3d645086-9a44-45a3-a2d2-61c51e0c013c.jpeg?auto=format,compress&cs=csrgb&fit=max&h=640&w=640?auto=compress,format&w=450&dpr=2",each,$29.00,,,[],THC 80.0%,CBD 0.3mg,Hybrid,"BOGO 2 grams for $40!

Free Cannabis Co. Live Resin Badder 1000mg Hybrid OG Kush

OG Kush should smell like lemon-pine-fuel with a high-THC, mixed head and body effect. It's often enjoyed in the back half of the day to ease stress.

*Second gram of same or lower price point.* ",4.3,5458.0,"['Free Cannabis Co. Live Resin Badder 1000mg Indica Laughing Gas', 'Free Cannabis Co. Live Resin Badder 1000mg Sativa Blueberry Cookies', 'Free Cannabis Co. Live Resin Badder 1000mg Sativa Lemon Creme', 'Free Cannabis Co. Live Resin Badder 1000mg Sativa Kiwi Cake', 'Free Cannabis Co. Live Resin Badder 1000mg Sativa Chemdawg', 'Free Cannabis Co. Cannabis Vape Live Resin Terps 1000MG Hybrid Banana OG', 'Free Cannabis Co. Cannabis Vape Live Resin Terps 1000 MG Sativa Pineapple Express', 'Free Cannabis Co. Cannabis Vape Live Resin Terps 1000 MG Sativa Northern Dream']",[],,2022.10.21,Quickie Cannabis - Delivery
18,https://www.leafly.com/dispensary-info/quickie-cannabis-delivery/p/621436489/oishii-cannabis-infused-gummies-100mg-hybrid-sweet?variant=1460429932,Oishii Cannabis Infused Gummies 100MG Hybrid Sweet Peach,Edible,Edible,Oishii,"https://meadow-leafly.imgix.net/2022/8/a48e6973-9ba9-41a3-85d4-4b15af0bd2fc.jpeg?auto=format,compress&cs=csrgb&fit=max&h=640&w=640?auto=compress,format&w=450&dpr=2",each,$15.00,,,[],THC 100.0mg,CBD —,," BOGO 2 packs for $40!

Oishii Cannabis Infused Gummies 100MG Hybrid Sweet Peach

Sour Apple| Hybrid | 10mg THC per Gummy | 100mg Total | Oishii gummies are made with all-natural ingredients, coloring, and flavoring. Each gummy is infused with the highest quality cannabis oils to provide the most consistent, safe experience on the market.

*Second pack of same or lower price point.* ",,,"['Oishii Cannabis Infused Gummies 100MG  Hybrid Sour Apple', 'Oishii Cannabis Infused Gummies 100MG Sativa Sour Strawberry', 'Free Cannabis Co. Live Resin Badder 1000mg Indica Laughing Gas', 'Free Cannabis Co. Live Resin Badder 1000mg Sativa Blueberry Cookies', 'Free Cannabis Co. Cannabis Vape Live Resin Terps 1000MG Hybrid Banana OG', 'Free Cannabis Co. Cannabis Vape Live Resin Terps 1000 MG Sativa Pineapple Express', 'Free Cannabis Co. Cannabis Vape Live Resin Terps 1000 MG Sativa Northern Dream', 'Free Cannabis Co. Cannabis Vape Live Resin Terps 1000 MG Sativa Strawberry Cough']",[],,2022.10.21,Quickie Cannabis - Delivery
19,https://www.leafly.com/dispensary-info/quickie-cannabis-delivery/p/621436374/oishii-cannabis-infused-gummies-100mg--hybrid-sour?variant=1460429936,Oishii Cannabis Infused Gummies 100MG  Hybrid Sour Apple,Edible,Edible,Oishii,"https://meadow-leafly.imgix.net/2022/8/74de10cd-819c-43bf-a959-9c78ed96e259.jpeg?auto=format,compress&cs=csrgb&fit=max&h=640&w=640?auto=compress,format&w=450&dpr=2",each,$15.00,,,[],THC 100.0mg,CBD —,,"BOGO 2 packs for $40!

Oishii Cannabis Infused Gummies 100MG Hybrid Sour Apple

Sour Apple| Hybrid | 10mg THC per Gummy | 100mg Total | A cross between an original Sour Diesel clone and a Cinderella 99 male, Sour Apple is a hybrid strain originally bred by Top Shelf Seeds. Sour Apple is usually distinguishable by its pronounced aromatic fusion of caramelized apples and diesel fuel. 

*Second pack of same or lower price point.* ",,,"['Oishii Cannabis Infused Gummies 100MG Hybrid Sweet Peach', 'Oishii Cannabis Infused Gummies 100MG Sativa Sour Strawberry', 'Free Cannabis Co. Live Resin Badder 1000mg Indica Laughing Gas', 'Free Cannabis Co. Live Resin Badder 1000mg Sativa Blueberry Cookies', 'Free Cannabis Co. Cannabis Vape Live Resin Terps 1000MG Hybrid Banana OG', 'Free Cannabis Co. Cannabis Vape Live Resin Terps 1000 MG Sativa Pineapple Express', 'Free Cannabis Co. Cannabis Vape Live Resin Terps 1000 MG Sativa Northern Dream', 'Free Cannabis Co. Cannabis Vape Live Resin Terps 1000 MG Sativa Strawberry Cough']",[],,2022.10.21,Quickie Cannabis - Delivery
20,https://www.leafly.com/dispensary-info/quickie-cannabis-delivery/p/621436584/oishii-cannabis-infused-gummies-100mg-sativa-sour-?variant=1460429929,Oishii Cannabis Infused Gummies 100MG Sativa Sour Strawberry,Edible,Edible,Oishii,"https://meadow-leafly.imgix.net/2022/8/be381578-65b4-4be7-8bcc-c13bdb02e173.jpeg?auto=format,compress&cs=csrgb&fit=max&h=640&w=640?auto=compress,format&w=450&dpr=2",each,$15.00,,,[],THC 100.0mg,CBD —,," BOGO 2 packs for $40!

Oishii Cannabis Infused Gummies 100MG Sativa Sour Strawberry

Sour Strawberry| Sativa | 10mg THC per Gummy | 100mg Total | Oishii gummies are made with all-natural ingredients, coloring, and flavoring. Each gummy is infused with the highest quality cannabis oils to provide the most consistent, safe experience on the market. Their Sour Strawberry gummies are satisfyingly sweet and made with sativa terpenes, which induce a stimulating and uplifting state of mind. 

*Second pack of same or lower price point.* ",,,"['Oishii Cannabis Infused Gummies 100MG Hybrid Sweet Peach', 'Oishii Cannabis Infused Gummies 100MG  Hybrid Sour Apple', 'Free Cannabis Co. Live Resin Badder 1000mg Indica Laughing Gas', 'Free Cannabis Co. Live Resin Badder 1000mg Sativa Blueberry Cookies', 'Free Cannabis Co. Cannabis Vape Live Resin Terps 1000MG Hybrid Banana OG', 'Free Cannabis Co. Cannabis Vape Live Resin Terps 1000 MG Sativa Pineapple Express', 'Free Cannabis Co. Cannabis Vape Live Resin Terps 1000 MG Sativa Northern Dream', 'Free Cannabis Co. Cannabis Vape Live Resin Terps 1000 MG Sativa Strawberry Cough']",[],,2022.10.21,Quickie Cannabis - Delivery
21,https://www.leafly.com/dispensary-info/quickie-cannabis-delivery/p/621302178/free-cannabis-co-cannabis-vape-live-resin-terps-10?variant=1457880151,Free Cannabis Co. Cannabis Vape Live Resin Terps 1000MG Hybrid Banana OG,Cartridge,Cartridge,FREE Cannabis Co.,"https://meadow-leafly.imgix.net/2022/8/902aecef-cd40-4810-b3e6-cb0bfd2a3955.jpeg?auto=format,compress&cs=csrgb&fit=max&h=640&w=640?auto=compress,format&w=450&dpr=2",each,$39.00,,,[],THC 85.1%,CBD 2.0mg,Hybrid,"BOGO 2 Cartridges for $40!

Free Cannabis Co. Cannabis Vape Live Resin Terps 1000MG Hybrid Banana OG

Patients treating muscular pain, appetite loss, and insomnia may benefit from Banana OG.

*Second eighth of same or lower price point.* ",4.3,571.0,"['Free Cannabis Co. Cannabis Vape Live Resin Terps 1000 MG Sativa Pineapple Express', 'Free Cannabis Co. Cannabis Vape Live Resin Terps 1000 MG Sativa Northern Dream', 'Free Cannabis Co. Cannabis Vape Live Resin Terps 1000 MG Sativa Strawberry Cough', 'Free Cannabis Co. Cannabis Vape Live Resin Terps 1000 MG Sativa Jack Wreck', 'Free Cannabis Co. Cannabis Vape Live Resin Terps 1000 MG Indica Guava Mac', 'Free Cannabis Co. Cannabis Vape Live Resin Terps 1000 MG Indica Fruit Loops', 'Free Cannabis Co. Cannabis Vape Live Resin Terps 1000 MG Indica Blueberry', 'Free Cannabis Co. Cannabis Vape Live Resin Terps 1000MG Hybrid Garlic Oreoz']",[],,2022.10.21,Quickie Cannabis - Delivery
22,https://www.leafly.com/dispensary-info/quickie-cannabis-delivery/p/621302457/free-cannabis-co-cannabis-vape-live-resin-terps-10?variant=1457884093,Free Cannabis Co. Cannabis Vape Live Resin Terps 1000 MG Sativa Pineapple Express,Cartridge,Cartridge,FREE Cannabis Co.,"https://meadow-leafly.imgix.net/2022/8/3b71f638-08aa-4ce3-937d-466161a3fdb2.jpeg?auto=format,compress&cs=csrgb&fit=max&h=640&w=640?auto=compress,format&w=450&dpr=2",each,$39.00,,,[],THC 85.0%,CBD —,Hybrid,"BOGO 2 cartridges for $40!

This bright, sweet mango-pineapple melding of flavors will perk you right up. Steady energy, upbeat and focusing, this dynamic sativa high is ideal motivation for work and leisure projects or getting out for a hike or bike ride on a beautiful day.

 *Second cartridge of same or lower price point.* ",4.4,4104.0,"['Free Cannabis Co. Cannabis Vape Live Resin Terps 1000MG Hybrid Banana OG', 'Free Cannabis Co. Cannabis Vape Live Resin Terps 1000 MG Sativa Northern Dream', 'Free Cannabis Co. Cannabis Vape Live Resin Terps 1000 MG Sativa Strawberry Cough', 'Free Cannabis Co. Cannabis Vape Live Resin Terps 1000 MG Sativa Jack Wreck', 'Free Cannabis Co. Cannabis Vape Live Resin Terps 1000 MG Indica Guava Mac', 'Free Cannabis Co. Cannabis Vape Live Resin Terps 1000 MG Indica Fruit Loops', 'Free Cannabis Co. Cannabis Vape Live Resin Terps 1000 MG Indica Blueberry', 'Free Cannabis Co. Cannabis Vape Live Resin Terps 1000MG Hybrid Garlic Oreoz']",[],,2022.10.21,Quickie Cannabis - Delivery
23,https://www.leafly.com/dispensary-info/quickie-cannabis-delivery/p/621303006/free-cannabis-co-cannabis-vape-live-resin-terps-10?variant=1457884094,Free Cannabis Co. Cannabis Vape Live Resin Terps 1000 MG Sativa Northern Dream,Cartridge,Cartridge,FREE Cannabis Co.,"https://meadow-leafly.imgix.net/2022/8/7ae86b30-1ffb-4813-a32c-8a79a41b3031.jpeg?auto=format,compress&cs=csrgb&fit=max&h=640&w=640?auto=compress,format&w=450&dpr=2",each,$39.00,,,[],THC 85.1%,CBD 2.0mg,Indica,"Free Cannabis Co. Cannabis Vape Live Resin Terps 1000 MG Sativa Northern Dream, Cartridge - THC 85.1%, CBD 2mg",4.4,3468.0,"['Free Cannabis Co. Cannabis Vape Live Resin Terps 1000MG Hybrid Banana OG', 'Free Cannabis Co. Cannabis Vape Live Resin Terps 1000 MG Sativa Pineapple Express', 'Free Cannabis Co. Cannabis Vape Live Resin Terps 1000 MG Sativa Strawberry Cough', 'Free Cannabis Co. Cannabis Vape Live Resin Terps 1000 MG Sativa Jack Wreck', 'Free Cannabis Co. Cannabis Vape Live Resin Terps 1000 MG Indica Guava Mac', 'Free Cannabis Co. Cannabis Vape Live Resin Terps 1000 MG Indica Fruit Loops', 'Free Cannabis Co. Cannabis Vape Live Resin Terps 1000 MG Indica White Widow', 'Free Cannabis Co. Cannabis Vape Live Resin Terps 1000 MG Indica Blueberry']",[],,2022.10.21,Quickie Cannabis - Delivery
24,https://www.leafly.com/dispensary-info/quickie-cannabis-delivery/p/621302415/free-cannabis-co-cannabis-vape-live-resin-terps-10?variant=1457884097,Free Cannabis Co. Cannabis Vape Live Resin Terps 1000 MG Sativa Strawberry Cough,Cartridge,Cartridge,FREE Cannabis Co.,"https://meadow-leafly.imgix.net/2022/8/20935c6c-e009-4e7e-852f-64ec38b70fef.jpeg?auto=format,compress&cs=csrgb&fit=max&h=640&w=640?auto=compress,format&w=450&dpr=2",each,$39.00,,,[],THC 85.0%,CBD 2.0mg,Sativa,"BOGO 2 cartridges for $40!

Free Cannabis Co. Cannabis Vape Live Resin Terps 1000 MG Sativa Strawberry Cough

This bright, sweet mango-pineapple melding of flavors will perk you right up. Steady energy, upbeat and focusing, this dynamic sativa high is ideal motivation for workand leisure projects or getting out for a hike or bike ride on a beautiful day.

*Second cartridge of same or lower price point.* ",4.3,2709.0,"['Free Cannabis Co. Cannabis Vape Live Resin Terps 1000MG Hybrid Banana OG', 'Free Cannabis Co. Cannabis Vape Live Resin Terps 1000 MG Sativa Pineapple Express', 'Free Cannabis Co. Cannabis Vape Live Resin Terps 1000 MG Sativa Northern Dream', 'Free Cannabis Co. Cannabis Vape Live Resin Terps 1000 MG Sativa Jack Wreck', 'Free Cannabis Co. Cannabis Vape Live Resin Terps 1000 MG Indica Guava Mac', 'Free Cannabis Co. Cannabis Vape Live Resin Terps 1000 MG Indica Fruit Loops', 'Free Cannabis Co. Cannabis Vape Live Resin Terps 1000 MG Indica Blueberry', 'Free Cannabis Co. Cannabis Vape Live Resin Terps 1000MG Hybrid Garlic Oreoz']",[],"Known for its sweet smell of fresh strawberries and an expanding sensation that can make even the most seasoned consumer cough, Strawberry Cough is a potent sativa marijuana strain with mysterious genetic origins. However, Strawberry Cough is thought to be a cross of Haze and Strawberry Fields. The skunky, berry flavors will capture your senses while the cerebral, uplifting effects provide an aura of euphoria that is sure to leave a smile on your face. Strawberry Cough is a great solution in times of elevated stress. ",2022.10.21,Quickie Cannabis - Delivery
25,https://www.leafly.com/dispensary-info/quickie-cannabis-delivery/p/621322603/free-cannabis-co-cannabis-vape-live-resin-terps-10?variant=1457884098,Free Cannabis Co. Cannabis Vape Live Resin Terps 1000 MG Sativa Jack Wreck,Cartridge,Cartridge,FREE Cannabis Co.,"https://meadow-leafly.imgix.net/2022/8/99085eed-f78e-47d1-bdb8-ec5cc2e8c111.jpeg?auto=format,compress&cs=csrgb&fit=max&h=640&w=640?auto=compress,format&w=450&dpr=2",each,$39.00,,,[],THC 85.1%,CBD 2.0mg,Sativa,"BOGO 2 cartridges for $40!

Free Cannabis Co. Cannabis Vape Live Resin Terps 1000 MG Sativa Jack Wreck

Jack Wreck is a potent sativa strain that combines two timeless classics, Jack Herer and Trainwreck.  Those needing high THC levels can trust Jack Wreck for potent daytime enjoyment.

*Second cartridge of same or lower price point.* 
",4.4,34.0,"['Free Cannabis Co. Cannabis Vape Live Resin Terps 1000MG Hybrid Banana OG', 'Free Cannabis Co. Cannabis Vape Live Resin Terps 1000 MG Sativa Pineapple Express', 'Free Cannabis Co. Cannabis Vape Live Resin Terps 1000 MG Sativa Northern Dream', 'Free Cannabis Co. Cannabis Vape Live Resin Terps 1000 MG Sativa Strawberry Cough', 'Free Cannabis Co. Cannabis Vape Live Resin Terps 1000 MG Indica Guava Mac', 'Free Cannabis Co. Cannabis Vape Live Resin Terps 1000 MG Indica Fruit Loops', 'Free Cannabis Co. Cannabis Vape Live Resin Terps 1000 MG Indica Blueberry', 'Free Cannabis Co. Cannabis Vape Live Resin Terps 1000MG Hybrid Garlic Oreoz']",[],,2022.10.21,Quickie Cannabis - Delivery
26,https://www.leafly.com/dispensary-info/quickie-cannabis-delivery/p/621302190/free-cannabis-co-cannabis-vape-live-resin-terps-10?variant=1457884099,Free Cannabis Co. Cannabis Vape Live Resin Terps 1000 MG Indica Guava Mac,Cartridge,Cartridge,FREE Cannabis Co.,"https://meadow-leafly.imgix.net/2022/8/de3108d1-1e9d-4b09-a9d7-47475fac0563.jpeg?auto=format,compress&cs=csrgb&fit=max&h=640&w=640?auto=compress,format&w=450&dpr=2",each,$39.00,,,[],THC 85.1%,CBD 2.0mg,Sativa,"BOGO 2 cartridges for $40!

Free Cannabis Co. Cannabis Vape Live Resin Terps 1000 MG Indica Guava Mac

*Second cartridges of same or lower price point.* ",4.4,54.0,"['Free Cannabis Co. Cannabis Vape Live Resin Terps 1000MG Hybrid Banana OG', 'Free Cannabis Co. Cannabis Vape Live Resin Terps 1000 MG Sativa Pineapple Express', 'Free Cannabis Co. Cannabis Vape Live Resin Terps 1000 MG Sativa Northern Dream', 'Free Cannabis Co. Cannabis Vape Live Resin Terps 1000 MG Sativa Strawberry Cough', 'Free Cannabis Co. Cannabis Vape Live Resin Terps 1000 MG Sativa Jack Wreck', 'Free Cannabis Co. Cannabis Vape Live Resin Terps 1000 MG Indica Fruit Loops', 'Free Cannabis Co. Cannabis Vape Live Resin Terps 1000 MG Indica Blueberry', 'Free Cannabis Co. Cannabis Vape Live Resin Terps 1000MG Hybrid Garlic Oreoz']",[],,2022.10.21,Quickie Cannabis - Delivery
27,https://www.leafly.com/dispensary-info/quickie-cannabis-delivery/p/621430453/free-cannabis-co-cannabis-vape-live-resin-terps-10?variant=1457884100,Free Cannabis Co. Cannabis Vape Live Resin Terps 1000 MG Indica Fruit Loops,Cartridge,Cartridge,FREE Cannabis Co.,"https://meadow-leafly.imgix.net/2022/8/89fab217-a824-4473-8529-3817d6ec21ec.jpeg?auto=format,compress&cs=csrgb&fit=max&h=640&w=640?auto=compress,format&w=450&dpr=2",each,$39.00,,,[],THC 85.0%,CBD 2.0mg,Hybrid,"BOGO 2 Cartridges for $40 !!


Free Cannabis Co. Indica Live Resin Terps 1000mg Fruit Loops

Fruit Loops, also known as ""Fruit Loop Haze,"" is an indica-dominant hybrid marijuana strain that smells as good as it sounds, takes White Widow’s moderate body effects. This high potency hybrid lingers and is slightly stimulating, but overall, mellow. Fruit Loops is a must-have for those seeking heady conversations and shrugging off daily stressors.

*Second cartride of same or lower price point.* ",4.4,109.0,"['Free Cannabis Co. Cannabis Vape Live Resin Terps 1000MG Hybrid Banana OG', 'Free Cannabis Co. Cannabis Vape Live Resin Terps 1000 MG Sativa Pineapple Express', 'Free Cannabis Co. Cannabis Vape Live Resin Terps 1000 MG Sativa Northern Dream', 'Free Cannabis Co. Cannabis Vape Live Resin Terps 1000 MG Sativa Strawberry Cough', 'Free Cannabis Co. Cannabis Vape Live Resin Terps 1000 MG Sativa Jack Wreck', 'Free Cannabis Co. Cannabis Vape Live Resin Terps 1000 MG Indica Guava Mac', 'Free Cannabis Co. Cannabis Vape Live Resin Terps 1000 MG Indica Blueberry', 'Free Cannabis Co. Cannabis Vape Live Resin Terps 1000MG Hybrid Garlic Oreoz']",[],,2022.10.21,Quickie Cannabis - Delivery
28,https://www.leafly.com/dispensary-info/quickie-cannabis-delivery/p/621430457/free-cannabis-co-cannabis-vape-live-resin-terps-10?variant=1457884095,Free Cannabis Co. Cannabis Vape Live Resin Terps 1000 MG Indica Blueberry,Cartridge,Cartridge,FREE Cannabis Co.,"https://meadow-leafly.imgix.net/2022/8/b7121b1f-5ad7-4fca-a3df-7a5540fbc1ae.jpeg?auto=format,compress&cs=csrgb&fit=max&h=640&w=640?auto=compress,format&w=450&dpr=2",each,$39.00,,,[],THC 85.1%,CBD 2.0mg,Indica,"BOGO 2 cartridges for $40!

Free Cannabis Co. Cannabis Vape Live Resin Terps 1000 MG Indica Blueberry 

Blueberry, also known as ""Berry Blue,"" is an indica marijuana strain made by crossing Purple Thai with Thai.The sweet flavors of fresh blueberries combine with relaxing effects to produce a long-lasting sense of euphoria. Many consumers utilize the effects of Blueberry to help contend with pain and stress, while connoisseurs and growers admire the strain for its colorful hues and high THC content.

*Second cartridge of same or lower price point.* ",4.3,2357.0,"['Free Cannabis Co. Cannabis Vape Live Resin Terps 1000MG Hybrid Banana OG', 'Free Cannabis Co. Cannabis Vape Live Resin Terps 1000 MG Sativa Pineapple Express', 'Free Cannabis Co. Cannabis Vape Live Resin Terps 1000 MG Sativa Northern Dream', 'Free Cannabis Co. Cannabis Vape Live Resin Terps 1000 MG Sativa Strawberry Cough', 'Free Cannabis Co. Cannabis Vape Live Resin Terps 1000 MG Sativa Jack Wreck', 'Free Cannabis Co. Cannabis Vape Live Resin Terps 1000 MG Indica Guava Mac', 'Free Cannabis Co. Cannabis Vape Live Resin Terps 1000 MG Indica Fruit Loops', 'Free Cannabis Co. Cannabis Vape Live Resin Terps 1000MG Hybrid Garlic Oreoz']",[],,2022.10.21,Quickie Cannabis - Delivery
29,https://www.leafly.com/dispensary-info/quickie-cannabis-delivery/p/621430446/free-cannabis-co-cannabis-vape-live-resin-terps-10?variant=1457884096,Free Cannabis Co. Cannabis Vape Live Resin Terps 1000MG Hybrid Garlic Oreoz,Cartridge,Cartridge,FREE Cannabis Co.,"https://meadow-leafly.imgix.net/2022/8/32072ef7-9c63-4ee5-a9da-cfc9383d5e1a.jpeg?auto=format,compress&cs=csrgb&fit=max&h=640&w=640?auto=compress,format&w=450&dpr=2",each,$39.00,,,[],THC 85.0%,CBD 2.0mg,Hybrid,"BOGO 2 cartridges for $40!

Free Cannabis Co. Cannabis Vape Live Resin Terps 1000MG Hybrid Garlic Oreoz

*Second cartridge of same or lower price point.* ",4.6,135.0,"['Free Cannabis Co. Cannabis Vape Live Resin Terps 1000MG Hybrid Banana OG', 'Free Cannabis Co. Cannabis Vape Live Resin Terps 1000 MG Sativa Pineapple Express', 'Free Cannabis Co. Cannabis Vape Live Resin Terps 1000 MG Sativa Northern Dream', 'Free Cannabis Co. Cannabis Vape Live Resin Terps 1000 MG Sativa Strawberry Cough', 'Free Cannabis Co. Cannabis Vape Live Resin Terps 1000 MG Sativa Jack Wreck', 'Free Cannabis Co. Cannabis Vape Live Resin Terps 1000 MG Indica Guava Mac', 'Free Cannabis Co. Cannabis Vape Live Resin Terps 1000 MG Indica Fruit Loops', 'Free Cannabis Co. Cannabis Vape Live Resin Terps 1000 MG Indica White Widow']",[],,2022.10.21,Quickie Cannabis - Delivery
30,https://www.leafly.com/dispensary-info/quickie-cannabis-delivery/p/621430461/free-cannabis-co-cannabis-vape-live-resin-terps-10?variant=1457884101,Free Cannabis Co. Cannabis Vape Live Resin Terps 1000 MG Indica White Widow,Cartridge,Cartridge,FREE Cannabis Co.,"https://meadow-leafly.imgix.net/2022/8/e4d67b82-71e1-424d-ac94-ab01de57d2fd.jpeg?auto=format,compress&cs=csrgb&fit=max&h=640&w=640?auto=compress,format&w=450&dpr=2",each,$39.00,,,[],THC 85.1%,CBD 2.0mg,Hybrid,"BOGO 2 cartridges for $40!

Free Cannabis Co. Indica Live Resin Terps 1000MG White Widow 

 A powerful burst of euphoria and energy breaks through immediately, stimulating both conversation and creativity.

*Second cartridge of same or lower price point.* ",4.3,4387.0,"['Free Cannabis Co. Cannabis Vape Live Resin Terps 1000MG Hybrid Banana OG', 'Free Cannabis Co. Cannabis Vape Live Resin Terps 1000 MG Sativa Pineapple Express', 'Free Cannabis Co. Cannabis Vape Live Resin Terps 1000 MG Sativa Northern Dream', 'Free Cannabis Co. Cannabis Vape Live Resin Terps 1000 MG Sativa Strawberry Cough', 'Free Cannabis Co. Cannabis Vape Live Resin Terps 1000 MG Sativa Jack Wreck', 'Free Cannabis Co. Cannabis Vape Live Resin Terps 1000 MG Indica Guava Mac', 'Free Cannabis Co. Cannabis Vape Live Resin Terps 1000 MG Indica Fruit Loops', 'Free Cannabis Co. Cannabis Vape Live Resin Terps 1000 MG Indica Blueberry']",[],,2022.10.21,Quickie Cannabis - Delivery
31,https://www.leafly.com/dispensary-info/quickie-cannabis-delivery/p/621301788/818-brands-california-exotics-premium-indoor-exoti?variant=1460414062,818 Brands California Exotics Premium Indoor Exotic Prerolls 4G LPC x Runtz,Preroll,PreRoll,818 Brands,"https://meadow-leafly.imgix.net/2022/8/16fd534e-1090-4f81-bc66-04b9e529a930.jpeg?auto=format,compress&cs=csrgb&fit=max&h=640&w=640?auto=compress,format&w=450&dpr=2",each,$25.00,,,[],THC 29.1%,CBD —,,"At 818 Brands, we pride ourselves on our proprietary cultivation processes and strive to deliver only the best. We believe that what you put in matters — so you’ll never find pesticides in our flower. Growing indoors allows us to know precisely what goes into creating each of our different strains.",,,"['Simply Lyfted Reserve Preroll Indica 1G Superman OG', '818 Brands Premium Indoor Exotic Flower 3.5G LPC x Jealousy', '818 Brands Premium Indoor Exotic Flower 4G 818 Garlicane', '818 Brands Premium Indoor Exotic Smalls 4G LPC X Jealousy Smalls', '818 Brands Premium Indoor Exotic Smalls 4G Jealousy Smalls', '818 Brands Premium Indoor Exotic Flower 3.5G Gas Face OG', 'Free Cannabis Co. Live Resin Badder 1000mg Indica Laughing Gas', 'Free Cannabis Co. Live Resin Badder 1000mg Sativa Blueberry Cookies']",[],,2022.10.21,Quickie Cannabis - Delivery
32,https://www.leafly.com/dispensary-info/quickie-cannabis-delivery/p/621441374/simply-lyfted-reserve-preroll-indica-1g-superman-o?variant=1460429927,Simply Lyfted Reserve Preroll Indica 1G Superman OG,Preroll,PreRoll,Simply Lyfted,"https://meadow-leafly.imgix.net/2022/8/4ce9d6c4-7b05-4ed4-940b-adb7b5fdc43e.jpeg?auto=format,compress&cs=csrgb&fit=max&h=640&w=640?auto=compress,format&w=450&dpr=2",each,$10.00,,,[],THC 22.0%,CBD —,Indica,Simply Lyfted Reserve Preroll 1G Superman OG,4.3,222.0,"['Simply Lyfted Indica Cannabis Flower 3.5G Skywalker', 'Simply Lyfted Reserve Hybrid Cannabis Flower 3.5G Soap', '818 Brands California Exotics Premium Indoor Exotic Prerolls 4G LPC x Runtz', 'Free Cannabis Co. Cannabis Vape Live Resin Terps 1000MG Hybrid Banana OG', 'Free Cannabis Co. Cannabis Vape Live Resin Terps 1000 MG Sativa Pineapple Express', 'Free Cannabis Co. Cannabis Vape Live Resin Terps 1000 MG Sativa Northern Dream', 'Free Cannabis Co. Cannabis Vape Live Resin Terps 1000 MG Sativa Strawberry Cough', 'Free Cannabis Co. Cannabis Vape Live Resin Terps 1000 MG Sativa Jack Wreck']",[],,2022.10.21,Quickie Cannabis - Delivery
