﻿Index,Link,Name,Label,Category,Brand,Image,Unit,Price,OrginalPrice,Discount,OtherAmount,THC,CBD,Lineage,Description,Rating,Reviewnum,Alsolike,Similar,Strain,ScrapeTime,Store name
0,https://www.leafly.com/dispensary-info/san-diego-recreational-cannabis/p/157544573/canndescent-1g?variant=9699765,Canndescent 1g,Flower,Flower,,"https://leafly-public.imgix.net/shared-web-images/product-type-icons/menu_flower_2.png?auto=compress,format&w=450&dpr=2",each,$11.00,,,[],THC 0.0%,CBD 0.0%,,"Canndescent 1g, Flower ",,,"[""Henry's Originals | Candy Jack"", 'Caliva 8', 'High Grade / Flawless Farms 8', 'VIOLA | King Louis OG', ""Henry's Original | Mendocino Nights"", 'Loyal Flower Co. | Do-Si-Dos', 'THC Design | Purple Punch', 'THC Design | Gelato']",[],,2022.10.23,San Diego Recreational Cannabis - Camino Del Rio
1,https://www.leafly.com/dispensary-info/san-diego-recreational-cannabis/p/157544565/caliva--gram?variant=9699755,Caliva  Gram,Flower,Flower,Caliva,"https://cloud.proteuserp.com/pictures/sites/SDRecCannabis2/products/LGcaliva%2Epng?auto=compress,format&w=450&dpr=2",each,$12.00,,,[],THC 0.0%,CBD 0.0%,,"Caliva  Gram, Flower ",,,"['Caliva-Deli Flower 7g', 'Caliva 8', ""Henry's Originals | Candy Jack"", ""Henry's Original | Fire Haze"", 'CHEM 91', 'Craft Small Batch 8', 'Emerald  Farms  8', 'High Garden 8']",[],,2022.10.23,San Diego Recreational Cannabis - Camino Del Rio
2,https://www.leafly.com/dispensary-info/san-diego-recreational-cannabis/p/157544733/thc-design-grams?variant=9699963,THC Design Grams,Flower,Flower,THC Design,"https://leafly-public.imgix.net/shared-web-images/product-type-icons/menu_flower_2.png?auto=compress,format&w=450&dpr=2",each,$13.00,,,[],THC 0.0%,CBD 0.0%,,"THC Design Grams, Flower ",,,"['THC Design | Gelato', 'THC Design | Purple Punch', 'THC Design 1/8th', 'THC Design | Dosidos', 'THC Design | XJ-13', 'VIOLA | King Louis OG', ""Henry's Original | Fire Haze"", 'Outco | Tangimal']",[],,2022.10.23,San Diego Recreational Cannabis - Camino Del Rio
3,https://www.leafly.com/dispensary-info/san-diego-recreational-cannabis/p/157544647/kings-garden-1-gram-flower?variant=9699854,Kings Garden 1 Gram/ Flower,Flower,Flower,,"https://leafly-public.imgix.net/shared-web-images/product-type-icons/menu_flower_2.png?auto=compress,format&w=450&dpr=2",each,$14.00,,,[],THC 0.0%,CBD 0.0%,,"Kings Garden 1 Gram/ Flower, Flower ",,,"[""Henry's Originals | Candy Jack"", ""Henry's Original | Fire Haze"", 'CHEM 91', 'Caliva-Deli Flower 7g', 'Craft Small Batch 8', 'Emerald  Farms  8', 'High Garden 8', 'Kings Garden 8']",[],,2022.10.23,San Diego Recreational Cannabis - Camino Del Rio
4,https://www.leafly.com/dispensary-info/san-diego-recreational-cannabis/p/169845290/loyal-flower-co--do-si-dos?variant=10053667,Loyal Flower Co. | Do-Si-Dos,Flower,Flower,Emerald Family Farms,"https://leafly-public.imgix.net/shared-web-images/product-type-icons/menu_flower_1.png?auto=compress,format&w=450&dpr=2",⅛ ounce,$25.00,,,[],THC 0.0%,CBD 0.0%,,"Loyal Flower Co. | Do-Si-Dos, Flower ",,,"['Emerald  Farms  8', 'Loyal Flower Co | Key Lime Pie', 'Loyal Flower Co. | Blueberry Cookies', 'Emerald Family Farms | Orange Zkittles', ""Henry's Originals | Candy Jack"", ""Henry's Original | Fire Haze"", 'CHEM 91', 'Caliva-Deli Flower 7g']",[],,2022.10.23,San Diego Recreational Cannabis - Camino Del Rio
5,https://www.leafly.com/dispensary-info/san-diego-recreational-cannabis/p/169845291/loyal-flower-co--key-lime-pie?variant=10053671,Loyal Flower Co | Key Lime Pie,Hybrid flower,Flower,Emerald Family Farms,"https://leafly-public.imgix.net/shared-web-images/product-type-icons/menu_flower_2.png?auto=compress,format&w=450&dpr=2",⅛ ounce,$25.00,,,[],THC 0.0%,CBD 0.0%,Hybrid,"Loyal Flower Co | Key Lime Pie, Flower ",4.5,377,"[""Henry's Originals | Candy Jack"", 'VIOLA | King Louis OG', ""Henry's Original | Mendocino Nights"", 'Loyal Flower Co. | Do-Si-Dos', 'THC Design | Purple Punch', 'THC Design | Gelato', 'Emerald Family Farms | Orange Zkittles', 'Henry’s Original | Mango']",['VIOLA | White Tahoe Cookies'],,2022.10.23,San Diego Recreational Cannabis - Camino Del Rio
6,https://www.leafly.com/dispensary-info/san-diego-recreational-cannabis/p/157544662/loyal-flower-8?variant=9699881,Loyal Flower 8,Flower,Flower,,"https://leafly-public.imgix.net/shared-web-images/product-type-icons/menu_flower_1.png?auto=compress,format&w=450&dpr=2",⅛ ounce,$25.00,,,[],THC 0.0%,CBD 0.0%,,"Loyal Flower 8, Flower ",,,"[""Henry's Originals | Candy Jack"", 'Caliva 8', 'High Grade / Flawless Farms 8', 'VIOLA | King Louis OG', ""Henry's Original | Mendocino Nights"", 'Loyal Flower Co. | Do-Si-Dos', 'THC Design | Purple Punch', 'THC Design | Gelato']",[],,2022.10.23,San Diego Recreational Cannabis - Camino Del Rio
7,https://www.leafly.com/dispensary-info/san-diego-recreational-cannabis/p/169845292/loyal-flower-co--blueberry-cookies?variant=10053675,Loyal Flower Co. | Blueberry Cookies,Hybrid flower,Flower,Emerald Family Farms,"https://images.leafly.com/flower-images/S1XM8RVTS1Ghpaeqc3jf_BLUEBERRY%20COOKIES-270-edited.jpg?auto=compress,format&w=450&dpr=2",⅛ ounce,$25.00,,,[],THC 0.0%,CBD 0.0%,Hybrid,"Loyal Flower Co. | Blueberry Cookies, Flower ",4.6,152,"['Loyal Flower Co. | Do-Si-Dos', 'Emerald Family Farms | Orange Zkittles', 'Emerald  Farms  8', 'Loyal Flower Co | Key Lime Pie', 'KNBIS Outdoor | Blueberry Cookies', ""Henry's Original | Blueberry Cookies"", 'VIOLA | King Louis OG', 'THC Design | Gelato']",[],,2022.10.23,San Diego Recreational Cannabis - Camino Del Rio
8,https://www.leafly.com/dispensary-info/san-diego-recreational-cannabis/p/169805708/henrys-original--mango?variant=10053424,Henry’s Original | Mango,Indica flower,Flower,Henry's Original,"https://leafly-public.imgix.net/shared-web-images/product-type-icons/menu_flower_1.png?auto=compress,format&w=450&dpr=2",⅛ ounce,$30.00,,,[],THC 0.0%,CBD 0.0%,Indica,"Henry’s Original | Mango, Flower ",4.1,531,"[""Henry's Original | Fire Haze"", ""Henry's Original | Blue Dream"", ""Henry's Original | Mendocino Nights"", ""Henry's Originals | Candy Jack"", 'Henry’s Original | Super Skunk', ""Henry's Original | Blueberry Cookies"", 'VIOLA | King Louis OG', 'THC Design | Gelato']",['Henry’s Original | Super Skunk'],,2022.10.23,San Diego Recreational Cannabis - Camino Del Rio
9,https://www.leafly.com/dispensary-info/san-diego-recreational-cannabis/p/169805267/henrys-original--mendocino-nights?variant=10053391,Henry's Original | Mendocino Nights,Flower,Flower,Henry's Original,"https://leafly-public.imgix.net/shared-web-images/product-type-icons/menu_flower_2.png?auto=compress,format&w=450&dpr=2",⅛ ounce,$30.00,,,[],THC 0.0%,CBD 0.0%,,"Henry's Original | Mendocino Nights, Flower ",,,"[""Henry's Originals | Candy Jack"", ""Henry's Original | Fire Haze"", 'Henry’s Original | Super Skunk', ""Henry's Original | Blue Dream"", 'Henry’s Original | Mango', ""Henry's Original | Blueberry Cookies"", 'CHEM 91', 'VIOLA | White Tahoe Cookies']",[],,2022.10.23,San Diego Recreational Cannabis - Camino Del Rio
10,https://www.leafly.com/dispensary-info/san-diego-recreational-cannabis/p/169845288/emerald-family-farms--orange-zkittles?variant=10053659,Emerald Family Farms | Orange Zkittles,Flower,Flower,Emerald Family Farms,"https://leafly-public.imgix.net/shared-web-images/product-type-icons/menu_flower_1.png?auto=compress,format&w=450&dpr=2",⅛ ounce,$30.00,,,[],THC 0.0%,CBD 0.0%,,"Emerald Family Farms | Orange Zkittles, Flower ",,,"['Loyal Flower Co. | Do-Si-Dos', 'Emerald  Farms  8', 'Loyal Flower Co | Key Lime Pie', 'Loyal Flower Co. | Blueberry Cookies', ""Henry's Originals | Candy Jack"", 'Caliva 8', 'High Grade / Flawless Farms 8', 'VIOLA | King Louis OG']",[],,2022.10.23,San Diego Recreational Cannabis - Camino Del Rio
11,https://www.leafly.com/dispensary-info/san-diego-recreational-cannabis/p/169805297/henrys-originals--candy-jack?variant=10053408,Henry's Originals | Candy Jack,Sativa flower,Flower,Henry's Original,"https://leafly-public.imgix.net/shared-web-images/product-type-icons/menu_flower_2.png?auto=compress,format&w=450&dpr=2",⅛ ounce,$30.00,,,[],THC 0.0%,CBD 0.0%,Sativa,"Henry's Originals | Candy Jack, Flower ",4.4,280,"[""Henry's Original | Mendocino Nights"", 'Henry’s Original | Mango', ""Henry's Original | Blueberry Cookies"", 'Henry’s Original | Super Skunk', ""Henry's Original | Blue Dream"", ""Henry's Original | Fire Haze"", 'VIOLA | King Louis OG', 'THC Design | Purple Punch']",['THC Design | XJ-13'],,2022.10.23,San Diego Recreational Cannabis - Camino Del Rio
12,https://www.leafly.com/dispensary-info/san-diego-recreational-cannabis/p/169805639/henrys-original--super-skunk?variant=10053414,Henry’s Original | Super Skunk,Indica flower,Flower,Henry's Original,"https://images.leafly.com/flower-images/brHMDx6QQiAUzWW1QMxC_SUPER%20SKUNK-011-edited.jpg?auto=compress,format&w=450&dpr=2",⅛ ounce,$30.00,,,[],THC 0.0%,CBD 0.0%,Indica,"Henry’s Original | Super Skunk, Flower ",4.2,600,"[""Henry's Original | Fire Haze"", 'Henry’s Original | Mango', ""Henry's Original | Blue Dream"", ""Henry's Original | Mendocino Nights"", ""Henry's Originals | Candy Jack"", ""Henry's Original | Blueberry Cookies"", 'VIOLA | King Louis OG', 'THC Design | Gelato']",[],,2022.10.23,San Diego Recreational Cannabis - Camino Del Rio
13,https://www.leafly.com/dispensary-info/san-diego-recreational-cannabis/p/169842547/knbis-outdoor--blueberry-cookies?variant=10053596,KNBIS Outdoor | Blueberry Cookies,Hybrid flower,Flower,,"https://images.leafly.com/flower-images/S1XM8RVTS1Ghpaeqc3jf_BLUEBERRY%20COOKIES-270-edited.jpg?auto=compress,format&w=450&dpr=2",⅛ ounce,$30.00,,,[],THC 0.0%,CBD 0.0%,Hybrid,"KNBIS Outdoor | Blueberry Cookies, Flower ",4.6,152,"['Loyal Flower Co. | Blueberry Cookies', ""Henry's Original | Blueberry Cookies"", 'VIOLA | King Louis OG', 'THC Design | Gelato', ""Henry's Original | Fire Haze"", 'Outco | Tangimal', 'VIOLA | Green Fire', 'Henry’s Original | Mango']",[],"Blueberry Cookies is an indica-dominant hybrid created by crossing Blueberry Tahoe and Thin Mint GSC (f.k.a. Girl Scout Cookies). This strain’s unique flavor is a mixture of roasted nuts, mint, and fresh blueberries, while the bouquet provides an earthier, berry-forward aroma. Blueberry Cookies tends to hit the consumer in the body with mid-level sedative effects that are relaxing without being cumbersome. The mental state is often heady and creative, offering a distraction from stress. Blueberry Cookies is often recommended for consumers contending with chronic pain, inflammation, and depression. ",2022.10.23,San Diego Recreational Cannabis - Camino Del Rio
14,https://www.leafly.com/dispensary-info/san-diego-recreational-cannabis/p/169842549/knbis-outdoor--xibalba?variant=10053604,KNBIS Outdoor | Xibalba,Flower,Flower,,"https://leafly-public.imgix.net/shared-web-images/product-type-icons/menu_flower_2.png?auto=compress,format&w=450&dpr=2",⅛ ounce,$30.00,,,[],THC 0.0%,CBD 0.0%,,"KNBIS Outdoor | Xibalba, Flower ",,,"['VIOLA | King Louis OG', 'THC Design | Gelato', ""Henry's Original | Fire Haze"", 'Outco | Tangimal', 'VIOLA | Green Fire', 'Henry’s Original | Mango', ""Henry's Original | Blue Dream"", 'Loyal Flower Co. | Do-Si-Dos']",[],,2022.10.23,San Diego Recreational Cannabis - Camino Del Rio
15,https://www.leafly.com/dispensary-info/san-diego-recreational-cannabis/p/169805262/henrys-original--blueberry-cookies?variant=10053386,Henry's Original | Blueberry Cookies,Hybrid flower,Flower,Henry's Original,"https://images.leafly.com/flower-images/S1XM8RVTS1Ghpaeqc3jf_BLUEBERRY%20COOKIES-270-edited.jpg?auto=compress,format&w=450&dpr=2",⅛ ounce,$30.00,,,[],THC 0.0%,CBD 0.0%,Hybrid,"Henry's Original | Blueberry Cookies, Flower ",4.6,152,"[""Henry's Originals | Candy Jack"", ""Henry's Original | Mendocino Nights"", 'Henry’s Original | Mango', 'Henry’s Original | Super Skunk', ""Henry's Original | Blue Dream"", ""Henry's Original | Fire Haze"", 'VIOLA | King Louis OG', 'THC Design | Purple Punch']",[],"Blueberry Cookies is an indica-dominant hybrid created by crossing Blueberry Tahoe and Thin Mint GSC (f.k.a. Girl Scout Cookies). This strain’s unique flavor is a mixture of roasted nuts, mint, and fresh blueberries, while the bouquet provides an earthier, berry-forward aroma. Blueberry Cookies tends to hit the consumer in the body with mid-level sedative effects that are relaxing without being cumbersome. The mental state is often heady and creative, offering a distraction from stress. Blueberry Cookies is often recommended for consumers contending with chronic pain, inflammation, and depression. ",2022.10.23,San Diego Recreational Cannabis - Camino Del Rio
16,https://www.leafly.com/dispensary-info/san-diego-recreational-cannabis/p/169805260/henrys-original--blue-dream?variant=10053382,Henry's Original | Blue Dream,Hybrid flower,Flower,Henry's Original,"https://images.leafly.com/flower-images/blue-dream.png?auto=compress,format&w=450&dpr=2",⅛ ounce,$30.00,,,[],THC 0.0%,CBD 0.0%,Hybrid,"Henry's Original | Blue Dream, Flower ",4.3,14.2k,"[""Henry's Original | Fire Haze"", 'Henry’s Original | Mango', ""Henry's Original | Mendocino Nights"", ""Henry's Originals | Candy Jack"", 'Henry’s Original | Super Skunk', ""Henry's Original | Blueberry Cookies"", 'VIOLA | King Louis OG', 'THC Design | Gelato']",[],"Updated February 2022  Blue Dream is a sativa-dominant hybrid marijuana strain made by crossing Blueberry with Haze. This strain produces a balanced high, along with effects such as cerebral stimulation and full-body relaxation. Blue dream is 18% THC but has a low CBD percentage, making this potent strain a fan favorite of both novice and veteran cannabis consumers. In terms of flavor, Blue Dream is reported to smell and taste like sweet berries. Medical marijuana patients often use Blue Dream to treat symptoms of depression, chronic pain, and nausea. According to home grow enthusiasts, this strain has an average flowering time of 67 days and is best suited to grow using the Sea of Green method. Blue Dream originated in California and has since achieved legendary status among West Coast strains and has quickly become one of the most-searched-for strains in the Leafly database. The average price per gram of Blue Dream is $20. Strains similar to Blue Dream include Blue Dream CBD, Double Dream, and Blue Magoo.",2022.10.23,San Diego Recreational Cannabis - Camino Del Rio
17,https://www.leafly.com/dispensary-info/san-diego-recreational-cannabis/p/157544598/emerald--farms--8?variant=9699794,Emerald  Farms  8,Flower,Flower,Emerald Family Farms,"https://leafly-public.imgix.net/shared-web-images/product-type-icons/menu_flower_1.png?auto=compress,format&w=450&dpr=2",⅛ ounce,$30.00,,,[],THC 0.0%,CBD 0.0%,,"Emerald  Farms  8, Flower ",,,"['Loyal Flower Co. | Do-Si-Dos', 'Emerald Family Farms | Orange Zkittles', 'Loyal Flower Co | Key Lime Pie', 'Loyal Flower Co. | Blueberry Cookies', ""Henry's Originals | Candy Jack"", 'Caliva 8', 'High Grade / Flawless Farms 8', 'VIOLA | King Louis OG']",[],,2022.10.23,San Diego Recreational Cannabis - Camino Del Rio
18,https://www.leafly.com/dispensary-info/san-diego-recreational-cannabis/p/157544626/henrys-original-8?variant=9699824,Henry's Original 8,Flower,Flower,,"https://leafly-public.imgix.net/shared-web-images/product-type-icons/menu_flower_1.png?auto=compress,format&w=450&dpr=2",⅛ ounce,$30.00,,,[],THC 0.0%,CBD 0.0%,,"Henry's Original 8, Flower ",,,"[""Henry's Originals | Candy Jack"", ""Henry's Original | Fire Haze"", 'CHEM 91', 'Caliva-Deli Flower 7g', 'Craft Small Batch 8', 'Emerald  Farms  8', 'High Garden 8', 'Kings Garden 8']",[],,2022.10.23,San Diego Recreational Cannabis - Camino Del Rio
19,https://www.leafly.com/dispensary-info/san-diego-recreational-cannabis/p/157544627/high-garden-8?variant=9699828,High Garden 8,Flower,Flower,,"https://leafly-public.imgix.net/shared-web-images/product-type-icons/menu_flower_2.png?auto=compress,format&w=450&dpr=2",⅛ ounce,$30.00,,,[],THC 0.0%,CBD 0.0%,,"High Garden 8, Flower ",,,"['VIOLA | King Louis OG', 'THC Design | Gelato', ""Henry's Original | Fire Haze"", 'Outco | Tangimal', 'VIOLA | Green Fire', 'Henry’s Original | Mango', ""Henry's Original | Blue Dream"", 'Loyal Flower Co. | Do-Si-Dos']",[],,2022.10.23,San Diego Recreational Cannabis - Camino Del Rio
20,https://www.leafly.com/dispensary-info/san-diego-recreational-cannabis/p/169842548/knbis-outdoor--venus-flytrap?variant=10053600,KNBIS Outdoor | Venus flytrap,Flower,Flower,,"https://leafly-public.imgix.net/shared-web-images/product-type-icons/menu_flower_1.png?auto=compress,format&w=450&dpr=2",⅛ ounce,$30.00,,,[],THC 0.0%,CBD 0.0%,,"KNBIS Outdoor | Venus flytrap, Flower ",,,"['VIOLA | King Louis OG', 'THC Design | Gelato', ""Henry's Original | Fire Haze"", 'Outco | Tangimal', 'VIOLA | Green Fire', 'Henry’s Original | Mango', ""Henry's Original | Blue Dream"", 'Loyal Flower Co. | Do-Si-Dos']",[],,2022.10.23,San Diego Recreational Cannabis - Camino Del Rio
21,https://www.leafly.com/dispensary-info/san-diego-recreational-cannabis/p/169805272/henrys-original--fire-haze?variant=10053403,Henry's Original | Fire Haze,Sativa flower,Flower,Henry's Original,"https://leafly-public.imgix.net/shared-web-images/product-type-icons/menu_flower_1.png?auto=compress,format&w=450&dpr=2",⅛ ounce,$30.00,,,[],THC 0.0%,CBD 0.0%,Sativa,"Henry's Original | Fire Haze, Flower ",4.1,46,"['Henry’s Original | Mango', ""Henry's Original | Blue Dream"", ""Henry's Original | Mendocino Nights"", ""Henry's Originals | Candy Jack"", 'Henry’s Original | Super Skunk', ""Henry's Original | Blueberry Cookies"", 'VIOLA | King Louis OG', 'THC Design | Gelato']",[],,2022.10.23,San Diego Recreational Cannabis - Camino Del Rio
22,https://www.leafly.com/dispensary-info/san-diego-recreational-cannabis/p/157544673/nug-8?variant=9699895,NUG 8,Flower,Flower,,"https://leafly-public.imgix.net/shared-web-images/product-type-icons/menu_flower_2.png?auto=compress,format&w=450&dpr=2",⅛ ounce,$33.00,,,[],THC 0.0%,CBD 0.0%,,"NUG 8, Flower ",,,"['VIOLA | King Louis OG', 'THC Design | Gelato', ""Henry's Original | Fire Haze"", 'Outco | Tangimal', 'VIOLA | Green Fire', 'Henry’s Original | Mango', ""Henry's Original | Blue Dream"", 'Loyal Flower Co. | Do-Si-Dos']",[],,2022.10.23,San Diego Recreational Cannabis - Camino Del Rio
23,https://www.leafly.com/dispensary-info/san-diego-recreational-cannabis/p/157544613/floracal-8?variant=9699811,Floracal 8,Flower,Flower,,"https://leafly-public.imgix.net/shared-web-images/product-type-icons/menu_flower_2.png?auto=compress,format&w=450&dpr=2",each,$35.00,,,[],THC 0.0%,CBD 0.0%,,"Floracal 8, Flower ",,,"['VIOLA | King Louis OG', 'THC Design | Gelato', ""Henry's Original | Fire Haze"", 'Outco | Tangimal', 'VIOLA | Green Fire', 'Henry’s Original | Mango', ""Henry's Original | Blue Dream"", 'Loyal Flower Co. | Do-Si-Dos']",[],,2022.10.23,San Diego Recreational Cannabis - Camino Del Rio
24,https://www.leafly.com/dispensary-info/san-diego-recreational-cannabis/p/157544566/caliva-8?variant=9699756,Caliva 8,Flower,Flower,Caliva,"https://cloud.proteuserp.com/pictures/sites/SDRecCannabis2/products/LGcaliva%2Epng?auto=compress,format&w=450&dpr=2",⅛ ounce,$40.00,,,[],THC 0.0%,CBD 0.0%,,"Caliva 8, Flower ",,,"['Caliva-Deli Flower 7g', 'Caliva  Gram', ""Henry's Originals | Candy Jack"", 'High Grade / Flawless Farms 8', 'VIOLA | King Louis OG', ""Henry's Original | Mendocino Nights"", 'Loyal Flower Co. | Do-Si-Dos', 'THC Design | Purple Punch']",[],,2022.10.23,San Diego Recreational Cannabis - Camino Del Rio
25,https://www.leafly.com/dispensary-info/san-diego-recreational-cannabis/p/157544589/cru-8?variant=9699785,CRU 8,Flower,Flower,,"https://cloud.proteuserp.com/pictures/sites/SDRecCannabis2/products/LGCRU%20%2011%2Epng?auto=compress,format&w=450&dpr=2",⅛ ounce,$45.00,,,[],THC 0.0%,CBD 0.0%,,"CRU 8, Flower ",,,"[""Henry's Originals | Candy Jack"", ""Henry's Original | Fire Haze"", 'CHEM 91', 'Caliva-Deli Flower 7g', 'Craft Small Batch 8', 'Emerald  Farms  8', 'High Garden 8', 'Kings Garden 8']",[],,2022.10.23,San Diego Recreational Cannabis - Camino Del Rio
26,https://www.leafly.com/dispensary-info/san-diego-recreational-cannabis/p/157544648/kings-garden-8?variant=9699855,Kings Garden 8,Flower,Flower,,"https://leafly-public.imgix.net/shared-web-images/product-type-icons/menu_flower_1.png?auto=compress,format&w=450&dpr=2",⅛ ounce,$45.00,,,[],THC 0.0%,CBD 0.0%,,"Kings Garden 8, Flower ",,,"[""Henry's Originals | Candy Jack"", ""Henry's Original | Fire Haze"", 'CHEM 91', 'Caliva-Deli Flower 7g', 'Craft Small Batch 8', 'Emerald  Farms  8', 'High Garden 8', 'Loyal Flower 8']",[],,2022.10.23,San Diego Recreational Cannabis - Camino Del Rio
27,https://www.leafly.com/dispensary-info/san-diego-recreational-cannabis/p/157544678/outco-8?variant=9699902,Outco 8,Flower,Flower,,"https://leafly-public.imgix.net/shared-web-images/product-type-icons/menu_flower_1.png?auto=compress,format&w=450&dpr=2",⅛ ounce,$50.00,,,[],THC 0.0%,CBD 0.0%,,"Outco 8, Flower ",,,"['VIOLA | King Louis OG', 'THC Design | Gelato', ""Henry's Original | Fire Haze"", 'Outco | Tangimal', 'VIOLA | Green Fire', 'Henry’s Original | Mango', ""Henry's Original | Blue Dream"", 'Loyal Flower Co. | Do-Si-Dos']",[],,2022.10.23,San Diego Recreational Cannabis - Camino Del Rio
28,https://www.leafly.com/dispensary-info/san-diego-recreational-cannabis/p/169842541/knbis--slurricane?variant=10053578,KNBIS | Slurricane,Indica flower,Flower,,"https://leafly-public.imgix.net/shared-web-images/product-type-icons/menu_flower_2.png?auto=compress,format&w=450&dpr=2",⅛ ounce,$50.00,,,[],THC 0.0%,CBD 0.0%,Indica,"KNBIS | Slurricane, Flower ",4.6,348,"['VIOLA | King Louis OG', 'THC Design | Gelato', ""Henry's Original | Fire Haze"", 'Outco | Tangimal', 'VIOLA | Green Fire', 'Henry’s Original | Mango', ""Henry's Original | Blue Dream"", 'Loyal Flower Co. | Do-Si-Dos']",['THC Design | Purple Punch'],"Slurricane is an indica marijuana strain made by crossing Do-Si-Dos with Purple Punch. Slurricane produces relaxing effects that come on slowly. This strain has a sweet flavor profile, with subtle grape and sugary berries. Slurricane is the ideal strain for relaxing after a long day and will likely leave you locked to your sofa. Medical marijuana patients choose this strain to help relieve symptoms associated with insomnia.",2022.10.23,San Diego Recreational Cannabis - Camino Del Rio
29,https://www.leafly.com/dispensary-info/san-diego-recreational-cannabis/p/157544698/platinum-flower-8?variant=9699924,Platinum Flower 8,Flower,Flower,Platinum Vape,"https://leafly-public.imgix.net/shared-web-images/product-type-icons/menu_flower_1.png?auto=compress,format&w=450&dpr=2",⅛ ounce,$50.00,,,[],THC 0.0%,CBD 0.0%,,"Platinum Flower 8, Flower ",,,"[""Henry's Originals | Candy Jack"", 'Caliva 8', 'High Grade / Flawless Farms 8', 'VIOLA | King Louis OG', ""Henry's Original | Mendocino Nights"", 'Loyal Flower Co. | Do-Si-Dos', 'THC Design | Purple Punch', 'THC Design | Gelato']",[],,2022.10.23,San Diego Recreational Cannabis - Camino Del Rio
30,https://www.leafly.com/dispensary-info/san-diego-recreational-cannabis/p/169842544/knbis--chocolate-hashberry?variant=10053586,KNBIS | Chocolate Hashberry,Hybrid flower,Flower,,"https://leafly-public.imgix.net/shared-web-images/product-type-icons/menu_flower_1.png?auto=compress,format&w=450&dpr=2",⅛ ounce,$50.00,,,[],THC 0.0%,CBD 0.0%,Hybrid,"KNBIS | Chocolate Hashberry, Flower ",4.5,128,"[""Henry's Originals | Candy Jack"", 'Caliva 8', 'High Grade / Flawless Farms 8', 'VIOLA | King Louis OG', ""Henry's Original | Mendocino Nights"", 'Loyal Flower Co. | Do-Si-Dos', 'THC Design | Purple Punch', 'THC Design | Gelato']",[],,2022.10.23,San Diego Recreational Cannabis - Camino Del Rio
31,https://www.leafly.com/dispensary-info/san-diego-recreational-cannabis/p/169795606/meat-breath?variant=10053255,Meat Breath,Indica flower,Flower,Viola,"https://leafly-public.imgix.net/shared-web-images/product-type-icons/menu_flower_1.png?auto=compress,format&w=450&dpr=2",⅛ ounce,$50.00,,,[],THC 0.0%,CBD 0.0%,Indica,"Meat Breath is an indica-dominant hybrid strain from parents Meatloaf and Mendo Breath. Meat Breath releases sweet, earthy flavors and similar aromas. This strain creates euphoric and relaxing effects that are perfect for evening time use. Consumers can expect stress and pain to slip away before they fall asleep, if consumed in large quantities.",4.6,966,"['VIOLA | King Louis OG', 'VIOLA | Green Fire', 'VIOLA | White Tahoe Cookies', 'CHEM 91', 'THC Design | Gelato', ""Henry's Original | Fire Haze"", 'Outco | Tangimal', 'Henry’s Original | Mango']",[],,2022.10.23,San Diego Recreational Cannabis - Camino Del Rio
32,https://www.leafly.com/dispensary-info/san-diego-recreational-cannabis/p/169795562/viola--green-fire?variant=10053251,VIOLA | Green Fire,Flower,Flower,Viola,"https://leafly-public.imgix.net/shared-web-images/product-type-icons/menu_flower_1.png?auto=compress,format&w=450&dpr=2",⅛ ounce,$50.00,,,[],THC 0.0%,CBD 0.0%,,"VIOLA | Green Fire, Flower ",,,"['CHEM 91', 'VIOLA | White Tahoe Cookies', 'VIOLA | King Louis OG', 'Meat Breath', ""Henry's Originals | Candy Jack"", ""Henry's Original | Fire Haze"", 'Henry’s Original | Super Skunk', 'Loyal Flower Co | Key Lime Pie']",[],,2022.10.23,San Diego Recreational Cannabis - Camino Del Rio
33,https://www.leafly.com/dispensary-info/san-diego-recreational-cannabis/p/169842552/thc-design--purple-punch?variant=10053613,THC Design | Purple Punch,Indica flower,Flower,THC Design,"https://ams.iqmetrix.net/images/2e6019da-7067-42d7-b89f-3deab85ec83b?auto=compress,format&w=450&dpr=2",⅛ ounce,$50.00,,,[],THC 0.0%,CBD 0.0%,Indica,"THC Design | Purple Punch, Flower ",4.6,1491,"['THC Design | Dosidos', 'THC Design | XJ-13', 'THC Design | Gelato', ""Henry's Originals | Candy Jack"", ""Henry's Original | Fire Haze"", 'CHEM 91', 'VIOLA | White Tahoe Cookies', 'Henry’s Original | Super Skunk']",['KNBIS | Slurricane'],,2022.10.23,San Diego Recreational Cannabis - Camino Del Rio
34,https://www.leafly.com/dispensary-info/san-diego-recreational-cannabis/p/169842554/thc-design--gelato?variant=10053617,THC Design | Gelato,Hybrid flower,Flower,THC Design,"https://images.leafly.com/flower-images/gelato.jpg?auto=compress,format&w=450&dpr=2",⅛ ounce,$50.00,,,[],THC 0.0%,CBD 0.0%,Hybrid,"THC Design | Gelato, Flower ",4.6,2202,"['THC Design | Dosidos', 'THC Design | XJ-13', 'THC Design | Purple Punch', ""Henry's Originals | Candy Jack"", ""Henry's Original | Fire Haze"", 'CHEM 91', 'VIOLA | White Tahoe Cookies', 'Henry’s Original | Super Skunk']",['THC Design | Purple Punch'],"Gelato, also known as ""Larry Bird"" and ""Gelato #42"" is an evenly-balanced hybrid marijuana strain made from a crossing of Sunset Sherbet and Thin Mint Girl Scout Cookies. With its balance of indica &amp; sativa, this strain produces a euphoric high accompanied by strong feelings of relaxation. Consumers who have smoked Gelato say the effects of the strain come on quickly. You'll be left feeling numb to pain, relaxed, but mentally stimulated and productive. As far as potency goes, Gelato boasts a THC level of 17%, making it an ideal choice for medical marijuana patients seeking relief for pain, fatigue, and insomnia. Novice consumers may want to approach this THC powerhouse with caution, but those armed with a high THC tolerance will delight in the heavy-handed effects this strain offers. In terms of taste, Gelato is sweet and features fruity and creamy flavors and aromas. According to growers, this strain produces buds that bloom in dark purple hues and are illuminated by fiery orange hairs and a shiny white coating of crystal resin. The average price per gram of Gelato is $12. Because Gelato has reached a ledgandery status among cannabis connoisseurs, it comes as no surprise it's been used to make a variety of other high-quality Gelato strains, including Gelato #3, Gelato #33, Gelato #41, and Gelato #45.",2022.10.23,San Diego Recreational Cannabis - Camino Del Rio
35,https://www.leafly.com/dispensary-info/san-diego-recreational-cannabis/p/169842555/thc-design--xj-13?variant=10053621,THC Design | XJ-13,Hybrid flower,Flower,THC Design,"https://d2rwx7ju7o8v88.cloudfront.net/2020/2/c83c5ec3-2412-43b2-aaf6-5601d88ccdf6.jpeg?auto=compress,format&w=450&dpr=2",⅛ ounce,$50.00,,,[],THC 0.0%,CBD 0.0%,Hybrid,"THC Design | XJ-13, Flower ",4.3,966,"['THC Design | Dosidos', 'THC Design | Gelato', 'THC Design | Purple Punch', ""Henry's Originals | Candy Jack"", ""Henry's Original | Fire Haze"", 'CHEM 91', 'VIOLA | White Tahoe Cookies', 'Henry’s Original | Super Skunk']","[""Henry's Originals | Candy Jack""]",,2022.10.23,San Diego Recreational Cannabis - Camino Del Rio
36,https://www.leafly.com/dispensary-info/san-diego-recreational-cannabis/p/160666829/outco--tangimal?variant=9764237,Outco | Tangimal,Flower,Flower,OutCo,"https://leafly-public.imgix.net/menu-items/photos/JhxeBShuQrGMpRYQabl2_MrDy6E69SAWLh1qtIH6H.jpg?auto=compress,format&w=450&dpr=2",⅛ ounce,$50.00,,,[],THC 0.0%,CBD 0.0%,,"Outco | Tangimal, Flower ",,,"['VIOLA | King Louis OG', 'THC Design | Gelato', ""Henry's Original | Fire Haze"", 'VIOLA | Green Fire', 'Henry’s Original | Mango', ""Henry's Original | Blue Dream"", 'Meat Breath', ""Henry's Original | Mendocino Nights""]",[],,2022.10.23,San Diego Recreational Cannabis - Camino Del Rio
37,https://www.leafly.com/dispensary-info/san-diego-recreational-cannabis/p/157544587/craft-small-batch-8?variant=9699780,Craft Small Batch 8,Flower,Flower,,"https://leafly-public.imgix.net/shared-web-images/product-type-icons/menu_flower_2.png?auto=compress,format&w=450&dpr=2",⅛ ounce,$50.00,,,[],THC 0.0%,CBD 0.0%,,"Craft Small Batch 8, Flower ",,,"['VIOLA | King Louis OG', 'THC Design | Gelato', ""Henry's Original | Fire Haze"", 'Outco | Tangimal', 'VIOLA | Green Fire', 'Henry’s Original | Mango', ""Henry's Original | Blue Dream"", 'Loyal Flower Co. | Do-Si-Dos']",[],,2022.10.23,San Diego Recreational Cannabis - Camino Del Rio
38,https://www.leafly.com/dispensary-info/san-diego-recreational-cannabis/p/169795030/viola--white-tahoe-cookies?variant=10053245,VIOLA | White Tahoe Cookies,Indica flower,Flower,Viola,"https://images.leafly.com/flower-images/white-tahoe-cookies.jpg?auto=compress,format&w=450&dpr=2",⅛ ounce,$50.00,,,[],THC 0.0%,CBD 0.0%,Indica,"VIOLA | White Tahoe Cookies, Flower ",4.5,165,"['VIOLA | King Louis OG', 'VIOLA | Green Fire', 'Meat Breath', 'CHEM 91', 'THC Design | Gelato', ""Henry's Original | Fire Haze"", 'Outco | Tangimal', 'Henry’s Original | Mango']","['THC Design | Purple Punch', 'KNBIS | Slurricane']",,2022.10.23,San Diego Recreational Cannabis - Camino Del Rio
39,https://www.leafly.com/dispensary-info/san-diego-recreational-cannabis/p/157544732/thc-design-18th?variant=9699959,THC Design 1/8th,Flower,Flower,THC Design,"https://leafly-public.imgix.net/shared-web-images/product-type-icons/menu_flower_1.png?auto=compress,format&w=450&dpr=2",⅛ ounce,$50.00,,,[],THC 0.0%,CBD 0.0%,,"THC Design 1/8th, Flower ",,,"['THC Design | Dosidos', 'THC Design | XJ-13', 'THC Design | Gelato', 'THC Design | Purple Punch', 'THC Design Grams', ""Henry's Originals | Candy Jack"", ""Henry's Original | Fire Haze"", 'CHEM 91']",[],,2022.10.23,San Diego Recreational Cannabis - Camino Del Rio
40,https://www.leafly.com/dispensary-info/san-diego-recreational-cannabis/p/169842539/knbis--sour-diesel?variant=10053573,KNBIS | Sour Diesel,Sativa flower,Flower,,"https://leafly-public.imgix.net/strains/photos/5SPDG4T4TcSO8PgLgWHO_SourDiesel_AdobeStock_171888473.jpg?auto=compress,format&w=450&dpr=2",⅛ ounce,$50.00,,,[],THC 28.0%,CBD 0.0%,Sativa,"KNBIS | Sour Diesel, Flower - THC 28%, CBD 0%",4.3,8242,"['VIOLA | King Louis OG', 'THC Design | Gelato', ""Henry's Original | Fire Haze"", 'Outco | Tangimal', 'VIOLA | Green Fire', 'Henry’s Original | Mango', ""Henry's Original | Blue Dream"", 'Loyal Flower Co. | Do-Si-Dos']",['CHEM 91'],,2022.10.23,San Diego Recreational Cannabis - Camino Del Rio
41,https://www.leafly.com/dispensary-info/san-diego-recreational-cannabis/p/169842543/knbis--black-jack?variant=10053582,KNBIS | Black Jack,Hybrid flower,Flower,,"https://images.leafly.com/flower-images/black-jack.jpg?auto=compress,format&w=450&dpr=2",⅛ ounce,$50.00,,,[],THC 0.0%,CBD 0.0%,Hybrid,"KNBIS | Black Jack, Flower ",4.4,529,"[""Henry's Originals | Candy Jack"", ""Henry's Original | Fire Haze"", 'CHEM 91', 'Caliva-Deli Flower 7g', 'Craft Small Batch 8', 'Emerald  Farms  8', 'High Garden 8', 'Kings Garden 8']",[],,2022.10.23,San Diego Recreational Cannabis - Camino Del Rio
42,https://www.leafly.com/dispensary-info/san-diego-recreational-cannabis/p/169842545/knbis--chocolate-glue?variant=10053590,KNBIS | Chocolate Glue,Indica flower,Flower,,"https://leafly-public.imgix.net/shared-web-images/product-type-icons/menu_flower_2.png?auto=compress,format&w=450&dpr=2",⅛ ounce,$50.00,,,[],THC 0.0%,CBD 0.0%,Indica,"KNBIS | Chocolate Glue, Flower ",4.4,12,"[""Henry's Originals | Candy Jack"", 'Caliva 8', 'High Grade / Flawless Farms 8', 'VIOLA | King Louis OG', ""Henry's Original | Mendocino Nights"", 'Loyal Flower Co. | Do-Si-Dos', 'THC Design | Purple Punch', 'THC Design | Gelato']",[],,2022.10.23,San Diego Recreational Cannabis - Camino Del Rio
43,https://www.leafly.com/dispensary-info/san-diego-recreational-cannabis/p/160666845/outco--grape-pie?variant=9764246,Outco | Grape Pie,Hybrid flower,Flower,OutCo,"https://leafly-public.imgix.net/menu-items/photos/HuKpjYRXST7tNl4jorwy_fUSOOLAQHWEncleupsaA.jpg?auto=compress,format&w=450&dpr=2",⅛ ounce,$50.00,,,[],THC 0.0%,CBD 0.0%,Hybrid,"Outco | Grape Pie, Flower ",4.7,59,"[""Henry's Originals | Candy Jack"", ""Henry's Original | Fire Haze"", 'CHEM 91', 'VIOLA | White Tahoe Cookies', 'Henry’s Original | Super Skunk', 'Loyal Flower Co | Key Lime Pie', 'THC Design | Dosidos', 'VIOLA | King Louis OG']",[],,2022.10.23,San Diego Recreational Cannabis - Camino Del Rio
44,https://www.leafly.com/dispensary-info/san-diego-recreational-cannabis/p/169842551/thc-design--dosidos?variant=10053609,THC Design | Dosidos,Hybrid flower,Flower,THC Design,"https://images.leafly.com/products/photos/IaDuuC9dTzSHzq4HxZN3_THCD_WEB_Strains_Dosidos_Thumbnail.jpg?auto=compress,format&w=450&dpr=2",⅛ ounce,$50.00,,,[],THC 0.0%,CBD 0.0%,Hybrid,"THC Design | Dosidos, Flower ",4.7,1060,"['THC Design | Purple Punch', 'THC Design | Gelato', 'THC Design | XJ-13', ""Henry's Originals | Candy Jack"", 'VIOLA | King Louis OG', ""Henry's Original | Mendocino Nights"", 'Henry’s Original | Mango', ""Henry's Original | Blueberry Cookies""]","['THC Design | Purple Punch', 'KNBIS | Slurricane']",,2022.10.23,San Diego Recreational Cannabis - Camino Del Rio
45,https://www.leafly.com/dispensary-info/san-diego-recreational-cannabis/p/169795911/viola--king-louis-og?variant=10053275,VIOLA | King Louis OG,Indica flower,Flower,Viola,"https://leafly-public.imgix.net/shared-web-images/product-type-icons/menu_flower_2.png?auto=compress,format&w=450&dpr=2",⅛ ounce,$50.00,,,[],THC 0.0%,CBD 0.0%,Indica,"VIOLA | King Louis OG, Flower ",4.6,966,"['Meat Breath', 'VIOLA | White Tahoe Cookies', 'CHEM 91', 'VIOLA | Green Fire', ""Henry's Originals | Candy Jack"", ""Henry's Original | Mendocino Nights"", 'THC Design | Purple Punch', 'THC Design | Gelato']",[],"King Louis XIII, also known as ""King Louis,"" ""Louis XIII Kush"" is an indica marijuana strain made by crossing OG Kush with LA Confidential. It's namesake might be most famous for making wigs on men de rigeur for the French aristocracy, but in Southern California the name will bring to mind a popular indica-dominant strain. This strain announces itself as many people did in the 1600s: by its smell. The difference is this monarch’s odor is one that’s meant to be enjoyed; its dense nugs have an overwhelmingly piney smell with an earthy musk that will have you thinking of your last forest adventure. Because of its OG Kush, heritage Louis XIII has a very similar spicy kush aroma.  Questions about King Louis strain    Is King Louis an indica or sativa?   King Louis is an indica.   How does King Louis make you feel?   King Louis makes you feel relaxed, sleepy, and happy.   How does King Louis taste?   King Louis tastes earthy like pine and is pungent.   What terpenes are in King Louis?   King Louis features limonene as the dominant terpene.    What strains are similar to King Louis?   Strains similar to King Louis include Gummiez, Holy Grail Kush, Khalifa Kush, and Pineapple Preserves.",2022.10.23,San Diego Recreational Cannabis - Camino Del Rio
46,https://www.leafly.com/dispensary-info/san-diego-recreational-cannabis/p/169590531/chem-91?variant=10037906,CHEM 91,Hybrid flower,Flower,Viola,"https://images.leafly.com/menu/l9ccntiaRbmpyZHOTOSu_lemonjack.jpg?auto=compress,format&w=450&dpr=2",⅛ ounce,$55.00,,,[],THC 0.0%,CBD 0.0%,Hybrid,"CHEM 91, Flower ",4.5,195,"['VIOLA | White Tahoe Cookies', 'VIOLA | King Louis OG', 'Meat Breath', 'VIOLA | Green Fire', ""Henry's Originals | Candy Jack"", ""Henry's Original | Fire Haze"", 'Henry’s Original | Super Skunk', 'Loyal Flower Co | Key Lime Pie']",[],,2022.10.23,San Diego Recreational Cannabis - Camino Del Rio
47,https://www.leafly.com/dispensary-info/san-diego-recreational-cannabis/p/157544629/high-grade--flawless-farms-8?variant=9699833,High Grade / Flawless Farms 8,Flower,Flower,,"https://leafly-public.imgix.net/shared-web-images/product-type-icons/menu_flower_2.png?auto=compress,format&w=450&dpr=2",⅛ ounce,$55.00,,,[],THC 0.0%,CBD 0.0%,,"High Grade / Flawless Farms 8, Flower ",,,"[""Henry's Originals | Candy Jack"", 'Caliva 8', 'VIOLA | King Louis OG', ""Henry's Original | Mendocino Nights"", 'Loyal Flower Co. | Do-Si-Dos', 'THC Design | Purple Punch', 'THC Design | Gelato', 'Emerald Family Farms | Orange Zkittles']",[],,2022.10.23,San Diego Recreational Cannabis - Camino Del Rio
48,https://www.leafly.com/dispensary-info/san-diego-recreational-cannabis/p/157544570/caliva-deli-flower-7g?variant=9699762,Caliva-Deli Flower 7g,Flower,Flower,Caliva,"https://leafly-public.imgix.net/shared-web-images/product-type-icons/menu_flower_1.png?auto=compress,format&w=450&dpr=2",¼ ounce,$65.00,,,[],THC 0.0%,CBD 0.0%,,"Caliva-Deli Flower 7g, Flower ",,,"['Caliva 8', 'Caliva  Gram', ""Henry's Originals | Candy Jack"", 'High Grade / Flawless Farms 8', 'VIOLA | King Louis OG', ""Henry's Original | Mendocino Nights"", 'Loyal Flower Co. | Do-Si-Dos', 'THC Design | Purple Punch']",[],,2022.10.23,San Diego Recreational Cannabis - Camino Del Rio
49,https://www.leafly.com/dispensary-info/san-diego-recreational-cannabis/p/157544746/winberry-half-gram-cart?variant=9699979,Winberry-Half Gram Cart,Concentrate,Concentrate,Winberry Farms,"https://leafly-public.imgix.net/menu-items/photos/qCLr0arQOeoKZ1SWWSL2_ZCSAhxDATYuTi7eROqpu.jpg?auto=compress,format&w=450&dpr=2",½ gram,$25.00,,,[],THC 0.0%,CBD 0.0%,,"Winberry-Half Gram Cart, Concentrate ",,,"['Outco THC tincture', 'Outco | Pineapple Upside down Cake  | Cartridge', 'Apex Extracts | Sour Mints', 'VIOLA | Diamonds|  Glue', 'ABX Capsules 10mg 30 Caps', 'Apex Xtracts | Silver Pearl', 'Apex Extracts | White Fire', 'Apex Extracts | Vanilla Gorilla']",[],,2022.10.23,San Diego Recreational Cannabis - Camino Del Rio
50,https://www.leafly.com/dispensary-info/san-diego-recreational-cannabis/p/160666853/outco--sweet-annie---cartridge?variant=9764254,Outco | Sweet Annie  | Cartridge,Concentrate,Concentrate,,"https://leafly-public.imgix.net/menu-items/photos/xneY3m14RBexzi6TVhro_oWQzuw75TmyYbfC5LnuV.jpg?auto=compress,format&w=450&dpr=2",½ gram,$32.00,,,[],THC 0.0%,CBD 0.0%,,"Outco | Sweet Annie  | Cartridge, Concentrate ",,,"['Winberry-Half Gram Cart', 'Outco THC tincture', 'Outco | Pineapple Upside down Cake  | Cartridge', 'Apex Extracts | Sour Mints', 'VIOLA | Diamonds|  Glue', 'ABX Capsules 10mg 30 Caps', 'Apex Xtracts | Silver Pearl', 'Apex Extracts | White Fire']",[],,2022.10.23,San Diego Recreational Cannabis - Camino Del Rio
51,https://www.leafly.com/dispensary-info/san-diego-recreational-cannabis/p/160152128/apex-extracts--sour-mints?variant=9754418,Apex Extracts | Sour Mints,Concentrate,Concentrate,Apex Xtracts,"https://leafly-public.imgix.net/menu-items/photos/Md5TwDz7TAuUhYbIibVZ_zTLSW7lVSHeRUwnrrF28.jpg?auto=compress,format&w=450&dpr=2",1 gram,$35.00,,,[],THC 0.0%,CBD 0.0%,,"Apex Extracts | Sour Mints, Concentrate ",,,"['Apex Xtracts | Silver Pearl', 'Apex Extracts | White Fire', 'Apex Extracts | Vanilla Gorilla', 'Apex Extracts | THC Bomb', 'Live Resin | Starburst ', 'Apex Extracts | Mango Madness', 'Apex Extracts | Grape Bubba x Cookies n Cream', 'Outco THC tincture']",[],,2022.10.23,San Diego Recreational Cannabis - Camino Del Rio
52,https://www.leafly.com/dispensary-info/san-diego-recreational-cannabis/p/157544521/abx-capsules-10mg-30-caps?variant=9699714,ABX Capsules 10mg 30 Caps,Concentrate,Concentrate,Kindhouse Distribution - Care By Design,"https://cdn.filestackcontent.com/6kDEq0i3SguVX0502vUG?auto=compress,format&w=450&dpr=2",each,$35.00,,,[],THC 0.0%,CBD 0.0%,,"ABX Capsules 10mg 30 Caps, Concentrate ",,,"['Winberry-Half Gram Cart', 'Outco THC tincture', 'Outco | Pineapple Upside down Cake  | Cartridge', 'Apex Extracts | Sour Mints', 'VIOLA | Diamonds|  Glue', 'Live Resin | Starburst ', 'Nug Live Resin 1gram', 'Apex Xtracts | Silver Pearl']",[],,2022.10.23,San Diego Recreational Cannabis - Camino Del Rio
53,https://www.leafly.com/dispensary-info/san-diego-recreational-cannabis/p/162729456/live-resin--starburst?variant=9817213,Live Resin | Starburst ,Concentrate,Concentrate,Apex Xtracts,"https://leafly-public.imgix.net/shared-web-images/product-type-icons/menu_concentrate_1.png?auto=compress,format&w=450&dpr=2",1 gram,$35.00,,,[],THC —,CBD —,,"Live Resin | Starburst , Concentrate ",,,"['Apex Extracts | Sour Mints', 'Apex Xtracts | Silver Pearl', 'Apex Extracts | White Fire', 'Apex Extracts | Vanilla Gorilla', 'Apex Extracts | Mango Madness', 'Apex Extracts | Grape Bubba x Cookies n Cream', 'Apex Extracts | THC Bomb', 'Winberry-Half Gram Cart']",[],,2022.10.23,San Diego Recreational Cannabis - Camino Del Rio
54,https://www.leafly.com/dispensary-info/san-diego-recreational-cannabis/p/160129286/apex-xtracts--silver-pearl?variant=9753813,Apex Xtracts | Silver Pearl,Concentrate,Concentrate,Apex Xtracts,"https://leafly-public.imgix.net/menu-items/photos/55C15AfiQu2ZczBYZWIU_87y6P27fTHBFI7JOllEA.jpg?auto=compress,format&w=450&dpr=2",1 gram,$35.00,,,[],THC 0.0%,CBD 0.0%,Hybrid,"Apex Xtracts | Silver Pearl, Concentrate ",4.2,79,"['Apex Extracts | Sour Mints', 'Apex Extracts | White Fire', 'Apex Extracts | Vanilla Gorilla', 'Apex Extracts | Mango Madness', 'Apex Extracts | Grape Bubba x Cookies n Cream', 'Apex Extracts | THC Bomb', 'Live Resin | Starburst ', 'Winberry-Half Gram Cart']",[],,2022.10.23,San Diego Recreational Cannabis - Camino Del Rio
55,https://www.leafly.com/dispensary-info/san-diego-recreational-cannabis/p/160152137/apex-extracts--mango-madness?variant=9754435,Apex Extracts | Mango Madness,Concentrate,Concentrate,Apex Xtracts,"https://leafly-public.imgix.net/menu-items/photos/Bwi2pVtLSMyAd6EFk90U_UA1du2gQUexq1f6PWvAb.jpg?auto=compress,format&w=450&dpr=2",1 gram,$35.00,,,[],THC 0.0%,CBD 0.0%,,"Apex Extracts | Mango Madness, Concentrate ",,,"['Apex Extracts | Sour Mints', 'Apex Xtracts | Silver Pearl', 'Apex Extracts | White Fire', 'Apex Extracts | Vanilla Gorilla', 'Apex Extracts | THC Bomb', 'Live Resin | Starburst ', 'Apex Extracts | Grape Bubba x Cookies n Cream', 'Outco THC tincture']",[],,2022.10.23,San Diego Recreational Cannabis - Camino Del Rio
56,https://www.leafly.com/dispensary-info/san-diego-recreational-cannabis/p/160152204/apex-extracts--grape-bubba-x-cookies-n-cream?variant=9754524,Apex Extracts | Grape Bubba x Cookies n Cream,Concentrate,Concentrate,Apex Xtracts,"https://leafly-public.imgix.net/menu-items/photos/h9ASkVs8REOIowXoTM33_LFOvFs80S3eu82gG7GAs.jpg?auto=compress,format&w=450&dpr=2",1 gram,$35.00,,,[],THC 0.0%,CBD 0.0%,,"Apex Extracts | Grape Bubba x Cookies n Cream, Concentrate ",,,"['Apex Extracts | Sour Mints', 'Live Resin | Starburst ', 'Apex Xtracts | Silver Pearl', 'Apex Extracts | Mango Madness', 'Apex Extracts | THC Bomb', 'Apex Extracts | White Fire', 'Apex Extracts | Vanilla Gorilla', 'Winberry-Half Gram Cart']",[],,2022.10.23,San Diego Recreational Cannabis - Camino Del Rio
57,https://www.leafly.com/dispensary-info/san-diego-recreational-cannabis/p/160152071/apex-extracts--thc-bomb?variant=9754350,Apex Extracts | THC Bomb,Concentrate,Concentrate,Apex Xtracts,"https://leafly-public.imgix.net/menu-items/photos/43gO9lg9SVydhGfQnsxZ_INFR9Dp7TNejsJwQutyY.jpg?auto=compress,format&w=450&dpr=2",1 gram,$35.00,,,[],THC 0.0%,CBD 0.0%,Hybrid,"Apex Extracts | THC Bomb, Concentrate ",4.1,249,"['Apex Extracts | Sour Mints', 'Live Resin | Starburst ', 'Apex Xtracts | Silver Pearl', 'Apex Extracts | Mango Madness', 'Apex Extracts | Grape Bubba x Cookies n Cream', 'Apex Extracts | White Fire', 'Apex Extracts | Vanilla Gorilla', 'Winberry-Half Gram Cart']",[],,2022.10.23,San Diego Recreational Cannabis - Camino Del Rio
58,https://www.leafly.com/dispensary-info/san-diego-recreational-cannabis/p/160144293/apex-extracts--white-fire?variant=9754105,Apex Extracts | White Fire,Concentrate,Concentrate,Apex Xtracts,"https://leafly-public.imgix.net/menu-items/photos/MwC7OR1MRkiCG5Bla24Q_MwskNRqGSXuzHpTa00oC.jpg?auto=compress,format&w=450&dpr=2",1 gram,$35.00,,,[],THC 0.0%,CBD 0.0%,Hybrid,"Apex Extracts | White Fire, Concentrate ",4.5,1029,"['Apex Extracts | Sour Mints', 'Apex Xtracts | Silver Pearl', 'Apex Extracts | Vanilla Gorilla', 'Apex Extracts | THC Bomb', 'Live Resin | Starburst ', 'Apex Extracts | Mango Madness', 'Apex Extracts | Grape Bubba x Cookies n Cream', 'Winberry-Half Gram Cart']",[],,2022.10.23,San Diego Recreational Cannabis - Camino Del Rio
59,https://www.leafly.com/dispensary-info/san-diego-recreational-cannabis/p/160152048/apex-extracts--vanilla-gorilla?variant=9754327,Apex Extracts | Vanilla Gorilla,Concentrate,Concentrate,Apex Xtracts,"https://leafly-public.imgix.net/menu-items/photos/htm7uj5PRfuA69WHpWfB_POaTeD0hQXqswRhbaWdS.jpg?auto=compress,format&w=450&dpr=2",1 gram,$35.00,,,[],THC 0.0%,CBD 0.0%,Hybrid,"Apex Extracts | Vanilla Gorilla, Concentrate ",4.3,22,"['Apex Extracts | Sour Mints', 'Live Resin | Starburst ', 'Apex Xtracts | Silver Pearl', 'Apex Extracts | Mango Madness', 'Apex Extracts | Grape Bubba x Cookies n Cream', 'Apex Extracts | THC Bomb', 'Apex Extracts | White Fire', 'Winberry-Half Gram Cart']",[],,2022.10.23,San Diego Recreational Cannabis - Camino Del Rio
60,https://www.leafly.com/dispensary-info/san-diego-recreational-cannabis/p/157544682/outco-thc-tincture?variant=9699909,Outco THC tincture,Concentrate,Concentrate,OUTCO,"https://leafly-public.imgix.net/shared-web-images/product-type-icons/menu_concentrate_1.png?auto=compress,format&w=450&dpr=2",each,$50.00,,,[],THC 0.0mg,CBD 0.0mg,,"Outco THC tincture, Concentrate ",,,"['Outco Cart Half', 'Winberry-Half Gram Cart', 'Outco | Pineapple Upside down Cake  | Cartridge', 'Apex Extracts | Sour Mints', 'VIOLA | Diamonds|  Glue', 'ABX Capsules 10mg 30 Caps', 'Apex Xtracts | Silver Pearl', 'Apex Extracts | White Fire']",[],,2022.10.23,San Diego Recreational Cannabis - Camino Del Rio
61,https://www.leafly.com/dispensary-info/san-diego-recreational-cannabis/p/157544674/nug-live-resin-1gram?variant=9699899,Nug Live Resin 1gram,Concentrate,Concentrate,"Nug (Cann Distributors, Inc)","https://leafly-public.imgix.net/shared-web-images/product-type-icons/menu_concentrate_1.png?auto=compress,format&w=450&dpr=2",each,$50.00,,,[],THC 0.0mg,CBD 0.0mg,,"Nug Live Resin 1gram, Concentrate ",,,"['Winberry-Half Gram Cart', 'Outco THC tincture', 'Outco | Pineapple Upside down Cake  | Cartridge', 'Apex Extracts | Sour Mints', 'VIOLA | Diamonds|  Glue', 'ABX Capsules 10mg 30 Caps', 'Live Resin | Starburst ', 'Apex Xtracts | Silver Pearl']",[],,2022.10.23,San Diego Recreational Cannabis - Camino Del Rio
62,https://www.leafly.com/dispensary-info/san-diego-recreational-cannabis/p/162074825/viola--diamonds--glue?variant=9802026,VIOLA | Diamonds|  Glue,Concentrate,Concentrate,Viola,"https://leafly-public.imgix.net/menu-items/photos/3dBX5BBrQUK0jWCzXWa5_G3cIUSWSBWsBzMMrNmhH.jpg?auto=compress,format&w=450&dpr=2",1 gram,$55.00,,,[],THC 0.0%,CBD 0.0%,,"VIOLA | Diamonds|  Glue, Concentrate ",,,"['VIOLA | King Louis OG', 'VIOLA | Green Fire', 'Meat Breath', 'Winberry-Half Gram Cart', 'Outco THC tincture', 'Outco | Pineapple Upside down Cake  | Cartridge', 'VIOLA | White Tahoe Cookies', 'Apex Extracts | Sour Mints']",[],,2022.10.23,San Diego Recreational Cannabis - Camino Del Rio
63,https://www.leafly.com/dispensary-info/san-diego-recreational-cannabis/p/160666813/outco--pineapple-upside-down-cake---cartridge?variant=9764210,Outco | Pineapple Upside down Cake  | Cartridge,Concentrate,Concentrate,,"https://leafly-public.imgix.net/menu-items/photos/WF8QVGhTYCXX10jC3xbX_eYL8AwDGQvalDOXuQmmP.jpg?auto=compress,format&w=450&dpr=2",1 gram,$60.00,,,[],THC 0.0%,CBD 0.0%,Hybrid,"Outco | Pineapple Upside down Cake  | Cartridge, Concentrate ",4.5,159,"['Outco THC tincture', 'Apex Extracts | Sour Mints', 'VIOLA | Diamonds|  Glue', 'ABX Capsules 10mg 30 Caps', 'Winberry-Half Gram Cart', 'Nug Live Resin 1gram', 'Outco | Apple Pie x Black Jack | Cartridge', 'Apex Xtracts | Silver Pearl']",[],,2022.10.23,San Diego Recreational Cannabis - Camino Del Rio
64,https://www.leafly.com/dispensary-info/san-diego-recreational-cannabis/p/160666764/outco--apple-pie-x-black-jack--cartridge?variant=9764176,Outco | Apple Pie x Black Jack | Cartridge,Concentrate,Concentrate,,"https://leafly-public.imgix.net/menu-items/photos/8pL7SQhATE6qS55ASwLI_seBUCQyRSMa7jVeKXdIw.jpg?auto=compress,format&w=450&dpr=2",1 gram,$60.00,,,[],THC 0.0%,CBD 0.0%,Hybrid,"Outco | Apple Pie x Black Jack | Cartridge, Concentrate ",4.4,529,"['Winberry-Half Gram Cart', 'Outco THC tincture', 'Outco | Pineapple Upside down Cake  | Cartridge', 'Apex Extracts | Sour Mints', 'VIOLA | Diamonds|  Glue', 'KNBIS | Black Jack', 'ABX Capsules 10mg 30 Caps', 'Nug Live Resin 1gram']",[],"Bred by Sweet Seeds, Black Jack is a cross of Black Domina and Jack Herer. This strain produces thick buds with huge calyxes that are completely encrusted with trichomes. It has a heavy and flavorful taste and it produces exceptionally long-lasting effects. Because of its high THC levels, Black Jack is popular among medical marijuana patients.",2022.10.23,San Diego Recreational Cannabis - Camino Del Rio
65,https://www.leafly.com/dispensary-info/san-diego-recreational-cannabis/p/157544713/rove-cart-half?variant=9699940,ROVE CART HALF,Cartridge,Cartridge,ROVE - Aureus DHS,"https://cloud.proteuserp.com/pictures/sites/SDRecCannabis2/products/LGrove%203%2Epng?auto=compress,format&w=450&dpr=2",each,$30.00,,,[],THC —,CBD —,,"ROVE CART HALF, Cartridge ",,,"['Rove Disposable', 'Outco Cart Half', 'Cru -.75ml-Cart', 'Select Cart Full', 'Jack Herer Cart Full Gram', ""Henry's Originals | Candy Jack"", 'Caliva 8', 'High Grade / Flawless Farms 8']",[],,2022.10.23,San Diego Recreational Cannabis - Camino Del Rio
66,https://www.leafly.com/dispensary-info/san-diego-recreational-cannabis/p/157544714/rove-disposable?variant=9699941,Rove Disposable,Cartridge,Cartridge,ROVE - Aureus DHS,"https://leafly-public.imgix.net/shared-web-images/product-type-icons/menu_cartridge.png?auto=compress,format&w=450&dpr=2",each,$30.00,,,[],THC 0.0mg,CBD 0.0mg,,"Rove Disposable, Cartridge ",,,"['ROVE CART HALF', 'Cru -.75ml-Cart', 'Outco Cart Half', 'Select Cart Full', 'Jack Herer Cart Full Gram', 'Outco THC tincture', ""Henry's Originals | Candy Jack"", ""Henry's Original | Fire Haze""]",[],,2022.10.23,San Diego Recreational Cannabis - Camino Del Rio
67,https://www.leafly.com/dispensary-info/san-diego-recreational-cannabis/p/157544680/outco-cart-half?variant=9699907,Outco Cart Half,Cartridge,Cartridge,OUTCO,"https://cloud.proteuserp.com/pictures/sites/SDRecCannabis2/products/LGoutco%20cart%2Epng?auto=compress,format&w=450&dpr=2",each,$32.00,,,[],THC —,CBD —,,"Outco Cart Half, Cartridge ",,,"['Cru -.75ml-Cart', 'Outco THC tincture', 'Select Cart Full', 'ROVE CART HALF', 'Rove Disposable', 'Jack Herer Cart Full Gram', 'VIOLA | King Louis OG', 'THC Design | Gelato']",[],,2022.10.23,San Diego Recreational Cannabis - Camino Del Rio
68,https://www.leafly.com/dispensary-info/san-diego-recreational-cannabis/p/157544588/cru--75ml-cart?variant=9699784,Cru -.75ml-Cart,Cartridge,Cartridge,COASTAL HARVEST CRU,"https://leafly-public.imgix.net/shared-web-images/product-type-icons/menu_cartridge.png?auto=compress,format&w=450&dpr=2",each,$40.00,,,[],THC —,CBD —,,"Cru -.75ml-Cart, Cartridge ",,,"['Outco Cart Half', 'ROVE CART HALF', 'Select Cart Full', 'Jack Herer Cart Full Gram', 'Rove Disposable', 'VIOLA | King Louis OG', 'THC Design | Gelato', ""Henry's Original | Fire Haze""]",[],,2022.10.23,San Diego Recreational Cannabis - Camino Del Rio
69,https://www.leafly.com/dispensary-info/san-diego-recreational-cannabis/p/157544720/select-cart-full?variant=9699947,Select Cart Full,Cartridge,Cartridge,SELECT,"https://leafly-public.imgix.net/shared-web-images/product-type-icons/menu_cartridge.png?auto=compress,format&w=450&dpr=2",each,$48.00,,,[],THC —,CBD —,,"Select Cart Full, Cartridge ",,,"['Cru -.75ml-Cart', 'Outco Cart Half', 'ROVE CART HALF', 'Rove Disposable', 'Jack Herer Cart Full Gram', 'Outco THC tincture', ""Henry's Originals | Candy Jack"", ""Henry's Original | Fire Haze""]",[],,2022.10.23,San Diego Recreational Cannabis - Camino Del Rio
70,https://www.leafly.com/dispensary-info/san-diego-recreational-cannabis/p/157544634/jack-herer-cart-full-gram?variant=9699841,Jack Herer Cart Full Gram,Cartridge,Cartridge,The Original Jack Herer,"https://images.leafly.com/products/photos/hD2kmiysQgKLMFnWM87v_22106095_Jack_Herer_Vape_Cart_1g.jpg?auto=compress,format&w=450&dpr=2",each,$60.00,,,[],THC —,CBD —,Sativa,Savor the flavor of a California favorite with The Original Jack Herer™ vape carts. Carts supply one-gram of strain-specific terpenes and THC from our network of sustainable California farms.,4.4,4822,"['Cru -.75ml-Cart', 'Outco Cart Half', 'Select Cart Full', 'ROVE CART HALF', 'Rove Disposable', 'Outco THC tincture', ""Henry's Originals | Candy Jack"", ""Henry's Original | Fire Haze""]",[],"Jack Herer, also known as ""JH,"" ""The Jack,"" ""Premium Jack,"" and ""Platinum Jack"" is a sativa-dominant marijuana strain that has gained as much renown as its namesake, the marijuana activist and author of The Emperor Wears No Clothes. Combining a Haze hybrid with a Northern Lights #5 and Shiva Skunk cross, Sensi Seeds created Jack Herer hoping to capture both cerebral elevation and heavy resin production. Its rich genetic background gives rise to several different variations of Jack Herer, each phenotype bearing its own unique features and effects. However, consumers typically describe this 55% sativa hybrid as blissful, clear-headed, and creative.

Jack Herer was created in the Netherlands in the mid-1990s, where it was later distributed by Dutch pharmacies as a recognized medical-grade strain. Since then, this spicy, pine-scented strain has taken home numerous awards for its quality and potency. Many breeders have attempted to cultivate this staple strain themselves in sunny or Mediterranean climates, and indoor growers should wait 50 to 70 days for Jack Herer to flower.",2022.10.23,San Diego Recreational Cannabis - Camino Del Rio
71,https://www.leafly.com/dispensary-info/san-diego-recreational-cannabis/p/157544614/floracal-preroll?variant=9699812,FloraCal Preroll,Preroll,PreRoll,Rivers Distribution,"https://leafly-public.imgix.net/shared-web-images/product-type-icons/menu_preroll.png?auto=compress,format&w=450&dpr=2",each,$9.00,,,[],THC —,CBD —,,"FloraCal Preroll, PreRoll ",,,"['Outco THC tincture', 'Cru -.75ml-Cart', ""Henry's Originals | Candy Jack"", ""Henry's Original | Fire Haze"", 'CHEM 91', 'Caliva-Deli Flower 7g', 'Craft Small Batch 8', 'Emerald  Farms  8']",[],,2022.10.23,San Diego Recreational Cannabis - Camino Del Rio
72,https://www.leafly.com/dispensary-info/san-diego-recreational-cannabis/p/157544685/p--b-relief-soak?variant=9699911,P & B Relief Soak,Topical,Topical,Papa & Barkley,"https://leafly-public.imgix.net/shared-web-images/product-type-icons/menu_topicals.png?auto=compress,format&w=450&dpr=2",each,$35.00,,,[],THC —,CBD —,,"P & B Relief Soak, Topical ",,,"['VIOLA | King Louis OG', 'THC Design | Gelato', ""Henry's Original | Fire Haze"", 'Outco | Tangimal', 'VIOLA | Green Fire', 'FloraCal Preroll', 'Cru -.75ml-Cart', 'Henry’s Original | Mango']",[],,2022.10.23,San Diego Recreational Cannabis - Camino Del Rio
73,https://www.leafly.com/dispensary-info/san-diego-recreational-cannabis/p/157544759/x-papers---raw-black?variant=9699993,X Papers - Raw Black,Accessory,Accessory,Global Imports - Glass,"https://ams.iqmetrix.net/images/622ac172-c4b0-4156-bf98-64c8e7f60e92?auto=compress,format&w=450&dpr=2",each,$2.00,,,[],THC 0.0mg,CBD 0.0mg,,"RAW Black Paper is double pressed extra-fine for the thinnest unbleached rolling paper we have ever made. This unique artisan paper is produced in the Alcoy region of Spain where the dry Valencian winds make humidity optimally low.  RAW Black 1¼ is so thin that it allows you to truly taste your terps!  RAW Black was created for a new generation as the next level of top shelf smoking materials.  It’s like a Ferrari, it only runs on premium gas!

50 leaves per pack
24 packs per box",,,"['X Bowl Slider', 'X Pipe Glass small', 'Outco Cart Half', 'Cru -.75ml-Cart', ""Henry's Originals | Candy Jack"", 'Caliva 8', 'High Grade / Flawless Farms 8', 'VIOLA | King Louis OG']",[],,2022.10.23,San Diego Recreational Cannabis - Camino Del Rio
74,https://www.leafly.com/dispensary-info/san-diego-recreational-cannabis/p/157544749/x-bowl-slider?variant=9699983,X Bowl Slider,Accessory,Accessory,CHINESE GLASS MANUFACTURER,"https://leafly-public.imgix.net/shared-web-images/product-type-icons/menu_accessory.png?auto=compress,format&w=450&dpr=2",each,$5.00,,,[],THC 0.0mg,CBD 0.0mg,,"X Bowl Slider, Accessory ",,,"['X Pipe Glass small', 'X Papers - Raw Black', 'VIOLA | King Louis OG', 'THC Design | Gelato', ""Henry's Original | Fire Haze"", 'Outco | Tangimal', 'VIOLA | Green Fire', 'FloraCal Preroll']",[],,2022.10.23,San Diego Recreational Cannabis - Camino Del Rio
75,https://www.leafly.com/dispensary-info/san-diego-recreational-cannabis/p/157544762/x-pipe-glass-small?variant=9699996,X Pipe Glass small,Accessory,Accessory,CHINESE GLASS MANUFACTURER,"https://leafly-public.imgix.net/shared-web-images/product-type-icons/menu_accessory.png?auto=compress,format&w=450&dpr=2",each,$9.00,,,[],THC 0.0mg,CBD 0.0mg,,"X Pipe Glass small, Accessory ",,,"['X Bowl Slider', 'X Papers - Raw Black', 'VIOLA | King Louis OG', 'THC Design | Gelato', ""Henry's Original | Fire Haze"", 'Outco | Tangimal', 'VIOLA | Green Fire', 'FloraCal Preroll']",[],,2022.10.23,San Diego Recreational Cannabis - Camino Del Rio
76,https://www.leafly.com/dispensary-info/san-diego-recreational-cannabis/p/157544726/select-weekender?variant=9699953,Select Weekender,Other,Other,,"https://leafly-public.imgix.net/menu-items/photos/1BRo1sdtQxyIfkb5Jcpa_lYo5TPcSOOgs4YQ2d97y.png?auto=compress,format&w=450&dpr=2",each,$28.00,,,[],THC 0.0%,CBD 0.0%,,"Select Weekender, Other ",,,"['Outco THC tincture', 'Cru -.75ml-Cart', ""Henry's Originals | Candy Jack"", ""Henry's Original | Fire Haze"", 'CHEM 91', 'Caliva-Deli Flower 7g', 'Craft Small Batch 8', 'Emerald  Farms  8']",[],,2022.10.23,San Diego Recreational Cannabis - Camino Del Rio
