﻿Index,Link,Name,Label,Category,Brand,Image,Unit,Price,OrginalPrice,Discount,OtherAmount,THC,CBD,Lineage,Description,Rating,Reviewnum,Alsolike,Similar,Strain,ScrapeTime,Store name
0,https://www.leafly.com/dispensary-info/simply-green-by-sierra-green/p/621677495/candy-runtz?variant=1476472162,CANDY RUNTZ ,Flower,Flower,Simply Green Farms,"https://leafly-public.imgix.net/menu/ZTtrjmVvQECGbhpM0Oqp_black%20runts.jpg?auto=compress,format&w=450&dpr=2",⅛ ounce,$15.00,reg $50.00,$35 off,[],THC 32.7%,CBD —,,"CANDY RUNTZ , Flower - THC 32.7%",,,"['Ice Cream Float', 'LEMON CHERRY GELATO | Hybrid', 'Italian Ice', 'AMERICAN PIE | Sativa Hybrid', 'RUNTZ | Hybrid', 'GEORGIA PIE | Hybrid', 'BLACK MAMBA | Indica', 'EXCLUSIVE BLACK RUNTZ | Hybrid']",[],,2022.10.21,Simply Green Delivery
1,https://www.leafly.com/dispensary-info/simply-green-by-sierra-green/p/619474366/ice-cream-float?variant=1293227013,Ice Cream Float,Hybrid flower,Flower,Simply Green Farms,"https://leafly-public.imgix.net/menu/Z1iQnca7SZeS7woOzbtN_ice%20cream%20float.jpg?auto=compress,format&w=450&dpr=2",⅛ ounce,$32.50,reg $50.00,35% off,['price of 160 for 14 g'],THC 33.0%,CBD —,Hybrid,"Indoor Flower
33%
",4.5,24.0,"['CANDY RUNTZ ', 'Italian Ice', 'LEMON CHERRY GELATO | Hybrid', 'BLACK MAMBA | Indica', 'AMERICAN PIE | Sativa Hybrid', 'RUNTZ | Hybrid', 'GEORGIA PIE | Hybrid', 'EXCLUSIVE BLACK RUNTZ | Hybrid']",[],,2022.10.21,Simply Green Delivery
2,https://www.leafly.com/dispensary-info/simply-green-by-sierra-green/p/615725460/head-stash--indica?variant=1017209307,HEAD STASH | Indica,Indica flower,Flower,Simply Green,"https://leafly-public.imgix.net/menu/WHzBeOBiQmKdbiP22eIO_Screen%20Shot%202022-01-18%20at%208.25.09%20PM.png?auto=compress,format&w=450&dpr=2",⅛ ounce,$26.00,reg $40.00,35% off,"['price of 140 for 14 g', 'price of 280 for 28 g']",THC 31.4%,CBD —,Indica,"The coveted Petrolia Headstash by Reeferman Seeds originates from Afghanistan by way of Humbolt County. Its pungent, compact buds have a hashy taste with flavors of pine, wood, and earth. The heavy indica effects will leave many feeling drowsy and relaxed which can help suppress symptoms like cramps, pain, and elevated stress levels. A thick coating of trichomes makes it great for producing hash and other concentrates. Decades of inbreeding have made this strain extremely hearty and ideal for breeding purposes, and Petrolia Headstash's genetics can be found in other indica powerhouses like Herijuana.",4.3,21.0,"['EXCLUSIVE BLACK RUNTZ | Hybrid', 'ICE CREAM CAKE | Indica', 'PLATINUM OG KUSH | INDICA | 3.5g', 'BLUE COOKIES | Indica Hybrid', 'RIANBOW SHERBET | Hybrid', 'CANDY RUNTZ ', 'HOUSE | PRE ROLL | 1g', 'Ice Cream Float']",[],,2022.10.21,Simply Green Delivery
3,https://www.leafly.com/dispensary-info/simply-green-by-sierra-green/p/617483921/exclusive-black-runtz--hybrid?variant=1126894354,EXCLUSIVE BLACK RUNTZ | Hybrid,Flower,Flower,Simply Green,"https://leafly-public.imgix.net/menu/yEtUnNAoQHmI08KCRrZ6_Screen%20Shot%202022-04-04%20at%206.10.27%20PM.png?auto=compress,format&w=450&dpr=2",⅛ ounce,$32.50,reg $50.00,35% off,"['price of 160 for 14 g', 'price of 280 for 28 g']",THC 33.0%,CBD —,,BLACK RUNTZ | 3.5g | HYBRID,,,"['HEAD STASH | Indica', 'ICE CREAM CAKE | Indica', 'PLATINUM OG KUSH | INDICA | 3.5g', 'BLUE COOKIES | Indica Hybrid', 'RIANBOW SHERBET | Hybrid', 'CANDY RUNTZ ', 'HOUSE | PRE ROLL | 1g', 'Ice Cream Float']",[],,2022.10.21,Simply Green Delivery
4,https://www.leafly.com/dispensary-info/simply-green-by-sierra-green/p/617672352/lemon-cherry-gelato--hybrid?variant=1144821520,LEMON CHERRY GELATO | Hybrid,Hybrid flower,Flower,Simply Green Farms,"https://leafly-public.imgix.net/menu/KNlkm1RDSCSKZnK8ego0_Screen%20Shot%202022-05-01%20at%2011.16.53%20PM.png?auto=compress,format&w=450&dpr=2",⅛ ounce,$26.00,reg $40.00,35% off,"['price of 150 for 14 g', 'price of 260 for 28 g']",THC 30.0%,CBD —,Hybrid,"LEMON CHERRY GELATO | Hybrid, Flower - THC 30%",4.6,198.0,"['CANDY RUNTZ ', 'Ice Cream Float', 'Italian Ice', 'RUNTZ | Hybrid', 'GEORGIA PIE | Hybrid', 'BLACK MAMBA | Indica', 'AMERICAN PIE | Sativa Hybrid', 'HEAD STASH | Indica']",[],,2022.10.21,Simply Green Delivery
5,https://www.leafly.com/dispensary-info/simply-green-by-sierra-green/p/619474777/italian-ice?variant=1293275962,Italian Ice,Hybrid flower,Flower,Simply Green Farms,"https://leafly-public.imgix.net/menu/N4gOl9gDRkCPkF6hRgJw_italian%20ice.jpg?auto=compress,format&w=450&dpr=2",⅛ ounce,$29.25,reg $45.00,35% off,['price of 140 for 14 g'],THC 32.0%,CBD —,Hybrid,"Italian Ice, Flower - THC 32%",4.3,129.0,"['CANDY RUNTZ ', 'Ice Cream Float', 'LEMON CHERRY GELATO | Hybrid', 'RUNTZ | Hybrid', 'GEORGIA PIE | Hybrid', 'BLACK MAMBA | Indica', 'AMERICAN PIE | Sativa Hybrid', 'HEAD STASH | Indica']",[],,2022.10.21,Simply Green Delivery
6,https://www.leafly.com/dispensary-info/simply-green-by-sierra-green/p/615725642/ice-cream-cake--indica?variant=1017230142,ICE CREAM CAKE | Indica,Indica flower,Flower,Simply Green,"https://leafly-public.imgix.net/menu/uC8CDaV8Ra2A2850Vizn_Ice%20cream%20cake.jpg?auto=compress,format&w=450&dpr=2",⅛ ounce,$29.25,reg $45.00,35% off,[],THC 32.1%,CBD —,Indica,"Ice Cream Cake is an indica marijuana strain made by crossing Wedding Cake with Gelato #33. This strain offers sedating effects that leave your mind and body completely relaxed. Ice Cream Cake features a creamy flavor profile with sweet hints of vanilla and sugary dough. This strain is reported by medical marijuana patients and consumers to have calming effects that help with pain, sleep, and anxiety. Ice Cream Cake weed is ideal for night time use when you have nothing important to do except watch TV and fall asleep. Growers say this strain has light green and purple buds that are completely flushed with icy trichomes. ",4.6,1009.0,"['EXCLUSIVE BLACK RUNTZ | Hybrid', 'HEAD STASH | Indica', 'RIANBOW SHERBET | Hybrid', 'BLUE COOKIES | Indica Hybrid', 'PLATINUM OG KUSH | INDICA | 3.5g', 'CANDY RUNTZ ', 'Ice Cream Float', 'HOUSE | PRE ROLL | 1g']",['PURPLE PUNCH | Indica'],"Ice Cream Cake is an indica marijuana strain made by crossing Wedding Cake with Gelato #33. This strain offers sedating effects that leave your mind and body completely relaxed. Ice Cream Cake features a creamy flavor profile with sweet hints of vanilla and sugary dough. This strain is reported by medical marijuana patients and consumers to have calming effects that help with pain, sleep, and anxiety. Ice Cream Cake weed is ideal for night time use when you have nothing important to do except watch TV and fall asleep. Growers say this strain has light green and purple buds that are completely flushed with icy trichomes.    Ice Cream Cake Growing Info Ice Cream Cake is a popular strain choice for both intermediate and advanced growers. This strain can be grown indoors and outdoors. You can expect a flowering time of 8-9 weeks. Ice Cream Cake weed offers a large yield and tends to grow medium-tall.",2022.10.21,Simply Green Delivery
7,https://www.leafly.com/dispensary-info/simply-green-by-sierra-green/p/618761012/black-mamba--indica?variant=1238062456,BLACK MAMBA | Indica,Indica flower,Flower,Simply Green Farms,"https://leafly-public.imgix.net/menu/maMU4PYNQdiwkRDpqs7g_platinum%20sherbert.jpg?auto=compress,format&w=450&dpr=2",⅛ ounce,$32.50,reg $50.00,35% off,"['price of 160 for 14 g', 'price of 280 for 28.3 g']",THC 32.0%,CBD —,Indica,"Black Mamba, also known as ""Black Mamba #6,"" is an indica marijuana strain thought to be a cross of Granddaddy Purple and Black Domina. This strain features dark green and dense nugs that have a strong perfume aroma and a distinctly sweet grape taste that is reminiscent of GDP.",4.5,267.0,"['CANDY RUNTZ ', 'Ice Cream Float', 'LEMON CHERRY GELATO | Hybrid', 'Italian Ice', 'RUNTZ | Hybrid', 'GEORGIA PIE | Hybrid', 'AMERICAN PIE | Sativa Hybrid', 'HEAD STASH | Indica']",['KING LOUIE | Indica'],,2022.10.21,Simply Green Delivery
8,https://www.leafly.com/dispensary-info/simply-green-by-sierra-green/p/615725563/blue-cookies--indica-hybrid?variant=1017216476,BLUE COOKIES | Indica Hybrid,Hybrid flower,Flower,Simply Green,"https://leafly-public.imgix.net/menu/aalZDg0QQGhCaRqYlyiw_Screen%20Shot%202022-02-14%20at%201.53.58%20PM.png?auto=compress,format&w=450&dpr=2",⅛ ounce,$32.50,reg $50.00,35% off,[],THC 31.1%,CBD —,Hybrid,"Blue Cookies, also known as ""Blue GSC"" and ""Blue Girl Scout Cookies,"" is an indica-dominant hybrid cross between two celebrity strains, Girl Scout Cookies and Blueberry.",4.7,700.0,"['HEAD STASH | Indica', 'EXCLUSIVE BLACK RUNTZ | Hybrid', 'ICE CREAM CAKE | Indica', 'PLATINUM OG KUSH | INDICA | 3.5g', 'RIANBOW SHERBET | Hybrid', 'CANDY RUNTZ ', 'HOUSE | PRE ROLL | 1g', 'Ice Cream Float']",[],,2022.10.21,Simply Green Delivery
9,https://www.leafly.com/dispensary-info/simply-green-by-sierra-green/p/615754637/purple-punch--indica?variant=1019148437,PURPLE PUNCH | Indica,Indica flower,Flower,Simply Green ,"https://leafly-public.imgix.net/menu/AqBClcf4TS2zbKNSzcEL_black%20cherry.jpg?auto=compress,format&w=450&dpr=2",⅛ ounce,$32.50,reg $50.00,35% off,"['price of 160 for 14 g', 'price of 280 for 28 g']",THC 31.0%,CBD —,Indica,"Purple Punch is the sweet and sedating union of two indica-dominant classics. By breeding Larry OG with Granddaddy Purple, the astonishing trichome laden Purple Punch was born, smelling of grape candy, blueberry muffins, and tart Kool-Aid.",4.6,1491.0,"['CANDY RUNTZ ', 'Ice Cream Float', 'HEAD STASH | Indica', 'EXCLUSIVE BLACK RUNTZ | Hybrid', 'LEMON CHERRY GELATO | Hybrid', 'Italian Ice', 'ICE CREAM CAKE | Indica', 'GRANDDADDY PURP | Indica']",['ICE CREAM CAKE | Indica'],"Purple Punch is the sweet and sedating union of two indica-dominant classics. By breeding Larry OG with Granddaddy Purple, the astonishing trichome laden Purple Punch was born, smelling of grape candy, blueberry muffins, and tart Kool-Aid. The potency of this strain gives the consumer a one-two punch to the head and body, initially landing between the eyes and settling down into the limbs. Purple Punch is a delicious dessert strain that is best suited for after dinner. Its effects may help with managing nausea, stress, minor body aches, and sleeplessness.",2022.10.21,Simply Green Delivery
10,https://www.leafly.com/dispensary-info/simply-green-by-sierra-green/p/618882836/american-pie--sativa-hybrid?variant=1244592600,AMERICAN PIE | Sativa Hybrid,Hybrid flower,Flower,Simply Green Farms,"https://leafly-public.imgix.net/menu/5IfyRcvGRjuBbfcM8bUH_american%20pie%20png.png?auto=compress,format&w=450&dpr=2",⅛ ounce,$32.50,reg $50.00,35% off,"['price of 160 for 14 g', 'price of 280 for 28 g']",THC 32.0%,CBD —,Hybrid,"American Pie is a hybrid cross between Power Plant and White Widow that produces a sweet and fruity aroma with hints of pine. Its buds grow densely with a light, lime green color under a thick coat of trichomes and dark orange hairs.",4.7,13.0,"['CANDY RUNTZ ', 'Ice Cream Float', 'LEMON CHERRY GELATO | Hybrid', 'Italian Ice', 'RUNTZ | Hybrid', 'GEORGIA PIE | Hybrid', 'BLACK MAMBA | Indica', 'HEAD STASH | Indica']",[],"Bred by Pyramid Seeds from Barcelona, American Pie is a hybrid cross between Power Plant and White Widow that produces a sweet and fruity aroma with hints of pine. Its buds grow densely with a light, lime green color under a thick coat of trichomes and dark orange hairs. American Pie is a potent strain that commands motivation and engagement, making it the perfect pair for a wide variety of activities.

 ",2022.10.21,Simply Green Delivery
11,https://www.leafly.com/dispensary-info/simply-green-by-sierra-green/p/618045577/g---mintz--indica-hybrid?variant=1175567700,G - MINTZ | Indica Hybrid,Hybrid flower,Flower,SF Cultivators,"https://leafly-public.imgix.net/menu/xyG7XqLiRwqSgMIOyinr_g-mints.png?auto=compress,format&w=450&dpr=2",⅛ ounce,$32.50,reg $50.00,35% off,['price of 170 for 14 g'],THC 33.0%,CBD —,Hybrid,"Gelato Mints, also known as “Gelato Mintz,” is an indica-dominant hybrid weed strain made by crossing Animal Mints with Gelato 41. This strain is believed to be more calming than energizing. Cannabis consumers who have smoked Gelato Mints tell us it produces a focused high that makes you feel uplifted, and aroused. In terms of flavor, this strain packs a minty punch with undertones of vanilla and chemicals. Gelato Mints is known to make your mouth dry after you smoke it so it’s important to hydrate while enjoying this strain. The dominant terpene of this strain is caryophyllene.",4.5,19.0,"['CANDY RUNTZ ', 'Ice Cream Float', 'EXCLUSIVE BLACK RUNTZ | Hybrid', 'HEAD STASH | Indica', 'ICE CREAM CAKE | Indica', 'GRANDDADDY PURP | Indica', 'Italian Ice', 'LEMON CHERRY GELATO | Hybrid']",[],,2022.10.21,Simply Green Delivery
12,https://www.leafly.com/dispensary-info/simply-green-by-sierra-green/p/615008080/la-wedding-pop-35g?variant=971777815,LA Wedding Pop 3.5g,Sativa flower,Flower,Marry Marry,"https://leafly-public.imgix.net/menu/fowdYRVtQpeTQ6VQrYT5_marry%20marry.jpg?auto=compress,format&w=450&dpr=2",⅛ ounce,$20.00,,,[],THC 19.3mg,CBD 0.3mg,Sativa,"LA Wedding Pop is a sativa marijuana strain. We're still learning about the flavors and effects of LA Wedding Pop - if you've smoked, dabbed, or consumed this strain before, tell us about it by leaving a review.",4.5,45.0,"['CANDY RUNTZ ', 'Ice Cream Float', 'HEAD STASH | Indica', 'EXCLUSIVE BLACK RUNTZ | Hybrid', 'LEMON CHERRY GELATO | Hybrid', 'Italian Ice', 'ICE CREAM CAKE | Indica', 'GRANDDADDY PURP | Indica']",[],,2022.10.21,Simply Green Delivery
13,https://www.leafly.com/dispensary-info/simply-green-by-sierra-green/p/614990668/granddaddy-purp--indica?variant=971782570,GRANDDADDY PURP | Indica,Indica flower,Flower,Golden State Canna,"https://leafly-public.imgix.net/menu/iSS79mTTe6ytJdjvToBD_Screen%20Shot%202022-01-12%20at%2011.01.56%20PM.png?auto=compress,format&w=450&dpr=2",⅛ ounce,$29.25,reg $45.00,35% off,['price of 340 for 28 g'],THC 28.0%,CBD —,Indica,"Granddaddy Purple is an indica marijuana strain that goes by many different names, including ""Grand Daddy Purp,"" ""Granddaddy Purps,"" ""GDP,"" and ""Grandaddy Purple Kush."" Popularized in 2003 by Ken Estes, Granddaddy Purple (or GDP) is a famous indica cross of Mendo Purps, Skunk, and Afghanistan. This California staple inherits a complex grape and berry aroma from its Mendo Purps and Afghanistan parent, while Skunk passes on its oversized, compact bud structure. GDP flowers bloom in shades of deep purple, a contrasting backdrop for its snow-like dusting of white crystal resin. Its potent effects are clearly detectable in both mind and body, delivering a fusion of cerebral euphoria and physical relaxation. While your thoughts may float in a dreamy buzz, your body is more likely to find itself fixed in one spot for the duration of GDP’s effects. Granddaddy Purple is typically pulled off the shelf for consumers looking to combat pain, stress, insomnia, appetite loss, and muscle spasms. GDP blesses growers with massive yields which are ready for harvest following a 60 day flowering time indoors.",4.4,5340.0,"['CANDY RUNTZ ', 'Ice Cream Float', 'HEAD STASH | Indica', 'EXCLUSIVE BLACK RUNTZ | Hybrid', 'LEMON CHERRY GELATO | Hybrid', 'Italian Ice', 'ICE CREAM CAKE | Indica', 'RUNTZ | Hybrid']",[],,2022.10.21,Simply Green Delivery
14,https://www.leafly.com/dispensary-info/simply-green-by-sierra-green/p/617672351/georgia-pie--hybrid?variant=1144817892,GEORGIA PIE | Hybrid,Hybrid flower,Flower,Simply Green Farms,"https://leafly-public.imgix.net/menu/FViUWamSMmjGA9Fhx7gT_Georgia-Pie.jpg?auto=compress,format&w=450&dpr=2",⅛ ounce,$32.50,reg $50.00,35% off,"['price of 160 for 14 g', 'price of 280 for 28 g']",THC 32.0%,CBD —,Hybrid,"Georgia Pie is a potent hybrid marijuana strain bred by Seed Junkie Genetics. This strain is known for having a delicious aroma that smells and tastes just like fresh peach cobbler. Smoking Georgia Pie will immerse you with an intense body and head high. Because of its potency, Georgia Pie is best reserved for those who have a high THC tolerance. Medical marijuan patients choose this strain because of its ability to relieve symptoms associated with chronic pain. Georgia Pie nugs have bunches of striking orange hairs and trichomes that are thick and tinted with purple, orange and green.",4.7,93.0,"['CANDY RUNTZ ', 'Ice Cream Float', 'LEMON CHERRY GELATO | Hybrid', 'Italian Ice', 'AMERICAN PIE | Sativa Hybrid', 'RUNTZ | Hybrid', 'BLACK MAMBA | Indica', 'EXCLUSIVE BLACK RUNTZ | Hybrid']",[],,2022.10.21,Simply Green Delivery
15,https://www.leafly.com/dispensary-info/simply-green-by-sierra-green/p/618761813/runtz--hybrid?variant=1238122038,RUNTZ | Hybrid,Hybrid flower,Flower,Simply Green Farms,"https://leafly-public.imgix.net/menu/2r5MeVq3S4qmUHMKKGhO_runts.jpg?auto=compress,format&w=450&dpr=2",⅛ ounce,$32.50,reg $50.00,35% off,['price of 280 for 28 g'],THC 32.0%,CBD —,Hybrid,"Runtz, also known as ""Runtz OG,"" is a rare type of  hybrid marijuana strain. Runtz is made by Cookies Fam by crossing  Zkittlez with Gelato and it is loved for its incredibly fruity flavor profile that smells just like a bag of the sugary candy we all know and love. ",4.6,743.0,"['CANDY RUNTZ ', 'Ice Cream Float', 'LEMON CHERRY GELATO | Hybrid', 'Italian Ice', 'GEORGIA PIE | Hybrid', 'BLACK MAMBA | Indica', 'AMERICAN PIE | Sativa Hybrid', 'HEAD STASH | Indica']",[],"Runtz, also known as ""Runtz OG,"" is a rare type of  hybrid marijuana strain. Runtz is made by Cookies Fam by crossing  Zkittlez with Gelato and it is loved for its incredibly fruity flavor profile that smells just like a bag of the sugary candy we all know and love. Because of the rising popularity of this cannabis strain, it's no surprise Runtz was named Leafly Strain of the Year in 2020. Growers say this strain has resin-drenched buds that range in color from rich purple to lime green. Runtz is celebrated for its creamy smoke that is smooth and welcoming. This strain of weed produces euphoric highs and uplifting effects that are known to be long-lasting.  Runtz growing info  Runtz is a popular strain choice for both intermediate and advanced growers. This strain can be grown indoors and outdoors. You can expect a flowering time of 63 days or 7-9 weeks. When grown outside, Runtz will finish in mid-October. This strain offers a smaller than average yield.",2022.10.21,Simply Green Delivery
16,https://www.leafly.com/dispensary-info/simply-green-by-sierra-green/p/615725720/rianbow-sherbet--hybrid?variant=1017229879,RIANBOW SHERBET | Hybrid,Hybrid flower,Flower,Simply Green,"https://leafly-public.imgix.net/menu/2Xf3puGLSxeQAexUINqU_rainbow%20sherb.jpg?auto=compress,format&w=450&dpr=2",⅛ ounce,$35.75,reg $55.00,35% off,"['price of 195 for 14 g', 'price of 360 for 28 g']",THC 33.0%,CBD —,Hybrid,Rainbow Sherbet is an evenly-balanced hybrid marijuana strain made by crossing Champagne with Blackberry. Rainbow Sherbet is a notably tasty strain with hints of sugar and fruit. Smoking Rainbow Sherbet will have you feeling chilled out but focused enough to do something creative or inspiring. Smoking Rainbow Sherbet in large amounts will change this effect and turn your experience into a heavy-hitting euphoria. Medical marijuana patients choose Rainbow Sherbet for its pain relieving qualities.,4.2,44.0,"['HEAD STASH | Indica', 'EXCLUSIVE BLACK RUNTZ | Hybrid', 'ICE CREAM CAKE | Indica', 'PLATINUM OG KUSH | INDICA | 3.5g', 'BLUE COOKIES | Indica Hybrid', 'CANDY RUNTZ ', 'HOUSE | PRE ROLL | 1g', 'Ice Cream Float']",[],,2022.10.21,Simply Green Delivery
17,https://www.leafly.com/dispensary-info/simply-green-by-sierra-green/p/614979223/platinum-og-kush--indica--35g?variant=970249520,PLATINUM OG KUSH | INDICA | 3.5g,Indica flower,Flower,Simply Green,"https://leafly-public.imgix.net/menu/MExbsEkS0KFLvP7I98Y7_Platinum%20og.jpg?auto=compress,format&w=450&dpr=2",⅛ ounce,$40.00,,,[],THC 32.8%,CBD —,Indica,"Platinum Kush, also known as ""Platinum Kush OG,"" is an indica marijuana strain made by crossing OG Kush with Afghani. This strain takes on a platinum-silver shade due to its thick coat of crystal resin. With purple hues and bright orange hairs, its buds grow dense with a sweet fruity and hashy aroma. The buzz from Platinum Kush has been described as strongly cerebral and body-numbing.",4.3,769.0,"['EXCLUSIVE BLACK RUNTZ | Hybrid', 'HEAD STASH | Indica', 'ICE CREAM CAKE | Indica', 'RIANBOW SHERBET | Hybrid', 'BLUE COOKIES | Indica Hybrid', 'CANDY RUNTZ ', 'Ice Cream Float', 'HOUSE | PRE ROLL | 1g']",['KING LOUIE | Indica'],,2022.10.21,Simply Green Delivery
18,https://www.leafly.com/dispensary-info/simply-green-by-sierra-green/p/617491220/king-louie--indica?variant=1127516792,KING LOUIE | Indica,Indica flower,Flower,Golden State Cana,"https://leafly-public.imgix.net/menu/zTpUU3CQSrWtxDLXETAV_king%20louis.jpg?auto=compress,format&w=450&dpr=2",⅛ ounce,$65.00,,,[],THC 32.0%,CBD —,Indica,KING LOUIE | 3.5g | INDICA,4.6,966.0,"['CANDY RUNTZ ', 'Ice Cream Float', 'EXCLUSIVE BLACK RUNTZ | Hybrid', 'HEAD STASH | Indica', 'ICE CREAM CAKE | Indica', 'GRANDDADDY PURP | Indica', 'Italian Ice', 'LEMON CHERRY GELATO | Hybrid']",['PLATINUM OG KUSH | INDICA | 3.5g'],"King Louis XIII, also known as ""King Louis,"" ""Louis XIII Kush"" is an indica marijuana strain made by crossing OG Kush with LA Confidential. It's namesake might be most famous for making wigs on men de rigeur for the French aristocracy, but in Southern California the name will bring to mind a popular indica-dominant strain. This strain announces itself as many people did in the 1600s: by its smell. The difference is this monarch’s odor is one that’s meant to be enjoyed; its dense nugs have an overwhelmingly piney smell with an earthy musk that will have you thinking of your last forest adventure. Because of its OG Kush, heritage Louis XIII has a very similar spicy kush aroma.  Questions about King Louis strain    Is King Louis an indica or sativa?   King Louis is an indica.   How does King Louis make you feel?   King Louis makes you feel relaxed, sleepy, and happy.   How does King Louis taste?   King Louis tastes earthy like pine and is pungent.   What terpenes are in King Louis?   King Louis features limonene as the dominant terpene.    What strains are similar to King Louis?   Strains similar to King Louis include Gummiez, Holy Grail Kush, Khalifa Kush, and Pineapple Preserves.",2022.10.21,Simply Green Delivery
19,https://www.leafly.com/dispensary-info/simply-green-by-sierra-green/p/615754864/sour-berry-caviar?variant=1019158647,Sour Berry Caviar,Concentrate,Concentrate,Voyager,"https://leafly-public.imgix.net/menu/DlU6QNPSLeqKPGnCfAIW_Screen%20Shot%202021-11-10%20at%2012.24.59%20AM.png?auto=compress,format&w=450&dpr=2",1 gram,$30.00,,,[],THC 77.2%,CBD —,Hybrid,"SOUR BERRY

Strain: Sour Berry

Taste: Berry, Citrus, Fruity

Feeling: Energized, Refreshed, Focused

Description: Caviar is for our flavor connoisseurs. This concentrate is full of flavor and will leave you with a cerebral and invigorating high. ",4.7,32.0,"['SOUR BERRY | BADDER | 1g', 'SOUR BERRY | LIVE RESIN CART | 1g', 'PURPLE PUNCH | BADDER | 1g', 'STRAWBERRY BANANA | BADDER | 1g', 'ANIMAL MINTZ | BADDER | 1g', 'WATERMELON ZKITTLES | BADDER | 1g', 'SOUR BERRY LIVE RESIN CART 1g', 'WEDDING CAKE | BADDER | 1g']",[],,2022.10.21,Simply Green Delivery
20,https://www.leafly.com/dispensary-info/simply-green-by-sierra-green/p/615755416/purple-punch--badder--1g?variant=1019196626,PURPLE PUNCH | BADDER | 1g,Concentrate,Concentrate,Voyager,"https://leafly-public.imgix.net/menu/oKyBbOHTIOKyT7QlzCMP_Screen%20Shot%202022-05-01%20at%2010.49.46%20PM.png?auto=compress,format&w=450&dpr=2",1 gram,$35.00,,,[],THC 87.0%,CBD —,Indica,PURPLE PUNCH | BADDER | 1g,4.6,1491.0,"['SOUR BERRY | BADDER | 1g', 'STRAWBERRY BANANA | BADDER | 1g', 'ANIMAL MINTZ | BADDER | 1g', 'WATERMELON ZKITTLES | BADDER | 1g', 'WEDDING CAKE | BADDER | 1g', 'Sour Berry Caviar', 'ICE CREAM CAKE | BADDER | 1g', 'PURPLE PUNCH | Indica']",[],"Purple Punch is the sweet and sedating union of two indica-dominant classics. By breeding Larry OG with Granddaddy Purple, the astonishing trichome laden Purple Punch was born, smelling of grape candy, blueberry muffins, and tart Kool-Aid. The potency of this strain gives the consumer a one-two punch to the head and body, initially landing between the eyes and settling down into the limbs. Purple Punch is a delicious dessert strain that is best suited for after dinner. Its effects may help with managing nausea, stress, minor body aches, and sleeplessness.",2022.10.21,Simply Green Delivery
21,https://www.leafly.com/dispensary-info/simply-green-by-sierra-green/p/614924176/strawberry-banana--badder--1g?variant=968110659,STRAWBERRY BANANA | BADDER | 1g,Concentrate,Concentrate,Voyager,"https://leafly-public.imgix.net/menu/gFdJFMNRHmKEhXbaXQne_Screen%20Shot%202022-05-01%20at%2010.49.46%20PM.png?auto=compress,format&w=450&dpr=2",1 gram,$35.00,,,[],THC 87.0%,CBD —,Hybrid,"PAPAYA (Sativa)

Strain: Strawberry Banana

Taste: Tropical, Fruity, hint of spice

Feeling: Relaxed, Chill, Mellow",4.5,660.0,"['SOUR BERRY | BADDER | 1g', 'PURPLE PUNCH | BADDER | 1g', 'ANIMAL MINTZ | BADDER | 1g', 'WATERMELON ZKITTLES | BADDER | 1g', 'WEDDING CAKE | BADDER | 1g', 'Sour Berry Caviar', 'ICE CREAM CAKE | BADDER | 1g', '1:1 TINCTURE, 15ML']",[],,2022.10.21,Simply Green Delivery
22,https://www.leafly.com/dispensary-info/simply-green-by-sierra-green/p/615755196/watermelon-zkittles--badder--1g?variant=1019180933,WATERMELON ZKITTLES | BADDER | 1g,Concentrate,Concentrate,Voyager,"https://leafly-public.imgix.net/menu/K2D7GwRERfSS0ER0p7T3_Screen%20Shot%202022-05-01%20at%2010.49.46%20PM.png?auto=compress,format&w=450&dpr=2",1 gram,$35.00,,,[],THC 85.1%,CBD —,Indica,WATERMELON ZKITTLES | BADDER | 1g,4.5,113.0,"['SOUR BERRY | BADDER | 1g', 'PURPLE PUNCH | BADDER | 1g', 'STRAWBERRY BANANA | BADDER | 1g', 'ANIMAL MINTZ | BADDER | 1g', 'WEDDING CAKE | BADDER | 1g', 'ICE CREAM CAKE | BADDER | 1g', 'Sour Berry Caviar', '1:1 TINCTURE, 15ML']",[],,2022.10.21,Simply Green Delivery
23,https://www.leafly.com/dispensary-info/simply-green-by-sierra-green/p/617672349/ice-cream-cake--badder--1g?variant=1144816336,ICE CREAM CAKE | BADDER | 1g,Concentrate,Concentrate,Voyager,"https://leafly-public.imgix.net/menu/tOOTc19HSRW2ScjBxYo3_Screen%20Shot%202022-05-01%20at%2010.49.46%20PM.png?auto=compress,format&w=450&dpr=2",1 gram,$35.00,,,[],THC 84.0%,CBD —,Indica,ICE CREAM CAKE | BADDER | 1g,4.6,1009.0,"['SOUR BERRY | BADDER | 1g', 'PURPLE PUNCH | BADDER | 1g', 'STRAWBERRY BANANA | BADDER | 1g', 'ANIMAL MINTZ | BADDER | 1g', 'WATERMELON ZKITTLES | BADDER | 1g', 'WEDDING CAKE | BADDER | 1g', 'Sour Berry Caviar', 'ICE CREAM CAKE | Indica']",[],"Ice Cream Cake is an indica marijuana strain made by crossing Wedding Cake with Gelato #33. This strain offers sedating effects that leave your mind and body completely relaxed. Ice Cream Cake features a creamy flavor profile with sweet hints of vanilla and sugary dough. This strain is reported by medical marijuana patients and consumers to have calming effects that help with pain, sleep, and anxiety. Ice Cream Cake weed is ideal for night time use when you have nothing important to do except watch TV and fall asleep. Growers say this strain has light green and purple buds that are completely flushed with icy trichomes.    Ice Cream Cake Growing Info Ice Cream Cake is a popular strain choice for both intermediate and advanced growers. This strain can be grown indoors and outdoors. You can expect a flowering time of 8-9 weeks. Ice Cream Cake weed offers a large yield and tends to grow medium-tall.",2022.10.21,Simply Green Delivery
24,https://www.leafly.com/dispensary-info/simply-green-by-sierra-green/p/615755845/11-tincture-15ml?variant=1019222051,"1:1 TINCTURE, 15ML",Concentrate,Concentrate,Care By Design,"https://leafly-public.imgix.net/products/photos/8R3KEatLQ8uRiRyFk7Ah_1-1_30ml-Drops.png?auto=compress,format&w=450&dpr=2",each,$75.00,,,[],THC 100.0mg,CBD 100.0mg,,"Full spectrum CBD:THC drops, fortified with cannabinoid acids to amplify healing. Includes CBD, THC, CBDA, THCA, and a proprietary blend of aromatic cannabis terpenes. Measured dropper for flexible dosing. 40mg cannabinoids per milliliter. The 1:1 is a perfect balance of CBD and THC. Great for nighttime use. Also available in 30ml bottle.",,,"['1:1 GUMMIES | RASPBERRY', 'SOUR BERRY | BADDER | 1g', 'PURPLE PUNCH | BADDER | 1g', 'STRAWBERRY BANANA | BADDER | 1g', 'ANIMAL MINTZ | BADDER | 1g', 'WATERMELON ZKITTLES | BADDER | 1g', 'WEDDING CAKE | BADDER | 1g', 'Sour Berry Caviar']",[],,2022.10.21,Simply Green Delivery
25,https://www.leafly.com/dispensary-info/simply-green-by-sierra-green/p/614915380/sour-berry--badder--1g?variant=967583521,SOUR BERRY | BADDER | 1g,Concentrate,Concentrate,Voyager,"https://leafly-public.imgix.net/menu/9iUrGFeHSRyNocAzK5F1_Screen%20Shot%202022-05-01%20at%2010.49.46%20PM.png?auto=compress,format&w=450&dpr=2",1 gram,$35.00,,,[],THC 84.2%,CBD —,Hybrid,"Sour Berry (sativa)

Badder",4.7,32.0,"['Sour Berry Caviar', 'SOUR BERRY | LIVE RESIN CART | 1g', 'PURPLE PUNCH | BADDER | 1g', 'STRAWBERRY BANANA | BADDER | 1g', 'ANIMAL MINTZ | BADDER | 1g', 'WATERMELON ZKITTLES | BADDER | 1g', 'SOUR BERRY LIVE RESIN CART 1g', 'WEDDING CAKE | BADDER | 1g']",[],"Created by Humboldt Seed Organization by crossing Blueberry with Sour Diesel #2, Sour Blueberry is a sativa-dominant hybrid with dense buds covered in orange hairs. The enticing aroma is accompanied by a taste of wild berries and citrus fruit, and the high is often described as cerebral and invigorating.",2022.10.21,Simply Green Delivery
26,https://www.leafly.com/dispensary-info/simply-green-by-sierra-green/p/614925095/animal-mintz--badder--1g?variant=968118977,ANIMAL MINTZ | BADDER | 1g,Concentrate,Concentrate,Voyager,"https://leafly-public.imgix.net/menu/kzifJEu9Rg6InmY2KeYS_Screen%20Shot%202022-05-01%20at%2010.49.46%20PM.png?auto=compress,format&w=450&dpr=2",1 gram,$35.00,,,[],THC 82.0%,CBD —,Hybrid,ANIMAL MINTZ | BADDER | 1g,4.5,135.0,"['SOUR BERRY | BADDER | 1g', 'PURPLE PUNCH | BADDER | 1g', 'STRAWBERRY BANANA | BADDER | 1g', 'WATERMELON ZKITTLES | BADDER | 1g', 'WEDDING CAKE | BADDER | 1g', 'Sour Berry Caviar', 'ICE CREAM CAKE | BADDER | 1g', '1:1 TINCTURE, 15ML']",[],,2022.10.21,Simply Green Delivery
27,https://www.leafly.com/dispensary-info/simply-green-by-sierra-green/p/614915611/wedding-cake--badder--1g?variant=967586714,WEDDING CAKE | BADDER | 1g,Concentrate,Concentrate,Voyager,"https://leafly-public.imgix.net/menu/WqodPo9rTQcxowY6w0aj_Screen%20Shot%202022-05-01%20at%2010.49.46%20PM.png?auto=compress,format&w=450&dpr=2",1 gram,$35.00,,,[],THC 84.0%,CBD —,Hybrid,WEDDING CAKE | BADDER | 1g,4.6,2061.0,"['SOUR BERRY | BADDER | 1g', 'PURPLE PUNCH | BADDER | 1g', 'STRAWBERRY BANANA | BADDER | 1g', 'ANIMAL MINTZ | BADDER | 1g', 'WATERMELON ZKITTLES | BADDER | 1g', 'WHITE PLUM | LIVE RESIN CART | 1g', 'Sour Berry Caviar', 'ICE CREAM CAKE | BADDER | 1g']",[],"Wedding Cake, also known as ""Triangle Mints #23,"" is a potent type of indica-hybrid marijuana strain made by crossing Triangle Kush with Animal Mints. Fun fact: In Canada, this strain is known as Pink Cookies. The Wedding Cake strain provides relaxing and euphoric effects that calm the body and mind. This strain yields a rich and tangy flavor profile with undertones of earthy pepper. Medical marijuana patients choose Wedding Cake to help relieve symptoms associated with pain, insomnia and appetite loss. Consumers with a low THC tolerance should enjoy this strain with an extra slice of care due to its high THC content. Wedding Cake has soared in popularity over the years and was named Leafly Strain of the Year in 2019.Wedding Cake growing info Wedding Cake is a popular strain choice for both intermediate and advanced growers. This strain can be grown indoors and outdoors. You can expect a flowering time of 7-9 weeks. When grown outside, Wedding Cake will finish between September through October. This strain offers  an average yield.",2022.10.21,Simply Green Delivery
28,https://www.leafly.com/dispensary-info/simply-green-by-sierra-green/p/617847783/kanha-bliss-watermelon-hybrid?variant=1159424858,Kanha Bliss Watermelon (HYBRID),Edible,Edible,Kanha Gummies,"https://leafly-public.imgix.net/products/photos/9moCwxD1SHaA4xzM8H3g_Kanha%20-%20Watermelon_Hybrid_Pkg%20%20Gummies.jpg?auto=compress,format&w=450&dpr=2",each,$17.60,reg $22.00,20% off,[],THC 100.0mg,CBD —,Indica,"10 pieces x 10mg/gummy = 100mg/bag
Kanha gummies are made with all-natural ingredients, coloring, and flavoring. Each gummy is infused with the highest quality cannabis oils to provide the most consistent, safe experience on the market. Our Watermelon gummies are refreshingly juicy and made with hybrid terpenes, which will put you somewhere in the middle of uplifted and relaxed.",4.4,302.0,"['PINEAPPLE (SATIVA)', 'Kanha NANO Galactic Grape (INDICA)', 'Kanha NANO Cran-Pomagranate (SATIVA)', '1:1 GUMMIES | RASPBERRY', 'Lucious Lemon Vegan (Sativa)', 'Kanha NANO Keylime (HYBRID)', 'All-Natural Gummies Tangie (SATIVA)', 'All-Natural Gummies Strawberry']",[],,2022.10.21,Simply Green Delivery
29,https://www.leafly.com/dispensary-info/simply-green-by-sierra-green/p/615754475/kanha-nano-cran-pomagranate-sativa?variant=1019138564,Kanha NANO Cran-Pomagranate (SATIVA),Edible,Edible,Kanha Gummies,"https://leafly-public.imgix.net/products/photos/VqmYCmjLQUWzVJai066F_Kanha%20Nano%20-%20Cran-Pomegranate%20Punch_Sativa_Pkg%20%20Gummies.jpg?auto=compress,format&w=450&dpr=2",each,$20.00,reg $25.00,20% off,[],THC 100.0mg,CBD —,Hybrid,"20 pieces x 5mg/gummy = 100mg/bag
Kanha Nano utilizes nanomolecular technology to create the first fast-acting gummies in the industry. We take our award-winning, great-tasting gummies and infuse them with cannabinoid particles smaller than a wavelength of light, which increases the speed and amount that enters into your bloodstream. Our Cran-Pomegranate Punch gummies are tart yet sweet and made with sativa terpenes, which induce a stimulating and uplifting state of mind. And with only 5mg of THC per gummy and an average of 10-20 minutes for onset, these are the perfect gummy for micro-dosing.",5.0,1.0,"['Kanha NANO Galactic Grape (INDICA)', 'Lucious Lemon Vegan (Sativa)', 'Kanha NANO Keylime (HYBRID)', 'Kanha Bliss Watermelon (HYBRID)', 'PINEAPPLE (SATIVA)', '1:1 GUMMIES | RASPBERRY', 'La Familia -Mexican Style Hot Chocolate 100mg', 'All-Natural Gummies Tangie (SATIVA)']",[],,2022.10.21,Simply Green Delivery
30,https://www.leafly.com/dispensary-info/simply-green-by-sierra-green/p/618803469/pineapple-sativa?variant=1241446101,PINEAPPLE (SATIVA),Edible,Edible,Kanha Gummies,"https://leafly-public.imgix.net/products/photos/MgCR5oZQLSqp1c9r2mNO_Kanha%20-%20Pineapple_Sativa_Pkg%20%20Gummies.jpg?auto=compress,format&w=450&dpr=2",each,$20.00,reg $25.00,20% off,[],THC 100.0mg,CBD —,Hybrid,"10 pieces x 10mg/gummy = 100mg/bag
Kanha gummies are made with all-natural ingredients, coloring, and flavoring. Each gummy is infused with the highest quality cannabis oils to provide the most consistent, safe experience on the market. Our Pineapple gummies are satisfyingly sweet and made with sativa terpenes, which induce a stimulating and uplifting state of mind.",4.2,537.0,"['Kanha Bliss Watermelon (HYBRID)', 'Kanha NANO Galactic Grape (INDICA)', 'Kanha NANO Cran-Pomagranate (SATIVA)', '1:1 GUMMIES | RASPBERRY', 'Lucious Lemon Vegan (Sativa)', 'All-Natural Gummies Tangie (SATIVA)', 'All-Natural Gummies Strawberry', 'Kanha NANO Keylime (HYBRID)']",[],,2022.10.21,Simply Green Delivery
31,https://www.leafly.com/dispensary-info/simply-green-by-sierra-green/p/617847498/11-gummies--raspberry?variant=1159407714,1:1 GUMMIES | RASPBERRY,Edible,Edible,Care By Design,"https://leafly-public.imgix.net/products/photos/WPVsa4drQSaaIb6yxBK4_1200x1200_Care_By_Design___1_1_CBD_Raspberry_Gummies_20CT.png?auto=compress,format&w=450&dpr=2",each,$16.00,reg $20.00,20% off,[],THC 10.0mg,CBD 10.0mg,,"A fresh burst of sweetness with tart undertones and floral afternotes. Equal parts CBD and THC, this treat is perfect for soothing post-workout aches and pains or supporting a restful night’s sleep. Vegan, gluten-free. No artificial flavors or colors. 10mg CBD + 10mg THC per serving. Also available in a sample size.",,,"['Kanha Bliss Watermelon (HYBRID)', 'PINEAPPLE (SATIVA)', 'All-Natural Gummies Tangie (SATIVA)', 'All-Natural Gummies Strawberry', 'All-Natural Gummies Mixed Berry (HYBRID)', 'Kanha NANO Galactic Grape (INDICA)', 'Kanha NANO Cran-Pomagranate (SATIVA)', 'La Familia -Mexican Style Hot Chocolate 100mg']",[],,2022.10.21,Simply Green Delivery
32,https://www.leafly.com/dispensary-info/simply-green-by-sierra-green/p/618803817/la-familia--mexican-style-hot-chocolate-100mg?variant=1241468470,La Familia -Mexican Style Hot Chocolate 100mg,Edible,Edible,Product of Los Angeles,"https://leafly-public.imgix.net/menu/hne00XAZSqx0FP37z8ek_Screen%20Shot%202022-06-22%20at%2011.05.45%20AM.png?auto=compress,format&w=450&dpr=2",each,$17.60,reg $22.00,20% off,[],THC 100.0mg,CBD —,,"Curl up a bar of our creamy Mexican Style Hot Chocolate that’s perfectly infused with premium grade cannabis. Unlike hot chocolate, this chocolate bar is great any time of year. What makes it reminiscent of hot chocolate is this artisanal recipe’s low melting point, meaning every bite turns into a rich chocolatey cream right on the tip of your tongue. So, you get that same homey calm vibe without needing a single ounce of boiling water. This bar in particular tastes a lot like Christmas in your mouth with its grainy cinnamon undertones in a recipe that that dates all the way back to the Aztecs. Your spirits aren’t the only thing that will be high with this fantastic bar!",,,"['La Familia -White Chocolate Mazapan 100mg', 'Kanha Bliss Watermelon (HYBRID)', 'Kanha NANO Galactic Grape (INDICA)', 'PINEAPPLE (SATIVA)', 'Kanha NANO Cran-Pomagranate (SATIVA)', '1:1 GUMMIES | RASPBERRY', 'Lucious Lemon Vegan (Sativa)', 'All-Natural Gummies Tangie (SATIVA)']",[],,2022.10.21,Simply Green Delivery
33,https://www.leafly.com/dispensary-info/simply-green-by-sierra-green/p/618803882/la-familia--white-chocolate-mazapan-100mg?variant=1241472907,La Familia -White Chocolate Mazapan 100mg,Edible,Edible,Product of Los Angeles,"https://leafly-public.imgix.net/menu/KQJFj6JUSBCGz5n5rT6W_Screen%20Shot%202022-06-22%20at%2011.05.19%20AM.png?auto=compress,format&w=450&dpr=2",each,$17.60,reg $22.00,20% off,[],THC 100.0mg,CBD —,Hybrid,"Buttery smooth with just a hint of almond goodness, our Marzapan chocolate is all of your childhood memories in a grown-up cannabis-infused package. The delicious mix of sugar, honey, and ground almonds is a versatile, worldly treat that is a staple in cultures around the globe. This simple candy is known to take many shapes and forms, from little edible animals and fruits to wedding cake toppers. Marzapan gets a make-over here in chocolate-bar form to give you a perfect, global take on a classic edible.",3.8,12.0,"['La Familia -Mexican Style Hot Chocolate 100mg', 'Kanha Bliss Watermelon (HYBRID)', 'Kanha NANO Galactic Grape (INDICA)', 'PINEAPPLE (SATIVA)', 'Kanha NANO Cran-Pomagranate (SATIVA)', 'Lucious Lemon Vegan (Sativa)', 'Kanha NANO Keylime (HYBRID)', '1:1 GUMMIES | RASPBERRY']",[],,2022.10.21,Simply Green Delivery
34,https://www.leafly.com/dispensary-info/simply-green-by-sierra-green/p/618803538/lucious-lemon-vegan-sativa?variant=1241450190,Lucious Lemon Vegan (Sativa),Edible,Edible,Kanha Gummies,"https://leafly-public.imgix.net/products/photos/5kx0ZiuYQpO2n6rC9OSc_Kanha%20Nano%20Vegan%20-%20Luscious%20Lemon_Sativa_Pkg%20%20Gummies.jpg?auto=compress,format&w=450&dpr=2",each,$20.00,reg $25.00,20% off,[],THC 100.0mg,CBD —,Hybrid,"10 pieces x 10mg/gummy = 100mg/bag
Kanha Nano Vegan utilizes nanomolecular technology with a vegan base to create delicious, fast-acting gummies that maintain our signature soft texture. With cannabinoid particles smaller than a wavelength of light, it only takes 10-20 minutes on average to onset. Our Luscious Lemon gummies are tart yet sweet and made with sativa terpenes, which induce a stimulating and uplifting state of mind.",4.4,25.0,"['Kanha NANO Galactic Grape (INDICA)', 'Kanha NANO Cran-Pomagranate (SATIVA)', 'Kanha NANO Keylime (HYBRID)', 'Kanha Bliss Watermelon (HYBRID)', 'PINEAPPLE (SATIVA)', 'La Familia -Mexican Style Hot Chocolate 100mg', '1:1 GUMMIES | RASPBERRY', 'All-Natural Gummies Strawberry']",[],,2022.10.21,Simply Green Delivery
35,https://www.leafly.com/dispensary-info/simply-green-by-sierra-green/p/615756120/all-natural-gummies-tangie-sativa?variant=1019236461,All-Natural Gummies Tangie (SATIVA),Edible,Edible,ABX AbsoluteXtracts,"https://leafly-public.imgix.net/products/photos/ZPFZpBJfTGYaVbe6KxYP_ABX_GUMMIES_20CT_TANGIE.png?auto=compress,format&w=450&dpr=2",each,$20.00,reg $25.00,20% off,[],THC 100.0mg,CBD —,Sativa,"A delicious combination of tangerine, orange, and skunk that stimulates the palette and the mind. Made with real fruit flavors and real cannabis terpenes for a full body experience. Vegan, gluten-free. 5mg of THC per gummy.  Follow us @absolutextracts for special deals and offers.

Terpenes: Limonene, Beta-Caryophyllene, Myrcene, Linalool, Pinene",4.4,1275.0,"['All-Natural Gummies Strawberry', 'All-Natural Gummies Mixed Berry (HYBRID)', 'Kanha Bliss Watermelon (HYBRID)', 'PINEAPPLE (SATIVA)', '1:1 GUMMIES | RASPBERRY', 'Kanha NANO Galactic Grape (INDICA)', 'Kanha NANO Cran-Pomagranate (SATIVA)', 'La Familia -Mexican Style Hot Chocolate 100mg']",[],,2022.10.21,Simply Green Delivery
36,https://www.leafly.com/dispensary-info/simply-green-by-sierra-green/p/615117760/kanha-nano-galactic-grape-indica?variant=980551716,Kanha NANO Galactic Grape (INDICA),Edible,Edible,Kanha Gummies,"https://leafly-public.imgix.net/products/photos/qQK5HnO2SxGr7cujzfUa_Galactic%20Grape.jpg?auto=compress,format&w=450&dpr=2",each,$20.00,reg $25.00,20% off,[],THC 100.0mg,CBD —,,"10 pieces x 10mg/gummy = 100mg/bag
Kanha Nano utilizes nanomolecular technology to create the first fast-acting gummies in the industry. We take our award-winning, great-tasting gummies and infuse them with cannabinoid particles smaller than a wavelength of light, which increases the speed and amount that enters into your bloodstream. Our Galactic Grape gummies are juicy with a bite and made with indica terpenes, which induce a calm and relaxed state of mind. We’ve supercharged the nano tech in these gummies to be hard-hitting and send you into orbit in only 10-20 minutes.",,,"['Kanha NANO Cran-Pomagranate (SATIVA)', 'Lucious Lemon Vegan (Sativa)', 'Kanha NANO Keylime (HYBRID)', 'Kanha Bliss Watermelon (HYBRID)', 'PINEAPPLE (SATIVA)', 'La Familia -Mexican Style Hot Chocolate 100mg', '1:1 GUMMIES | RASPBERRY', 'All-Natural Gummies Strawberry']",[],,2022.10.21,Simply Green Delivery
37,https://www.leafly.com/dispensary-info/simply-green-by-sierra-green/p/615754551/kanha-nano-keylime-hybrid?variant=1019143737,Kanha NANO Keylime (HYBRID),Edible,Edible,Kanha Gummies,"https://leafly-public.imgix.net/products/photos/LfngqTbSbmHsSZ9G5jVa_Kanha%20Nano%20-%20Sublime%20Key%20Lime_Hybrid_Pkg%20%20Gummies.jpg?auto=compress,format&w=450&dpr=2",each,$20.00,reg $25.00,20% off,[],THC 100.0mg,CBD —,,"20 pieces x 5mg/gummy = 100mg/bag
Kanha Nano utilizes nanomolecular technology to create the first fast-acting gummies in the industry. We take our award-winning, great-tasting gummies and infuse them with cannabinoid particles smaller than a wavelength of light, which increases the speed and amount that enters into your bloodstream. Our Sublime Key Lime gummies are tart and citrusy, and made with hybrid terpenes, which will put you somewhere in the middle of uplifted and relaxed. And with only 5mg of THC per gummy and an average of 10-20 minutes for onset, these are the perfect gummy for micro-dosing.",,,"['Kanha NANO Galactic Grape (INDICA)', 'Kanha NANO Cran-Pomagranate (SATIVA)', 'Lucious Lemon Vegan (Sativa)', 'Kanha Bliss Watermelon (HYBRID)', 'PINEAPPLE (SATIVA)', '1:1 GUMMIES | RASPBERRY', 'La Familia -Mexican Style Hot Chocolate 100mg', 'All-Natural Gummies Tangie (SATIVA)']",[],,2022.10.21,Simply Green Delivery
38,https://www.leafly.com/dispensary-info/simply-green-by-sierra-green/p/615756090/all-natural-gummies-strawberry?variant=1019231349,All-Natural Gummies Strawberry,Edible,Edible,ABX AbsoluteXtracts,"https://leafly-public.imgix.net/products/photos/ESjHXeYVRt2kfHP8IJ9q_ABX_GUMMIES_20CT_STRAWBERRY.png?auto=compress,format&w=450&dpr=2",each,$20.00,reg $25.00,20% off,[],THC 100.0mg,CBD —,Sativa,Reminiscent of a basket of fresh picked strawberries that are still warm from the sun. Both energizing and comforting. Vegan and gluten-free. Made with real fruit flavors. 5mg of THC per gummy. 20 gummies and 100mg of THC per package. Also available in a sample size. Follow us @absolutextracts for special deals and offers.,4.2,197.0,"['All-Natural Gummies Tangie (SATIVA)', 'All-Natural Gummies Mixed Berry (HYBRID)', 'Kanha Bliss Watermelon (HYBRID)', 'PINEAPPLE (SATIVA)', '1:1 GUMMIES | RASPBERRY', 'Kanha NANO Galactic Grape (INDICA)', 'Kanha NANO Cran-Pomagranate (SATIVA)', 'La Familia -Mexican Style Hot Chocolate 100mg']",[],,2022.10.21,Simply Green Delivery
39,https://www.leafly.com/dispensary-info/simply-green-by-sierra-green/p/615756151/all-natural-gummies-mixed-berry-hybrid?variant=1019240342,All-Natural Gummies Mixed Berry (HYBRID),Edible,Edible,ABX AbsoluteXtracts,"https://leafly-public.imgix.net/products/photos/DQI11oToRUWjgm44issF_ABX_GUMMIES_20CT_MIXED_BERRY.png?auto=compress,format&w=450&dpr=2",each,$20.00,reg $25.00,20% off,[],THC 100.0mg,CBD —,,"Late summer flavors of wild blackberries, ripe blueberries, and fresh raspberries combine for a laid back vibe. Vegan and gluten-free. Made with real fruit flavors. 5mg of THC per gummy. 20 gummies and 100mg of THC per package. Also available in a sample size. Follow us @absolutextracts for special deals and offers.",4.5,20.0,"['All-Natural Gummies Tangie (SATIVA)', 'All-Natural Gummies Strawberry', 'Kanha Bliss Watermelon (HYBRID)', 'PINEAPPLE (SATIVA)', '1:1 GUMMIES | RASPBERRY', 'Kanha NANO Galactic Grape (INDICA)', 'Kanha NANO Cran-Pomagranate (SATIVA)', 'La Familia -Mexican Style Hot Chocolate 100mg']",[],,2022.10.21,Simply Green Delivery
40,https://www.leafly.com/dispensary-info/simply-green-by-sierra-green/p/614915378/sour-berry--live-resin-cart--1g?variant=967580187,SOUR BERRY | LIVE RESIN CART | 1g,Cartridge,Cartridge,Voyager,"https://leafly-public.imgix.net/menu/2ODocmrkRAG3NSPMlMPT_Screen%20Shot%202022-01-08%20at%2011.48.49%20AM.png?auto=compress,format&w=450&dpr=2",1 gram,$30.00,,,[],THC 85.5%,CBD —,Hybrid,"SOUR BERRY (indica)
LIVE RESIN CARTRIDGE ",4.7,32.0,"['SOUR BERRY LIVE RESIN CART 1g', 'SOUR BERRY | BADDER | 1g', 'GELATO | LIVE RESIN CART | 1g', 'WHITE PLUM | LIVE RESIN CART | 1g', 'XXX OG | LIVE RESIN CART | 1g', 'Sour Berry Caviar', 'Gelatti | 1g | Cart', 'PURPLE PUNCH | BADDER | 1g']",[],"Created by Humboldt Seed Organization by crossing Blueberry with Sour Diesel #2, Sour Blueberry is a sativa-dominant hybrid with dense buds covered in orange hairs. The enticing aroma is accompanied by a taste of wild berries and citrus fruit, and the high is often described as cerebral and invigorating.",2022.10.21,Simply Green Delivery
41,https://www.leafly.com/dispensary-info/simply-green-by-sierra-green/p/614915368/xxx-og--live-resin-cart--1g?variant=967569282,XXX OG | LIVE RESIN CART | 1g,Cartridge,Cartridge,Voyager,"https://leafly-public.imgix.net/menu/2ODocmrkRAG3NSPMlMPT_Screen%20Shot%202022-01-08%20at%2011.48.49%20AM.png?auto=compress,format&w=450&dpr=2",1 gram,$30.00,,,[],THC 86.6%,CBD —,Indica,"XXX OG (indica)

LIVE RESIN CARTRIDGE ",4.5,311.0,"['SOUR BERRY LIVE RESIN CART 1g', 'GELATO | LIVE RESIN CART | 1g', 'SOUR BERRY | LIVE RESIN CART | 1g', 'WHITE PLUM | LIVE RESIN CART | 1g', 'Gelatti | 1g | Cart', 'SOUR BERRY | BADDER | 1g', 'PURPLE PUNCH | BADDER | 1g', 'STRAWBERRY BANANA | BADDER | 1g']",[],,2022.10.21,Simply Green Delivery
42,https://www.leafly.com/dispensary-info/simply-green-by-sierra-green/p/615726364/white-plum--live-resin-cart--1g?variant=1017271758,WHITE PLUM | LIVE RESIN CART | 1g,Cartridge,Cartridge,Voyager,"https://leafly-public.imgix.net/menu/oZL8tCI9TMeAX6qmWpCB_Screen%20Shot%202022-01-08%20at%2011.48.49%20AM.png?auto=compress,format&w=450&dpr=2",1 gram,$30.00,,,[],THC 88.0%,CBD —,Hybrid,"Wedding Cake, also known as Pink Cookies, is a rare phenotype created by Seed Junky Genetics when the breeder crossed a mother Triangle Kush with Animal Mints pollen. The L.A. based Jungle Boys named Wedding Cake because of its sparkling resin and vanilla cake frosting aroma.",4.6,2061.0,"['SOUR BERRY | LIVE RESIN CART | 1g', 'SOUR BERRY LIVE RESIN CART 1g', 'GELATO | LIVE RESIN CART | 1g', 'WEDDING CAKE | BADDER | 1g', 'XXX OG | LIVE RESIN CART | 1g', 'Gelatti | 1g | Cart', 'Big Chief 1g Carts', 'SOUR BERRY | BADDER | 1g']",[],,2022.10.21,Simply Green Delivery
43,https://www.leafly.com/dispensary-info/simply-green-by-sierra-green/p/614915372/gelato--live-resin-cart--1g?variant=967570572,GELATO | LIVE RESIN CART | 1g,Cartridge,Cartridge,Voyager,"https://leafly-public.imgix.net/menu/2ODocmrkRAG3NSPMlMPT_Screen%20Shot%202022-01-08%20at%2011.48.49%20AM.png?auto=compress,format&w=450&dpr=2",1 gram,$40.00,,,[],THC 85.2%,CBD —,Hybrid,"GELATO (hybrid)

LIVE RESIN CARTRIDGE ",4.6,2202.0,"['SOUR BERRY | LIVE RESIN CART | 1g', 'WHITE PLUM | LIVE RESIN CART | 1g', 'SOUR BERRY LIVE RESIN CART 1g', 'XXX OG | LIVE RESIN CART | 1g', 'Gelatti | 1g | Cart', 'SOUR BERRY | BADDER | 1g', 'PURPLE PUNCH | BADDER | 1g', 'STRAWBERRY BANANA | BADDER | 1g']",[],"Gelato, also known as ""Larry Bird"" and ""Gelato #42"" is an evenly-balanced hybrid marijuana strain made from a crossing of Sunset Sherbet and Thin Mint Girl Scout Cookies. With its balance of indica &amp; sativa, this strain produces a euphoric high accompanied by strong feelings of relaxation. Consumers who have smoked Gelato say the effects of the strain come on quickly. You'll be left feeling numb to pain, relaxed, but mentally stimulated and productive. As far as potency goes, Gelato boasts a THC level of 17%, making it an ideal choice for medical marijuana patients seeking relief for pain, fatigue, and insomnia. Novice consumers may want to approach this THC powerhouse with caution, but those armed with a high THC tolerance will delight in the heavy-handed effects this strain offers. In terms of taste, Gelato is sweet and features fruity and creamy flavors and aromas. According to growers, this strain produces buds that bloom in dark purple hues and are illuminated by fiery orange hairs and a shiny white coating of crystal resin. The average price per gram of Gelato is $12. Because Gelato has reached a ledgandery status among cannabis connoisseurs, it comes as no surprise it's been used to make a variety of other high-quality Gelato strains, including Gelato #3, Gelato #33, Gelato #41, and Gelato #45.",2022.10.21,Simply Green Delivery
44,https://www.leafly.com/dispensary-info/simply-green-by-sierra-green/p/614915366/sour-berry-live-resin-cart-1g?variant=967566541,SOUR BERRY LIVE RESIN CART 1g,Cartridge,Cartridge,Voyager,"https://leafly-public.imgix.net/menu/2ODocmrkRAG3NSPMlMPT_Screen%20Shot%202022-01-08%20at%2011.48.49%20AM.png?auto=compress,format&w=450&dpr=2",1 gram,$30.00,,,[],THC 84.2%,CBD —,Hybrid,"SOUR BERRY (sativa)

LIVE RESIN CARTRIDGE",4.7,32.0,"['SOUR BERRY | LIVE RESIN CART | 1g', 'WHITE PLUM | LIVE RESIN CART | 1g', 'SOUR BERRY | BADDER | 1g', 'GELATO | LIVE RESIN CART | 1g', 'XXX OG | LIVE RESIN CART | 1g', 'Sour Berry Caviar', 'Gelatti | 1g | Cart', 'Big Chief 1g Carts']",[],"Created by Humboldt Seed Organization by crossing Blueberry with Sour Diesel #2, Sour Blueberry is a sativa-dominant hybrid with dense buds covered in orange hairs. The enticing aroma is accompanied by a taste of wild berries and citrus fruit, and the high is often described as cerebral and invigorating.",2022.10.21,Simply Green Delivery
45,https://www.leafly.com/dispensary-info/simply-green-by-sierra-green/p/618118830/horchata--1g--cart?variant=1180914322,Horchata | 1g | Cart,Cartridge,Cartridge,Pow Wow,"https://leafly-public.imgix.net/menu/4pkMMwBMT2mwu2kbIDSz_Screen%20Shot%202022-05-20%20at%202.21.43%20PM.png?auto=compress,format&w=450&dpr=2",1 gram,$30.00,,,[],THC 80.0%,CBD —,Hybrid,"Horchata | 1g | Cart

Hybrid",4.7,62.0,"['Gelatti | 1g | Cart', 'SOUR BERRY LIVE RESIN CART 1g', 'GELATO | LIVE RESIN CART | 1g', 'SOUR BERRY | LIVE RESIN CART | 1g', 'WHITE PLUM | LIVE RESIN CART | 1g', 'Big Chief 1g Carts', 'XXX OG | LIVE RESIN CART | 1g', 'CANDY RUNTZ ']",[],,2022.10.21,Simply Green Delivery
46,https://www.leafly.com/dispensary-info/simply-green-by-sierra-green/p/618118786/gelatti--1g--cart?variant=1180911019,Gelatti | 1g | Cart,Cartridge,Cartridge,Pow Wow,"https://leafly-public.imgix.net/menu/cXtXEq9TFiFYgGIutsNQ_Screen%20Shot%202022-05-20%20at%202.21.28%20PM.png?auto=compress,format&w=450&dpr=2",1 gram,$30.00,,,[],THC 80.0%,CBD —,Hybrid,"Gelatti | 1g | Cart

Sativa",4.6,68.0,"['Horchata | 1g | Cart', 'SOUR BERRY LIVE RESIN CART 1g', 'GELATO | LIVE RESIN CART | 1g', 'SOUR BERRY | LIVE RESIN CART | 1g', 'WHITE PLUM | LIVE RESIN CART | 1g', 'Big Chief 1g Carts', 'XXX OG | LIVE RESIN CART | 1g', 'CANDY RUNTZ ']",[],,2022.10.21,Simply Green Delivery
47,https://www.leafly.com/dispensary-info/simply-green-by-sierra-green/p/617491223/big-chief-1g-carts?variant=1127518962,Big Chief 1g Carts,Cartridge,Cartridge,Big Chief,"https://leafly-public.imgix.net/menu/LZtLHdDRgKOtidc9amAW_big%20chief%20cart%201.png?auto=compress,format&w=450&dpr=2",1 gram,$35.00,,,[],THC 89.0%,CBD —,Hybrid,"Big Chief 1g Carts, Cartridge - THC 89%",4.5,22.0,"['Gelatti | 1g | Cart', 'SOUR BERRY | LIVE RESIN CART | 1g', 'GELATO | LIVE RESIN CART | 1g', 'WHITE PLUM | LIVE RESIN CART | 1g', 'SOUR BERRY LIVE RESIN CART 1g', 'Horchata | 1g | Cart', 'XXX OG | LIVE RESIN CART | 1g', 'CANDY RUNTZ ']",[],,2022.10.21,Simply Green Delivery
48,https://www.leafly.com/dispensary-info/simply-green-by-sierra-green/p/615729469/house--pre-roll--1g?variant=1017538989,HOUSE | PRE ROLL | 1g,Preroll,PreRoll,Simply Green,"https://leafly-public.imgix.net/menu/cgzBRNKbS6Dyh97v9CW2_joint.jpg?auto=compress,format&w=450&dpr=2",each,$3.75,reg $5.00,25% off,[],THC 24.0%,CBD —,,Indoor Flower Pre Roll Joints | Hybrid | 1g,,,"['HYBRID | Flower PreRoll | 1g', 'OG KUSH | PRE ROLL | 1g', 'HEAD STASH | Indica', 'EXCLUSIVE BLACK RUNTZ | Hybrid', 'ICE CREAM CAKE | Indica', 'Baby Jeeter Infused - Maui Wowie (sativa)', 'Garanimals Pre-Roll 1g', 'CANDIED TANGIEZ | Sativa']",[],,2022.10.21,Simply Green Delivery
49,https://www.leafly.com/dispensary-info/simply-green-by-sierra-green/p/614927229/baby-jeeter-infused---maui-wowie-sativa?variant=1144821686,Baby Jeeter Infused - Maui Wowie (sativa),Preroll,PreRoll,Jeeter,"https://leafly-public.imgix.net/menu/kB6Yq4brSzqbtzTObg6w_Screen%20Shot%202022-01-11%20at%201.15.57%20PM.png?auto=compress,format&w=450&dpr=2",each,$26.25,reg $35.00,25% off,[],THC 35.4%,CBD —,Sativa,"Maui Wowie Baby Jeeter Infused - Five .50g Joints 2.5g | Sativa | 35.43% THC Indoor Grown

Maui Wowie (not Maui Waui) is a classic Sativa whose tropical flavors and stress-relieving qualities will float you straight to the shores of Hawaii where this strain originally comes from. Since its beginnings in the island’s volcanic soil, Maui Wowie has spread across the world to bless us with its sweet pineapple flavors and high-energy euphoria. Lightweight effects allow your mind to drift away to creative escapes, while Maui Wowie’s motivating, active effects may be all you need to get outside and enjoy the sun.",4.3,1656.0,"['Baby Jeeter Infused - Honeydew (sativa)', 'Baby Jeeter Infused - Peach Ringz (indica)', 'Baby Jeeter Infused - Thin Mint Cookies', 'Baby Jeeter Infused - Fire OG', 'Baby Jeeter Infused - Tropicana Cookies', 'Baby Jeeter Infused - Limoncello', 'HOUSE | PRE ROLL | 1g', 'Garanimals Pre-Roll 1g']",[],,2022.10.21,Simply Green Delivery
50,https://www.leafly.com/dispensary-info/simply-green-by-sierra-green/p/615727594/garanimals-pre-roll-1g?variant=1017539289,Garanimals Pre-Roll 1g,Preroll,PreRoll,Theraputic Health,"https://leafly-public.imgix.net/menu/cLpx6AhNQ7yHzmfxPlHk_garanimlas%20pre%20roll.png?auto=compress,format&w=450&dpr=2",each,$7.50,reg $10.00,25% off,[],THC 25.0%,CBD —,Indica,Garanimals Pre Roll | 1g | 25%,4.5,60.0,"['BLUE SHERBERT | PRE ROLL | 1g', 'HOUSE | PRE ROLL | 1g', 'Baby Jeeter Infused - Maui Wowie (sativa)', 'HYBRID | Flower PreRoll | 1g', 'CANDIED TANGIEZ | Sativa', 'ICE MAN | Indica Hybrid', 'PAPAYA| Infused PreRoll | 1g', 'Birthday Cake | Live Resin Infused | 1g Pre-roll ']",[],,2022.10.21,Simply Green Delivery
51,https://www.leafly.com/dispensary-info/simply-green-by-sierra-green/p/618802599/hybrid--flower-preroll--1g?variant=1241407053,HYBRID | Flower PreRoll | 1g,Preroll,PreRoll,Reveur,"https://leafly-public.imgix.net/menu/YH4hpPfsSxiSC61ibvU7_rev.jpg?auto=compress,format&w=450&dpr=2",each,$7.50,reg $10.00,25% off,[],THC 40.0%,CBD —,,"HYBRID | Flower PreRoll | 1g, PreRoll - THC 40%",,,"['HOUSE | PRE ROLL | 1g', 'INDICA | Flower PreRoll | 1g', 'SATIVA | Flower PreRoll | 1g', 'Baby Jeeter Infused - Maui Wowie (sativa)', 'Garanimals Pre-Roll 1g', 'CANDIED TANGIEZ | Sativa', 'ICE MAN | Indica Hybrid', 'PAPAYA| Infused PreRoll | 1g']",[],,2022.10.21,Simply Green Delivery
52,https://www.leafly.com/dispensary-info/simply-green-by-sierra-green/p/618802595/indica--flower-preroll--1g?variant=1241406384,INDICA | Flower PreRoll | 1g,Preroll,PreRoll,Reveur,"https://leafly-public.imgix.net/menu/YH4hpPfsSxiSC61ibvU7_rev.jpg?auto=compress,format&w=450&dpr=2",each,$7.50,reg $10.00,25% off,[],THC 40.0%,CBD —,,"INDICA | Flower PreRoll | 1g, PreRoll - THC 40%",,,"['HYBRID | Flower PreRoll | 1g', 'SATIVA | Flower PreRoll | 1g', 'HOUSE | PRE ROLL | 1g', 'Baby Jeeter Infused - Maui Wowie (sativa)', 'ICE MAN | Indica Hybrid', 'Garanimals Pre-Roll 1g', 'CANDIED TANGIEZ | Sativa', 'PAPAYA| Infused PreRoll | 1g']",[],,2022.10.21,Simply Green Delivery
53,https://www.leafly.com/dispensary-info/simply-green-by-sierra-green/p/618802549/sativa--flower-preroll--1g?variant=1241404473,SATIVA | Flower PreRoll | 1g,Preroll,PreRoll,Reveur,"https://leafly-public.imgix.net/menu/YH4hpPfsSxiSC61ibvU7_rev.jpg?auto=compress,format&w=450&dpr=2",each,$7.50,reg $10.00,25% off,[],THC 40.0%,CBD —,,"SATIVA | Flower PreRoll | 1g, PreRoll - THC 40%",,,"['HYBRID | Flower PreRoll | 1g', 'INDICA | Flower PreRoll | 1g', 'HOUSE | PRE ROLL | 1g', 'Baby Jeeter Infused - Maui Wowie (sativa)', 'Garanimals Pre-Roll 1g', 'CANDIED TANGIEZ | Sativa', 'ICE MAN | Indica Hybrid', 'PAPAYA| Infused PreRoll | 1g']",[],,2022.10.21,Simply Green Delivery
54,https://www.leafly.com/dispensary-info/simply-green-by-sierra-green/p/615755603/superfood--hybrid?variant=1019212842,SUPERFOOD | Hybrid,Preroll,PreRoll,S.F. Cultivators,"https://leafly-public.imgix.net/menu/ypTf1RxBTdePrSDQ3lv0_Screen%20Shot%202022-01-17%20at%2012.28.53%20PM.png?auto=compress,format&w=450&dpr=2",each,$9.00,reg $12.00,25% off,[],THC 27.5%,CBD —,,"SUPERFOOD | Hybrid, PreRoll - THC 27.5%",,,"['CANDIED TANGIEZ | Sativa', 'ICE MAN | Indica Hybrid', 'STAYCATION | Indica Hybrid', 'MAROON BABOON | Hybrid', 'Ice Cream Cake Pre-Rolls', 'HOUSE | PRE ROLL | 1g', 'Baby Jeeter Infused - Maui Wowie (sativa)', 'Garanimals Pre-Roll 1g']",[],,2022.10.21,Simply Green Delivery
55,https://www.leafly.com/dispensary-info/simply-green-by-sierra-green/p/618118128/candied-tangiez--sativa?variant=1180866537,CANDIED TANGIEZ | Sativa,Preroll,PreRoll,S.F. Cultivators,"https://leafly-public.imgix.net/menu/ypTf1RxBTdePrSDQ3lv0_Screen%20Shot%202022-01-17%20at%2012.28.53%20PM.png?auto=compress,format&w=450&dpr=2",each,$11.25,reg $15.00,25% off,[],THC 28.0%,CBD —,,Sativa whole flower pre-roll,,,"['ICE MAN | Indica Hybrid', 'SUPERFOOD | Hybrid', 'STAYCATION | Indica Hybrid', 'MAROON BABOON | Hybrid', 'Ice Cream Cake Pre-Rolls', 'HOUSE | PRE ROLL | 1g', 'Baby Jeeter Infused - Maui Wowie (sativa)', 'Garanimals Pre-Roll 1g']",[],,2022.10.21,Simply Green Delivery
56,https://www.leafly.com/dispensary-info/simply-green-by-sierra-green/p/617847262/birthday-cake--live-resin-infused--1g-pre-roll?variant=1159383678,Birthday Cake | Live Resin Infused | 1g Pre-roll ,Preroll,PreRoll,Ammo,"https://leafly-public.imgix.net/menu/jqCnLvGBTnu0G9R2TvPb_Screen%20Shot%202022-05-09%20at%203.37.08%20PM.png?auto=compress,format&w=450&dpr=2",each,$11.25,reg $15.00,25% off,[],THC 29.0%,CBD —,Hybrid,"Birthday Cake (Indica Hybrid) - 1g Live Resin Infused pre-roll.


Through advanced crystallization techniques, our sauce is refined into a flavorful concentration of cured and live resin terpenes and cannabinoids infused into premium AAA flower. 

Ammo live resin is manufactured in-house by our team at Arcata House of Extracts, in Humboldt County.",4.5,512.0,"['HOUSE | PRE ROLL | 1g', 'Baby Jeeter Infused - Maui Wowie (sativa)', 'Garanimals Pre-Roll 1g', 'PAPAYA| Infused PreRoll | 1g', 'INDICA | Flower PreRoll | 1g', 'HYBRID | Flower PreRoll | 1g', 'CANDIED TANGIEZ | Sativa', 'ICE MAN | Indica Hybrid']",[],,2022.10.21,Simply Green Delivery
57,https://www.leafly.com/dispensary-info/simply-green-by-sierra-green/p/618118058/maroon-baboon--hybrid?variant=1180862292,MAROON BABOON | Hybrid,Preroll,PreRoll,S.F. Cultivators,"https://leafly-public.imgix.net/menu/ypTf1RxBTdePrSDQ3lv0_Screen%20Shot%202022-01-17%20at%2012.28.53%20PM.png?auto=compress,format&w=450&dpr=2",each,$11.25,reg $15.00,25% off,[],THC 27.5%,CBD —,,SF Cultivators | Pre Roll | Maroon Baboon | THC 27%,,,"['CANDIED TANGIEZ | Sativa', 'ICE MAN | Indica Hybrid', 'SUPERFOOD | Hybrid', 'STAYCATION | Indica Hybrid', 'Ice Cream Cake Pre-Rolls', 'HOUSE | PRE ROLL | 1g', 'Baby Jeeter Infused - Maui Wowie (sativa)', 'Garanimals Pre-Roll 1g']",[],,2022.10.21,Simply Green Delivery
58,https://www.leafly.com/dispensary-info/simply-green-by-sierra-green/p/618802461/papaya-infused-preroll--1g?variant=1241399833,PAPAYA| Infused PreRoll | 1g,Preroll,PreRoll,Apex Extracts,"https://leafly-public.imgix.net/menu/i2wE9NNET7GJWxFL3QnU_apex%20pre%20roll.png?auto=compress,format&w=450&dpr=2",each,$11.25,reg $15.00,25% off,[],THC 60.0%,CBD 0.5%,Indica,"Slow down and unwind with Lava Cake. This creamy and sweet Indica dominant hybrid is best enjoyed toward the end of your day. Paired with our potent THCA diamonds, this infused preroll will have you soaring Ease into a sedating euphoric experience with its blissful effects.",4.3,307.0,"['Lava Cake | Infused PreRoll | 1g', 'HOUSE | PRE ROLL | 1g', 'Baby Jeeter Infused - Maui Wowie (sativa)', 'ICE MAN | Indica Hybrid', 'Garanimals Pre-Roll 1g', 'CANDIED TANGIEZ | Sativa', 'INDICA | Flower PreRoll | 1g', 'HYBRID | Flower PreRoll | 1g']",[],,2022.10.21,Simply Green Delivery
59,https://www.leafly.com/dispensary-info/simply-green-by-sierra-green/p/615755680/ice-cream-cake-pre-rolls?variant=1019217004,Ice Cream Cake Pre-Rolls,Preroll,PreRoll,S.F. Cultivators,"https://leafly-public.imgix.net/menu/CzRHhT2oSZGwLXHfbdum_Screen%20Shot%202022-01-17%20at%2012.28.53%20PM.png?auto=compress,format&w=450&dpr=2",each,$11.25,reg $15.00,25% off,[],THC 28.2%,CBD —,Indica,SF Cultivators | Pre Roll | Ice Cream Cake | THC 27%,4.6,1009.0,"['ICE MAN | Indica Hybrid', 'CANDIED TANGIEZ | Sativa', 'STAYCATION | Indica Hybrid', 'SUPERFOOD | Hybrid', 'MAROON BABOON | Hybrid', 'HOUSE | PRE ROLL | 1g', 'Baby Jeeter Infused - Maui Wowie (sativa)', 'ICE CREAM CAKE | Indica']",[],"Ice Cream Cake is an indica marijuana strain made by crossing Wedding Cake with Gelato #33. This strain offers sedating effects that leave your mind and body completely relaxed. Ice Cream Cake features a creamy flavor profile with sweet hints of vanilla and sugary dough. This strain is reported by medical marijuana patients and consumers to have calming effects that help with pain, sleep, and anxiety. Ice Cream Cake weed is ideal for night time use when you have nothing important to do except watch TV and fall asleep. Growers say this strain has light green and purple buds that are completely flushed with icy trichomes.    Ice Cream Cake Growing Info Ice Cream Cake is a popular strain choice for both intermediate and advanced growers. This strain can be grown indoors and outdoors. You can expect a flowering time of 8-9 weeks. Ice Cream Cake weed offers a large yield and tends to grow medium-tall.",2022.10.21,Simply Green Delivery
60,https://www.leafly.com/dispensary-info/simply-green-by-sierra-green/p/617847339/lava-cake--infused-preroll--1g?variant=1159391027,Lava Cake | Infused PreRoll | 1g,Preroll,PreRoll,Apex Extracts,"https://leafly-public.imgix.net/menu/i2wE9NNET7GJWxFL3QnU_apex%20pre%20roll.png?auto=compress,format&w=450&dpr=2",each,$12.75,reg $17.00,25% off,[],THC 52.0%,CBD 0.7%,Hybrid,"Slow down and unwind with Lava Cake. This creamy and sweet Indica dominant hybrid is best enjoyed toward the end of your day. Paired with our potent THCA diamonds, this infused preroll will have you soaring Ease into a sedating euphoric experience with its blissful effects.",4.5,214.0,"['PAPAYA| Infused PreRoll | 1g', 'HOUSE | PRE ROLL | 1g', 'Baby Jeeter Infused - Maui Wowie (sativa)', 'Garanimals Pre-Roll 1g', 'Birthday Cake | Live Resin Infused | 1g Pre-roll ', 'INDICA | Flower PreRoll | 1g', 'HYBRID | Flower PreRoll | 1g', 'CANDIED TANGIEZ | Sativa']",[],,2022.10.21,Simply Green Delivery
61,https://www.leafly.com/dispensary-info/simply-green-by-sierra-green/p/617488408/og-kush--pre-roll--1g?variant=1144822096,OG KUSH | PRE ROLL | 1g,Preroll,PreRoll,Simply Green,"https://leafly-public.imgix.net/menu/xV4kTFFdRmudGUFvpA5w_Pre%20rolls.jpeg?auto=compress,format&w=450&dpr=2",each,$7.50,reg $10.00,25% off,[],THC 24.0%,CBD —,Hybrid,OG KUSH | PRE ROLL | 1g,4.3,5458.0,"['HOUSE | PRE ROLL | 1g', 'EXCLUSIVE BLACK RUNTZ | Hybrid', 'HEAD STASH | Indica', 'Baby Jeeter Infused - Maui Wowie (sativa)', 'ICE CREAM CAKE | Indica', 'ICE MAN | Indica Hybrid', 'Garanimals Pre-Roll 1g', 'CANDIED TANGIEZ | Sativa']",[],"OG Kush, also known as ""Premium OG Kush,"" was first cultivated in Florida in the early ‘90s when a marijuana strain from Northern California was supposedly crossed with Chemdawg, Lemon Thai and a Hindu Kush plant from Amsterdam. The result was a hybrid with a unique terpene profile that boasts a complex aroma with notes of fuel, skunk, and spice. OG often refers to “Original Gangster,” indicating either the strain’s authenticity or intensity.  OG Kush should smell like lemon-pine-fuel with a high-THC, mixed head and body effect. It's often enjoyed in the back half of the day to ease stress.  The genetic backbone of West Coast cannabis varieties, OG Kush arrived in Los Angeles in 1996 when Matt “Bubba” Berger brought it (along with “The Bubba,” which was later used to create the famed Bubba Kush) from Florida to legendary cultivator Josh D. Since then, OG Kush has become a worldwide staple used to create numerous famous strains like GSC and Headband. There are many different phenotypes of OG Kush weed, including Tahoe OG, SFV OG, and Ghost OG.  OG Kush growing info    OG Kush is a popular strain choice for advanced growers. This strain can be grown indoors and outdoors. This strain grows best when the plants are able to grow large and are not confined to pots. OG Kush has a flowering time of 56 days. If grown outdoors, this plant will finish in early October. OG Kush offers a medium-size yield.",2022.10.21,Simply Green Delivery
62,https://www.leafly.com/dispensary-info/simply-green-by-sierra-green/p/617488208/blue-sherbert--pre-roll--1g?variant=1144821798,BLUE SHERBERT | PRE ROLL | 1g,Preroll,PreRoll,Theraputic Health,"https://leafly-public.imgix.net/menu/HYyWsoY4SOqG5cCGzTek_blue%20sherb%20pre%20roll.png?auto=compress,format&w=450&dpr=2",each,$7.50,reg $10.00,25% off,[],THC 24.0%,CBD —,Hybrid,BLUE SHERBERT | PRE ROLL | 1g,4.3,38.0,"['Garanimals Pre-Roll 1g', 'HOUSE | PRE ROLL | 1g', 'Baby Jeeter Infused - Maui Wowie (sativa)', 'ICE MAN | Indica Hybrid', 'CANDIED TANGIEZ | Sativa', 'PAPAYA| Infused PreRoll | 1g', 'INDICA | Flower PreRoll | 1g', 'HYBRID | Flower PreRoll | 1g']",[],,2022.10.21,Simply Green Delivery
63,https://www.leafly.com/dispensary-info/simply-green-by-sierra-green/p/618118506/staycation--indica-hybrid?variant=1180896221,STAYCATION | Indica Hybrid,Preroll,PreRoll,S.F. Cultivators,"https://leafly-public.imgix.net/menu/ypTf1RxBTdePrSDQ3lv0_Screen%20Shot%202022-01-17%20at%2012.28.53%20PM.png?auto=compress,format&w=450&dpr=2",each,$9.00,reg $12.00,25% off,[],THC 28.0%,CBD —,,"SF Cultivators | Pre Roll | Staycation | THC 28%
",,,"['CANDIED TANGIEZ | Sativa', 'ICE MAN | Indica Hybrid', 'SUPERFOOD | Hybrid', 'MAROON BABOON | Hybrid', 'Ice Cream Cake Pre-Rolls', 'HOUSE | PRE ROLL | 1g', 'Baby Jeeter Infused - Maui Wowie (sativa)', 'Garanimals Pre-Roll 1g']",[],,2022.10.21,Simply Green Delivery
64,https://www.leafly.com/dispensary-info/simply-green-by-sierra-green/p/615755573/ice-man--indica-hybrid?variant=1019209372,ICE MAN | Indica Hybrid,Preroll,PreRoll,S.F. Cultivators,"https://leafly-public.imgix.net/menu/7KjVUn0PR8OyjeB2U0TP_Screen%20Shot%202022-01-17%20at%2012.28.53%20PM.png?auto=compress,format&w=450&dpr=2",each,$11.25,reg $15.00,25% off,[],THC 27.0%,CBD —,,SF Cultivators | Pre Roll | ICE MAN | THC 27%,4.3,3.0,"['CANDIED TANGIEZ | Sativa', 'SUPERFOOD | Hybrid', 'STAYCATION | Indica Hybrid', 'MAROON BABOON | Hybrid', 'Ice Cream Cake Pre-Rolls', 'HOUSE | PRE ROLL | 1g', 'Baby Jeeter Infused - Maui Wowie (sativa)', 'Garanimals Pre-Roll 1g']",[],,2022.10.21,Simply Green Delivery
65,https://www.leafly.com/dispensary-info/simply-green-by-sierra-green/p/617491202/baby-jeeter-infused---thin-mint-cookies?variant=1127507595,Baby Jeeter Infused - Thin Mint Cookies,Preroll,PreRoll,Jeeter,"https://leafly-public.imgix.net/menu/nfJC9LtSSxCR0P622bvh_Screen%20Shot%202022-04-21%20at%209.24.41%20PM.png?auto=compress,format&w=450&dpr=2",each,$26.25,reg $35.00,25% off,[],THC —,CBD —,Hybrid,Baby Jeeter Infused - Thin Mint Cookies,4.6,839.0,"['Baby Jeeter Infused - Maui Wowie (sativa)', 'Baby Jeeter Infused - Fire OG', 'Baby Jeeter Infused - Honeydew (sativa)', 'Baby Jeeter Infused - Peach Ringz (indica)', 'Baby Jeeter Infused - Tropicana Cookies', 'Baby Jeeter Infused - Limoncello', 'HOUSE | PRE ROLL | 1g', 'Garanimals Pre-Roll 1g']",[],,2022.10.21,Simply Green Delivery
66,https://www.leafly.com/dispensary-info/simply-green-by-sierra-green/p/617491217/baby-jeeter-infused---fire-og?variant=1127514623,Baby Jeeter Infused - Fire OG,Preroll,PreRoll,Jeeter,"https://leafly-public.imgix.net/menu/ZyfgFQIGQrmGZysJLrVG_Screen%20Shot%202022-04-21%20at%209.33.26%20PM.png?auto=compress,format&w=450&dpr=2",each,$26.25,reg $35.00,25% off,[],THC —,CBD —,Hybrid,Baby Jeeter Infused - Fire OG,4.4,1188.0,"['Baby Jeeter Infused - Maui Wowie (sativa)', 'Baby Jeeter Infused - Thin Mint Cookies', 'Baby Jeeter Infused - Honeydew (sativa)', 'Baby Jeeter Infused - Peach Ringz (indica)', 'Baby Jeeter Infused - Tropicana Cookies', 'Baby Jeeter Infused - Limoncello', 'HOUSE | PRE ROLL | 1g', 'Garanimals Pre-Roll 1g']",[],,2022.10.21,Simply Green Delivery
67,https://www.leafly.com/dispensary-info/simply-green-by-sierra-green/p/614927064/baby-jeeter-infused---honeydew-sativa?variant=968169496,Baby Jeeter Infused - Honeydew (sativa),Preroll,PreRoll,Jeeter,"https://leafly-public.imgix.net/menu/VwgN0M0MTTCRbUqMiVdH_Screen%20Shot%202022-01-11%20at%201.12.36%20PM.png?auto=compress,format&w=450&dpr=2",each,$26.25,reg $35.00,25% off,[],THC 35.0%,CBD —,,"Honeydew Baby Jeeter Infused - Five .50g Joints 2.5g | Sativa | 35.05% THC Indoor Grown Infused with Distillate Oil & Kief

Mood: euphoric, relaxed, hungry.

Honeydew is a Sativa dominant strain that keeps you motivated, making it an ideal strain for an afternoon adventure or creative escapes. It has a tasty sweet melon and fruity berries flavor profile. You can experience happy, creative, euphoric, relaxing and uplifting effects. Honeydew helps with anxiety, chronic pain, and stress.",,,"['Baby Jeeter Infused - Maui Wowie (sativa)', 'Baby Jeeter Infused - Peach Ringz (indica)', 'Baby Jeeter Infused - Thin Mint Cookies', 'Baby Jeeter Infused - Fire OG', 'Baby Jeeter Infused - Tropicana Cookies', 'Baby Jeeter Infused - Limoncello', 'HOUSE | PRE ROLL | 1g', 'Garanimals Pre-Roll 1g']",[],,2022.10.21,Simply Green Delivery
68,https://www.leafly.com/dispensary-info/simply-green-by-sierra-green/p/617491203/baby-jeeter-infused---tropicana-cookies?variant=1127508504,Baby Jeeter Infused - Tropicana Cookies,Preroll,PreRoll,Jeeter,"https://leafly-public.imgix.net/menu/MvybfuOyT3mL8BU4vMhQ_Screen%20Shot%202022-04-21%20at%209.28.12%20PM.png?auto=compress,format&w=450&dpr=2",each,$26.25,reg $35.00,25% off,[],THC —,CBD —,Sativa,Baby Jeeter Infused - Tropicana Cookies,4.5,352.0,"['Baby Jeeter Infused - Maui Wowie (sativa)', 'Baby Jeeter Infused - Thin Mint Cookies', 'Baby Jeeter Infused - Fire OG', 'Baby Jeeter Infused - Honeydew (sativa)', 'Baby Jeeter Infused - Peach Ringz (indica)', 'Baby Jeeter Infused - Limoncello', 'HOUSE | PRE ROLL | 1g', 'Garanimals Pre-Roll 1g']",[],,2022.10.21,Simply Green Delivery
69,https://www.leafly.com/dispensary-info/simply-green-by-sierra-green/p/614927277/baby-jeeter-infused---peach-ringz-indica?variant=968175995,Baby Jeeter Infused - Peach Ringz (indica),Preroll,PreRoll,Jeeter,"https://leafly-public.imgix.net/menu/ip9gGMdjTN6DyVCUJaob_Screen%20Shot%202022-01-11%20at%201.20.11%20PM.png?auto=compress,format&w=450&dpr=2",each,$26.25,reg $35.00,25% off,[],THC 39.9%,CBD —,Hybrid,"Peach Ringz Baby Jeeter Infused - Five .50g Joints 2.5g | Indica | 39.89% THC Indoor Grown Infused with Distillate Oil & Kief

Mood: relaxed, sleepy, happy

Peach Ringz, is an indica dominant strain created through crossing the delicious Marionberry X Eddy OG strains. With this bud, the name says it all in the flavor department. Peach Ringz packs a super sweet and slightly sour peachy flavor into each and every toke. The aroma is very similar, although with a touch of spicy flowers to it, too. Peach Ringz brings on a super relaxing high that’s ideal for a night when you want to get to sleep but need to kick back and chill before you do. With these effects, Peach Ringz is often chosen to treat insomnia, muscle spasms or cramps, appetite loss or nausea, chronic pain and muscle spasms or cramps.",4.4,27.0,"['Baby Jeeter Infused - Maui Wowie (sativa)', 'Baby Jeeter Infused - Honeydew (sativa)', 'Baby Jeeter Infused - Thin Mint Cookies', 'Baby Jeeter Infused - Fire OG', 'Baby Jeeter Infused - Tropicana Cookies', 'Baby Jeeter Infused - Limoncello', 'HOUSE | PRE ROLL | 1g', 'ICE MAN | Indica Hybrid']",[],,2022.10.21,Simply Green Delivery
70,https://www.leafly.com/dispensary-info/simply-green-by-sierra-green/p/617491211/baby-jeeter-infused---limoncello?variant=1127512433,Baby Jeeter Infused - Limoncello,Preroll,PreRoll,Jeeter,"https://leafly-public.imgix.net/menu/RnHpbGRhKBgluPT7y5iw_Screen%20Shot%202022-04-21%20at%209.30.47%20PM.png?auto=compress,format&w=450&dpr=2",each,$26.25,reg $35.00,25% off,[],THC —,CBD —,Hybrid,Baby Jeeter Infused - Limoncello,4.3,75.0,"['Baby Jeeter Infused - Maui Wowie (sativa)', 'Baby Jeeter Infused - Thin Mint Cookies', 'Baby Jeeter Infused - Honeydew (sativa)', 'Baby Jeeter Infused - Fire OG', 'Baby Jeeter Infused - Peach Ringz (indica)', 'Baby Jeeter Infused - Tropicana Cookies', 'HOUSE | PRE ROLL | 1g', 'Garanimals Pre-Roll 1g']",[],,2022.10.21,Simply Green Delivery
71,https://www.leafly.com/dispensary-info/simply-green-by-sierra-green/p/615755476/fruity-fuzzies---lychee-35g-5-pack-pre-rolls-sativ?variant=1019202990,Fruity Fuzzies - Lychee 3.5g (5 Pack Pre Rolls) (Sativa),Preroll,PreRoll,Sublime Brands,"https://leafly-public.imgix.net/menu/O4c30RkTAihT3aQgb8io_FRUITIES%20LYCHEE.png?auto=compress,format&w=450&dpr=2",each,$45.00,reg $60.00,25% off,[],THC 40.7%,CBD —,Hybrid,Fruity Fuzzies | Lychee | 3.5g | 5 pack pre rolls | Sativa,4.5,18.0,"['HOUSE | PRE ROLL | 1g', 'Baby Jeeter Infused - Maui Wowie (sativa)', 'ICE MAN | Indica Hybrid', 'Garanimals Pre-Roll 1g', 'CANDIED TANGIEZ | Sativa', 'PAPAYA| Infused PreRoll | 1g', 'INDICA | Flower PreRoll | 1g', 'HYBRID | Flower PreRoll | 1g']",[],,2022.10.21,Simply Green Delivery
72,https://www.leafly.com/dispensary-info/simply-green-by-sierra-green/p/617672322/organic-pain-salve-11?variant=1144803913,ORGANIC PAIN SALVE 1:1,Topical,Topical,Enchanted,"https://leafly-public.imgix.net/menu/MbxUS88TfGZro3xzBsc5_Screen%20Shot%202021-09-27%20at%2012.04.14%20PM.png?auto=compress,format&w=450&dpr=2",each,$40.00,,,[],THC 150.0mg,CBD 100.0mg,,ORGANIC 150mg THC x 100mg CBD Pain Salve,,,"['CANDY RUNTZ ', 'Ice Cream Float', 'HOUSE | PRE ROLL | 1g', 'EXCLUSIVE BLACK RUNTZ | Hybrid', 'HEAD STASH | Indica', 'Kanha Bliss Watermelon (HYBRID)', 'Kanha NANO Galactic Grape (INDICA)', 'PINEAPPLE (SATIVA)']",[],,2022.10.21,Simply Green Delivery
