﻿Index,Link,Name,Label,Category,Brand,Image,Unit,Price,OrginalPrice,Discount,OtherAmount,THC,CBD,Lineage,Description,Rating,Reviewnum,Alsolike,Similar,Strain,ScrapeTime,Store name
0,https://www.leafly.com/dispensary-info/the-hidden-cure-delivery/p/621716185/october-humboldt-craft-cannabis-pack-limited-quant?variant=1480799941,October Humboldt Craft Cannabis Pack *Limited Quantity,Flower,Flower,Humboldt Exclusive,"https://connect-files-public.s3.amazonaws.com/3afa8882-f6d8-44a6-9c16-257fbc9cfe2b.PNG?auto=compress,format&w=450&dpr=2",each,$145.00,reg $150.00,$5 off,[],THC 0.0%,CBD 0.0%,,"Our October craft cannabis bundle includes 2 quarters and an eighth (17.5 grams) of Humboldt green.  Amalfi/Grapes n Cream/Blueberry Gelato/Sherbert Frosting.  Phuckette fanny pack, lighter and digital asset.  
*1 bundle per customer per month*",,,"[' (14g) Redwood Roots | Mighty Minis Dosido | Flower 1/2 oz | Indica', ' (28g)Redwood Roots | Mighty Minis Dosido | Flower 1oz | Indica ', '(3.5g) Red Headed | Sherbert Frosting | Flower 1/8th | Indica', ""(7g) Full Moon Farms | TR Grapes N' Cream / Blueberry Gelato | Flower 1/4 oz | Indica"", '(3.5g ea) Lady Sativa Farm | Runtz Cake | Flower 1/8th | Hybrid', '(3.5g) Trini Trees Farms | Lava Cake x GMO | Flower 1/8th | Indica', '(3.5g) Rose Delights | Gush Mints | Flower 1/8th | Indica', '(3.5g) Rose Delights | Super Lemon MAC | Flower 1/8th | Sativa']",[],,2022.10.21,The Hidden Cure - Delivery
1,https://www.leafly.com/dispensary-info/the-hidden-cure-delivery/p/620329956/14g-redwood-roots--mighty-minis-dosido--flower-12-?variant=1363545861, (14g) Redwood Roots | Mighty Minis Dosido | Flower 1/2 oz | Indica,Hybrid flower,Flower,Redwood Roots Family,"https://leafly-public.imgix.net/menu/13FvMTTcRjqF0V4Tc7Mo_Dosido%20mighty%20minis%201:2.jpg?auto=compress,format&w=450&dpr=2",each,$44.10,reg $49.00,10% off,[],THC 27.3%,CBD 0.0%,Hybrid,"Dosidos, also known as ""Dosi Doe,"" ""Do-Si-Dos,"" and ""Dosi"" is an indica-dominant hybrid strain with qualities similar to its parent, OGKB, a GSC-phenotype. It is known to have a flowery flavor and aroma that can be pungent, sweet and earthy. Those who smoke Dosi can enjoy a stoney, in-your-face buzz off the start that melts down over the body, with relaxation that emanates outward. The dominant terpene in Dosidos is limonene.

Redwood Roots is a family of farmers and canna-artisans that have come together to bring nature’s best medicine from their community of multi generational farmers to you. They use sustainable farming practices that are rooted in community and environment for future generations to come.


Deep in the magical mountains and valleys of Humboldt County, in rural Northern California, some of the world’s most legendary cannabis cultivators have been firmly rooted for over 40 years. Planted in the heart of Southern Humboldt, Redwood Roots Inc. is a medical cannabis collective dedicated to providing the highest quality medicine from farm to you while working to protect local cannabis heritage and culture in this unique region.  

",4.6,1059,"[' (28g)Redwood Roots | Mighty Minis Dosido | Flower 1oz | Indica ', '(3.5g) Red Headed | Sherbert Frosting | Flower 1/8th | Indica', ""(7g) Full Moon Farms | TR Grapes N' Cream / Blueberry Gelato | Flower 1/4 oz | Indica"", '(3.5g ea) Lady Sativa Farm | Runtz Cake | Flower 1/8th | Hybrid', '(3.5g) Trini Trees Farms | Lava Cake x GMO | Flower 1/8th | Indica', '(3.5g) Rose Delights | Gush Mints | Flower 1/8th | Indica', '(3.5g) Rose Delights | Super Lemon MAC | Flower 1/8th | Sativa', '(7g) Huckleberry Hill Farms | Amalfi W/ Seed Pack | Flower 1/4 oz | Indica']",[],,2022.10.21,The Hidden Cure - Delivery
2,https://www.leafly.com/dispensary-info/the-hidden-cure-delivery/p/620335804/7g-full-moon-farms--tr-grapes-n-cream--blueberry-g?variant=1363799639,(7g) Full Moon Farms | TR Grapes N' Cream / Blueberry Gelato | Flower 1/4 oz | Indica,Hybrid flower,Flower,Full Moon Farms,"https://leafly-public.imgix.net/menu/e0PmBGmzRmGGyILNZjuR_GrapesNcream3.jpg?auto=compress,format&w=450&dpr=2",each,$39.00,,,[],THC 29.8%,CBD 0.0%,Hybrid,"Full Moon Farms brings you Twisted Roots with 2 SRAINS in ONE JAR!
",4.6,30,"[' (14g) Redwood Roots | Mighty Minis Dosido | Flower 1/2 oz | Indica', ' (28g)Redwood Roots | Mighty Minis Dosido | Flower 1oz | Indica ', '(3.5g) Red Headed | Sherbert Frosting | Flower 1/8th | Indica', '(3.5g ea) Lady Sativa Farm | Runtz Cake | Flower 1/8th | Hybrid', '(3.5g) Trini Trees Farms | Lava Cake x GMO | Flower 1/8th | Indica', '(3.5g) Rose Delights | Gush Mints | Flower 1/8th | Indica', '(3.5g) Rose Delights | Super Lemon MAC | Flower 1/8th | Sativa', '(7g) Huckleberry Hill Farms | Amalfi W/ Seed Pack | Flower 1/4 oz | Indica']",[],,2022.10.21,The Hidden Cure - Delivery
3,https://www.leafly.com/dispensary-info/the-hidden-cure-delivery/p/620335543/28gredwood-roots--mighty-minis-dosido--flower-1oz-?variant=1363786879, (28g)Redwood Roots | Mighty Minis Dosido | Flower 1oz | Indica ,Hybrid flower,Flower,Redwood Roots Family,"https://leafly-public.imgix.net/menu/gctbgK0RKGPhE7SMR6nI_RR1ozmighty.jpg?auto=compress,format&w=450&dpr=2",each,$74.70,reg $83.00,10% off,[],THC 27.3%,CBD 0.0%,Hybrid,"Dosidos, also known as ""Dosi Doe,"" ""Do-Si-Dos,"" and ""Dosi"" is an indica-dominant hybrid strain with qualities similar to its parent, OGKB, a GSC-phenotype. It is known to have a flowery flavor and aroma that can be pungent, sweet and earthy. Those who smoke Dosi can enjoy a stoney, in-your-face buzz off the start that melts down over the body, with relaxation that emanates outward. The dominant terpene in Dosidos is limonene.

Redwood Roots is a family of farmers and canna-artisans that have come together to bring nature’s best medicine from their community of multi generational farmers to you. They use sustainable farming practices that are rooted in community and environment for future generations to come.

Deep in the magical mountains and valleys of Humboldt County, in rural Northern California, some of the world’s most legendary cannabis cultivators have been firmly rooted for over 40 years. Planted in the heart of Southern Humboldt, Redwood Roots Inc. is a medical cannabis collective dedicated to providing the highest quality medicine from farm to you while working to protect local cannabis heritage and culture in this unique region.  ",4.6,1059,"[' (14g) Redwood Roots | Mighty Minis Dosido | Flower 1/2 oz | Indica', '(3.5g) Red Headed | Sherbert Frosting | Flower 1/8th | Indica', ""(7g) Full Moon Farms | TR Grapes N' Cream / Blueberry Gelato | Flower 1/4 oz | Indica"", '(3.5g ea) Lady Sativa Farm | Runtz Cake | Flower 1/8th | Hybrid', '(3.5g) Trini Trees Farms | Lava Cake x GMO | Flower 1/8th | Indica', '(3.5g) Rose Delights | Gush Mints | Flower 1/8th | Indica', '(3.5g) Rose Delights | Super Lemon MAC | Flower 1/8th | Sativa', '(7g) Huckleberry Hill Farms | Amalfi W/ Seed Pack | Flower 1/4 oz | Indica']",[],"Dosidos strain info  Dosidos, also known as ""Dosi Doe,"" ""Do-Si-Dos,"" and ""Dosi"" is an indica-dominant hybrid marijuana strain with qualities similar to its parent, OGKB, a GSC-phenotype. With glittering trichomes, bright pistils, and lime green and lavender leaves, Dosidos weed is a feast for the eyes. Its aroma is pungent, sweet, and earthy with slight floral funkiness. These classic OG aromas blend nicely with medical-grade body effects that lean toward the sedative side with the addition of Face Off OG genetics. Those who smoke Dosi can enjoy a stoney, in-your-face buzz off the start that melts down over the body, prettifying the consumer with relaxation that emanates outward. The dominant terpene in Dosidos is limonene.  Dosidos growing info  Dosidos is a popular strain choice for both intermediate and advanced growers. This strain can be grown indoors or outdoors. You can expect an average flowering time of 63 days. Dosidos has a medium to heavy yield ranging 500-900 grams and tends to grow average height indoors, but can grow tall outside. Dosidos will finish in September through October. Dosidos can be grown in traditional soil or through hydroponics.",2022.10.21,The Hidden Cure - Delivery
4,https://www.leafly.com/dispensary-info/the-hidden-cure-delivery/p/620335801/35g-red-headed--sherbert-frosting--flower-18th--in?variant=1363799634,(3.5g) Red Headed | Sherbert Frosting | Flower 1/8th | Indica,Hybrid flower,Flower,Red Headed,"https://leafly-public.imgix.net/menu/kbrLc1xYT2iSX3Bzb3Dl_SherbertFrostin_RR.jpg?auto=compress,format&w=450&dpr=2",each,$29.00,,,[],THC 31.6%,CBD 0.0%,Hybrid,"Also known as Sherbert or Sunset Sherbert, this strain is an Indica-leaning hybrid that crosses GSC (Girl Scout Cookies) with Pink Panties. This strain has a sweet citrusy but earthy smell with notes of pine and is known to produce relaxed but happy effects. The dominant terpene is Caryophyllene.

Redwood Roots is a family of farmers and canna-artisans that have come together to bring nature’s best medicine from their community of multi generational farmers to you. They use sustainable farming practices that are rooted in community and environment for future generations to come.


Deep in the magical mountains and valleys of Humboldt County, in rural Northern California, some of the world’s most legendary cannabis cultivators have been firmly rooted for over 40 years. Planted in the heart of Southern Humboldt, Redwood Roots Inc. is a medical cannabis collective dedicated to providing the highest quality medicine from farm to you while working to protect local cannabis heritage and culture in this unique region.  ",4.6,1553,"[' (14g) Redwood Roots | Mighty Minis Dosido | Flower 1/2 oz | Indica', ' (28g)Redwood Roots | Mighty Minis Dosido | Flower 1oz | Indica ', ""(7g) Full Moon Farms | TR Grapes N' Cream / Blueberry Gelato | Flower 1/4 oz | Indica"", '(3.5g ea) Lady Sativa Farm | Runtz Cake | Flower 1/8th | Hybrid', '(3.5g) Trini Trees Farms | Lava Cake x GMO | Flower 1/8th | Indica', '(3.5g) Rose Delights | Gush Mints | Flower 1/8th | Indica', '(3.5g) Rose Delights | Super Lemon MAC | Flower 1/8th | Sativa', '(7g) Huckleberry Hill Farms | Amalfi W/ Seed Pack | Flower 1/4 oz | Indica']",[' (14g) Redwood Roots | Mighty Minis Dosido | Flower 1/2 oz | Indica'],,2022.10.21,The Hidden Cure - Delivery
5,https://www.leafly.com/dispensary-info/the-hidden-cure-delivery/p/620335805/35g-ea-lady-sativa-farm--runtz-cake--flower-18th--?variant=1363799640,(3.5g ea) Lady Sativa Farm | Runtz Cake | Flower 1/8th | Hybrid,Flower,Flower,Lady Sativa Farm,"https://leafly-public.imgix.net/menu/MEH1pDmRR6cvegTWhxrB_RuntzCake_RR2.jpg?auto=compress,format&w=450&dpr=2",each,$29.00,,,[],THC 26.4%,CBD 0.0%,,"Runtz Cake is a hybrid weed strain made by crossing Wedding Cake with White Runtz. The effects of Runtz Cake are more calming than energizing. It has a diesel aroma with floral and pine undertones. The dominant terpene in this strain is caryophyllene, which is often associated with spicy flavor profiles.

Redwood Roots is a family of farmers and canna-artisans that have come together to bring nature’s best medicine from their community of multi generational farmers to you. They use sustainable farming practices that are rooted in community and environment for future generations to come.

Deep in the magical mountains and valleys of Humboldt County, in rural Northern California, some of the world’s most legendary cannabis cultivators have been firmly rooted for over 40 years. Planted in the heart of Southern Humboldt, Redwood Roots Inc. is a medical cannabis collective dedicated to providing the highest quality medicine from farm to you while working to protect local cannabis heritage and culture in this unique region.  ",,,"[' (14g) Redwood Roots | Mighty Minis Dosido | Flower 1/2 oz | Indica', ' (28g)Redwood Roots | Mighty Minis Dosido | Flower 1oz | Indica ', '(3.5g) Red Headed | Sherbert Frosting | Flower 1/8th | Indica', ""(7g) Full Moon Farms | TR Grapes N' Cream / Blueberry Gelato | Flower 1/4 oz | Indica"", '(3.5g) Trini Trees Farms | Lava Cake x GMO | Flower 1/8th | Indica', '(3.5g) Rose Delights | Gush Mints | Flower 1/8th | Indica', '(3.5g) Rose Delights | Super Lemon MAC | Flower 1/8th | Sativa', '(7g) Huckleberry Hill Farms | Amalfi W/ Seed Pack | Flower 1/4 oz | Indica']",[],,2022.10.21,The Hidden Cure - Delivery
6,https://www.leafly.com/dispensary-info/the-hidden-cure-delivery/p/620335802/35g-trini-trees-farms--lava-cake-x-gmo--flower-18t?variant=1363799638,(3.5g) Trini Trees Farms | Lava Cake x GMO | Flower 1/8th | Indica,Flower,Flower,Trini Trees Farms,"https://leafly-public.imgix.net/menu/iL24BWLvQGemFx5NcMyj_LavaCake%20x%20GMO_RR.jpg?auto=compress,format&w=450&dpr=2",each,$29.00,,,[],THC 26.0%,CBD 0.0%,,"Lava Cake is a Thin Mint GSC and Grape Pie indica dominant cross with a fruity and  sweet flavor and aroma. GMO an indica-dominant hybrid strain created by crossing the infamous breed, Girl Scout Cookies, with the equally respected Chemdawg. These 2 strains combines make for one heavy hitting indica strain that is sure to leave you relaxed.

Redwood Roots is a family of farmers and canna-artisans that have come together to bring nature’s best medicine from their community of multi generational farmers to you. They use sustainable farming practices that are rooted in community and environment for future generations to come.


Deep in the magical mountains and valleys of Humboldt County, in rural Northern California, some of the world’s most legendary cannabis cultivators have been firmly rooted for over 40 years. Planted in the heart of Southern Humboldt, Redwood Roots Inc. is a medical cannabis collective dedicated to providing the highest quality medicine from farm to you while working to protect local cannabis heritage and culture in this unique region.  ",,,"[' (14g) Redwood Roots | Mighty Minis Dosido | Flower 1/2 oz | Indica', ' (28g)Redwood Roots | Mighty Minis Dosido | Flower 1oz | Indica ', '(3.5g) Red Headed | Sherbert Frosting | Flower 1/8th | Indica', ""(7g) Full Moon Farms | TR Grapes N' Cream / Blueberry Gelato | Flower 1/4 oz | Indica"", '(3.5g ea) Lady Sativa Farm | Runtz Cake | Flower 1/8th | Hybrid', '(3.5g) Rose Delights | Gush Mints | Flower 1/8th | Indica', '(3.5g) Rose Delights | Super Lemon MAC | Flower 1/8th | Sativa', '(7g) Huckleberry Hill Farms | Amalfi W/ Seed Pack | Flower 1/4 oz | Indica']",[],,2022.10.21,The Hidden Cure - Delivery
7,https://www.leafly.com/dispensary-info/the-hidden-cure-delivery/p/620325792/35g-rose-delights--gush-mints--flower-18th--indica?variant=1362901785,(3.5g) Rose Delights | Gush Mints | Flower 1/8th | Indica,Hybrid flower,Flower,Delights,"https://connect-files-public.s3.amazonaws.com/05595dbd-8fb1-4175-a629-a6399f048b00.png?auto=compress,format&w=450&dpr=2",each,$33.00,,,[],THC 27.6%,CBD 0.0%,Hybrid,"Gush Mints is a heavy, indica-dominant  strain cross of Kush Mints and the combination of F1 Durb and Gushers. As a culmination of multiple popular Cookies family strains, Gush Mints exhibits many of their beloved attributes: gassy, sweet terps with piney. Its dominant terpene is Caryophyllene.

Rose is reimagining cannabis from an evolving, regenerative 
perspective. Rose’s regenerative farm in California’s Sierra Foothills allows then to become better stewards of the planet while increasing the scope of their ingredients and flower. Rose believes restoring the soil to a lushness that generates more than it consumes, is a small but essential step towards becoming better stewards of our planet.",4.6,28,"['(3.5g) Rose Delights | Super Lemon MAC | Flower 1/8th | Sativa', ' (14g) Redwood Roots | Mighty Minis Dosido | Flower 1/2 oz | Indica', ' (28g)Redwood Roots | Mighty Minis Dosido | Flower 1oz | Indica ', '(3.5g) Red Headed | Sherbert Frosting | Flower 1/8th | Indica', ""(7g) Full Moon Farms | TR Grapes N' Cream / Blueberry Gelato | Flower 1/4 oz | Indica"", '(3.5g ea) Lady Sativa Farm | Runtz Cake | Flower 1/8th | Hybrid', '(3.5g) Trini Trees Farms | Lava Cake x GMO | Flower 1/8th | Indica', 'Rose Delights - Deep Sleep - Holy Tonic']",[],,2022.10.21,The Hidden Cure - Delivery
8,https://www.leafly.com/dispensary-info/the-hidden-cure-delivery/p/620325796/35g-rose-delights--super-lemon-mac--flower-18th--s?variant=1362904244,(3.5g) Rose Delights | Super Lemon MAC | Flower 1/8th | Sativa,Hybrid flower,Flower,Delights,"https://connect-files-public.s3.amazonaws.com/d7933259-325f-4cee-ab75-74a9dff516b1.png?auto=compress,format&w=450&dpr=2",each,$33.00,,,[],THC 28.8%,CBD 0.0%,Hybrid,"Super Lemon MAC, also known as “Super Lemon Miracle Alien Cookies,” is a heavily sativa dominant hybrid strain (90% sativa/10% indica) created through crossing the delicious Lemon Miracle Alien Cookies/Lemon MAC X Super Silver Haze strains. If you love a bright flavor and eye-opening high this strain is a perfect match.  It produces lifted effects that are perfect as a wake-and-bake. 

Rose is reimagining cannabis from an evolving, regenerative 
perspective. Rose’s regenerative farm in California’s Sierra Foothills allows then to become better stewards of the planet while increasing the scope of their ingredients and flower. Rose believes restoring the soil to a lushness that generates more than it consumes, is a small but essential step towards becoming better stewards of our planet.",5.0,1,"['(3.5g) Rose Delights | Gush Mints | Flower 1/8th | Indica', ' (14g) Redwood Roots | Mighty Minis Dosido | Flower 1/2 oz | Indica', ' (28g)Redwood Roots | Mighty Minis Dosido | Flower 1oz | Indica ', '(3.5g) Red Headed | Sherbert Frosting | Flower 1/8th | Indica', ""(7g) Full Moon Farms | TR Grapes N' Cream / Blueberry Gelato | Flower 1/4 oz | Indica"", '(3.5g ea) Lady Sativa Farm | Runtz Cake | Flower 1/8th | Hybrid', '(3.5g) Trini Trees Farms | Lava Cake x GMO | Flower 1/8th | Indica', 'Rose Delights - Deep Sleep - Holy Tonic']",[],,2022.10.21,The Hidden Cure - Delivery
9,https://www.leafly.com/dispensary-info/the-hidden-cure-delivery/p/620335803/7g-huckleberry-hill-farms--amalfi-w-seed-pack--flo?variant=1363799641,(7g) Huckleberry Hill Farms | Amalfi W/ Seed Pack | Flower 1/4 oz | Indica,Flower,Flower,Huckleberry Hill Farms,"https://leafly-public.imgix.net/menu/cUIoE9TLCaF0w9hQcpGA_Amalfi_HHF2.jpg?auto=compress,format&w=450&dpr=2",each,$56.00,,,[],THC 30.6%,CBD 0.0%,,Limited Edition 1/4 jar with seed pack,,,"[' (14g) Redwood Roots | Mighty Minis Dosido | Flower 1/2 oz | Indica', ' (28g)Redwood Roots | Mighty Minis Dosido | Flower 1oz | Indica ', '(3.5g) Red Headed | Sherbert Frosting | Flower 1/8th | Indica', ""(7g) Full Moon Farms | TR Grapes N' Cream / Blueberry Gelato | Flower 1/4 oz | Indica"", '(3.5g ea) Lady Sativa Farm | Runtz Cake | Flower 1/8th | Hybrid', '(3.5g) Trini Trees Farms | Lava Cake x GMO | Flower 1/8th | Indica', '(3.5g) Rose Delights | Gush Mints | Flower 1/8th | Indica', '(3.5g) Rose Delights | Super Lemon MAC | Flower 1/8th | Sativa']",[],,2022.10.21,The Hidden Cure - Delivery
10,https://www.leafly.com/dispensary-info/the-hidden-cure-delivery/p/620353945/1g-cali-kosher--badder--dosi-x-watermelon-z--indic?variant=1365389427,(1g) Cali Kosher | Badder | Dosi x Watermelon Z | Indica,Concentrate,Concentrate,Cali Kosher Cannabis,"https://leafly-public.imgix.net/menu/lx7hOcBFTnqNT6Dr3QzN_CaliKosher%20gramjar.jpg?auto=compress,format&w=450&dpr=2",each,$30.00,,,[],THC 77.6%,CBD 0.0%,,"Dosidos x Watermelon Zkittlez  are two of the most popular cultivars. It is a 50/50 Indica - Sativa hybrid with a sweet and fruity aroma. It produces a balanced and relaxing effect, elevate mood without getting nervous and combats stress without being boring.

Badder has a smooth consistency like butter or cake frosting and can sometimes have a looser consistency closer to sauce.

Cali Kosher is certified Kosher Cannabis grown in the heart of California. Every gram is single sourced and organically grown using live soil to produce the best possible environment for their cannabis crops, resulting in a superior terpene profile for your enjoyment. 




",,,"['(1g) Cali Kosher | Frosting |  Lemon Royal | Sativa', ' (1g) Cali Kosher | Live Rosin | Papaya | Indica', '(1g) Cali Kosher | Badder | Bacio | Indica', ' (1g) Cali Kosher | Live Resin | Orange Creamsicle | Vape Cartridge | Sativa', '(1g) Cali Kosher | Live Resin | Papaya | Vape Cartridge | Indica', '(1g) Dabwoods | Indica | Mothers Milk | Disposable', ' (14g) Redwood Roots | Mighty Minis Dosido | Flower 1/2 oz | Indica', ' (28g)Redwood Roots | Mighty Minis Dosido | Flower 1oz | Indica ']",[],,2022.10.21,The Hidden Cure - Delivery
11,https://www.leafly.com/dispensary-info/the-hidden-cure-delivery/p/620353946/1g-cali-kosher--frosting---lemon-royal--sativa?variant=1365389429,(1g) Cali Kosher | Frosting |  Lemon Royal | Sativa,Concentrate,Concentrate,Cali Kosher Cannabis,"https://leafly-public.imgix.net/menu/7fZvG8UDTomaG0JLi1iC_CaliKosher%20gramjar.jpg?auto=compress,format&w=450&dpr=2",each,$30.00,,,[],THC 82.0%,CBD 0.0%,Hybrid,"Lemon Royale is a  sativa-dominant strain made by crossing Lemon Tree with a cross of GMO and Triangle Kush. This strain produces energizing effects that leave consumers feeling euphoric, inspired, and free from clouded thoughts. 

Frosting has a thick  consistency like butter or cake frosting.

Cali Kosher is certified Kosher Cannabis grown in the heart of California. Every gram is single sourced and organically grown using live soil to produce the best possible environment for their cannabis crops, resulting in a superior terpene profile for your enjoyment. 

",4.4,34,"['(1g) Cali Kosher | Badder | Dosi x Watermelon Z | Indica', ' (1g) Cali Kosher | Live Rosin | Papaya | Indica', '(1g) Cali Kosher | Badder | Bacio | Indica', ' (1g) Cali Kosher | Live Resin | Orange Creamsicle | Vape Cartridge | Sativa', '(1g) Cali Kosher | Live Resin | Papaya | Vape Cartridge | Indica', '(1g) Dabwoods | Indica | Mothers Milk | Disposable', ' (14g) Redwood Roots | Mighty Minis Dosido | Flower 1/2 oz | Indica', ' (28g)Redwood Roots | Mighty Minis Dosido | Flower 1oz | Indica ']",[],,2022.10.21,The Hidden Cure - Delivery
12,https://www.leafly.com/dispensary-info/the-hidden-cure-delivery/p/620353947/1g-cali-kosher--badder--bacio--indica?variant=1365389430,(1g) Cali Kosher | Badder | Bacio | Indica,Concentrate,Concentrate,Cali Kosher Cannabis,"https://leafly-public.imgix.net/menu/VWHSzI9TT3aAjs1ClCOx_CaliKosher%20gramjar.jpg?auto=compress,format&w=450&dpr=2",each,$30.00,,,[],THC 79.3%,CBD 0.0%,,"Bacio is an Indica dominant strain which is a beastly combination of Sunset Sherbert and Thin Mint Cookies. It offers a thick, rich and heavy smoke featuring a hint of sweetness with earth flavor, creating a euphoric effect on the users.

Badder has a smooth consistency like butter or cake frosting and can sometimes have a looser consistency closer to sauce.

Cali Kosher is certified Kosher Cannabis grown in the heart of California. Every gram is single sourced and organically grown using live soil to produce the best possible environment for their cannabis crops, resulting in a superior terpene profile for your enjoyment. 
",,,"['(1g) Cali Kosher | Badder | Dosi x Watermelon Z | Indica', '(1g) Cali Kosher | Frosting |  Lemon Royal | Sativa', ' (1g) Cali Kosher | Live Rosin | Papaya | Indica', ' (1g) Cali Kosher | Live Resin | Orange Creamsicle | Vape Cartridge | Sativa', '(1g) Cali Kosher | Live Resin | Papaya | Vape Cartridge | Indica', '(1g) Dabwoods | Indica | Mothers Milk | Disposable', ' (14g) Redwood Roots | Mighty Minis Dosido | Flower 1/2 oz | Indica', ' (28g)Redwood Roots | Mighty Minis Dosido | Flower 1oz | Indica ']",[],,2022.10.21,The Hidden Cure - Delivery
13,https://www.leafly.com/dispensary-info/the-hidden-cure-delivery/p/620601771/1g-dabwoods--indica--mothers-milk--disposable?variant=1382083797,(1g) Dabwoods | Indica | Mothers Milk | Disposable,Concentrate,Concentrate,Dabwoods,"https://leafly-public.imgix.net/menu/J15Ad8jrQW2h6i3b66c3_Untitled%20design1.png?auto=compress,format&w=450&dpr=2",each,$56.00,,,[],THC 90.7%,CBD 0.0%,Hybrid,"Infused with culture, powered by innovation.
Rechargeable Disposable vape. Optimized Coil compatible with distillate/resin/rosin.  
*Direct Air Flow Design
*Aerosol Tested
*Food Grade Stainless steel
",4.5,81,"['(1g) Dabwoods | Indica | Watermelon Z | Disposable', '(0.5g) Lilwoods | Live Resin | Kush Mintz | Hybrid |Disposable', '(0.5g) Lilwoods | Live Resin | Rainbow Kush | Indica |Disposable', '(1g) Cali Kosher | Badder | Dosi x Watermelon Z | Indica', '(1g) Cali Kosher | Frosting |  Lemon Royal | Sativa', '(1g) Dabwoods | Sativa | Blue Rasberry Slushi | Disposable', '(1g) Dabwoods | Sativa |Sunset Tsunami | Disposable', '(1g) Dabwoods | Hybrid | Train Wreck | Disposable ']",[],,2022.10.21,The Hidden Cure - Delivery
14,https://www.leafly.com/dispensary-info/the-hidden-cure-delivery/p/620353944/1g-cali-kosher--live-rosin--papaya--indica?variant=1365389428, (1g) Cali Kosher | Live Rosin | Papaya | Indica,Concentrate,Concentrate,Cali Kosher Cannabis,"https://leafly-public.imgix.net/menu/ZRvtJh9rQrKq2ahdRYVQ_CaliKosher1gcart.jpg?auto=compress,format&w=450&dpr=2",each,$60.00,,,[],THC 0.0%,CBD 0.0%,Indica,"Papaya is an indica-dominant strain that is known for producing a mental calmness. This strain was bred from Mango genetics and has a slight mango flavor and aroma with notes of spice, pepper and papaya. The dominant terpene is Myrcene and this strain is known to produce a relaxing and sleepy effect.   

Live rosin is a type of cannabis concentrate that people champion for its solventless purity and terpene-packed flavor. It is made from ice water hash (also called full melt bubble hash) that is then pressed out through heat and pressure.

Cali Kosher is certified Kosher Cannabis grown in the heart of California. Every gram is single sourced and organically grown using live soil to produce the best possible environment for their cannabis crops, resulting in a superior terpene profile for your enjoyment. 
",4.3,305,"['(1g) Cali Kosher | Badder | Dosi x Watermelon Z | Indica', '(1g) Cali Kosher | Frosting |  Lemon Royal | Sativa', '(1g) Cali Kosher | Live Resin | Papaya | Vape Cartridge | Indica', '(1g) Cali Kosher | Badder | Bacio | Indica', ' (1g) Cali Kosher | Live Resin | Orange Creamsicle | Vape Cartridge | Sativa', '(1g) Dabwoods | Indica | Mothers Milk | Disposable', ' (14g) Redwood Roots | Mighty Minis Dosido | Flower 1/2 oz | Indica', ' (28g)Redwood Roots | Mighty Minis Dosido | Flower 1oz | Indica ']",[],,2022.10.21,The Hidden Cure - Delivery
15,https://www.leafly.com/dispensary-info/the-hidden-cure-delivery/p/620325530/rose-delights---deep-sleep---holy-tonic?variant=1362792493,Rose Delights - Deep Sleep - Holy Tonic,Edible,Edible,Delights,"https://leafly-public.imgix.net/menu/cX8qTfSROVXLdAYwiXiA_Screen%20Shot%202022-08-23%20at%2012.36.10%20AM.png?auto=compress,format&w=450&dpr=2",each,$38.00,,,[],THC 100.0mg,CBD 30.0mg,Indica,"5MG THC/PC ( 20PCS /100MG TOTAL)
100% NATURAL
GLUTEN FREE
VEGAN

Eat one and allow up to 2 hours to take effect. 
No major allergens or artificial coloring 

Deep Sleep Delights are a Turkish Delight-style infused edible. Frog Hollow Farms mulberries, passionflower, and vanilla with a blend of 28 different phenotypes of Holy Tonic flower, each grown from seed in Rose's garden and pressed into a single rosin. Deep Sleep is the most potent cannabis sleep therapy available today, uniquely designed to increase your comfort and provide a better night’s sleep. This recipe includes the botanic undertones of a single strain flower rosin from regeneratively farmed flower.

Rose is the first edible company in the recreational market to
exclusively use flower rosin, a solventless extract that conveys
the purest expression of the source plant. The end result: clearer
and stronger effects, enhanced therapeutic properties, and a
true representation of the flower’s flavor. 

Flower rosin preserves the beneficial properties of the plant for a
nuanced psychoactive experience and medicinal benefits.
Flower rosin is solventless and unprocessed. By using only heat
and pressure to squeeze rosin from the flower, a resinous imprint
of the plant is preserved at its peak potency. This gentle process
eliminates the need for flash freezing or hydrocarbon extraction.
Flower rosin is a good option for the customer looking for an
organic expression of the flower without any refinement, processing
or chemical solvents.

Rose favors unprocessed, unrefined cannabis that is organically grown for the same reason they source the highest quality produce - for the nuances in flavor and the medicinal benefits of using whole foods and plants.",4.5,69,"['Rose Delights - California Mango 1:1', 'Rose Delights - Apple Ume Ginger (Hybrid) - Sunshine #4', 'Rose Delights - Rose Hibiscus (Indica) - Fruit Gushers', '(3.5g) Rose Delights | Gush Mints | Flower 1/8th | Indica', '(3.5g) Rose Delights | Super Lemon MAC | Flower 1/8th | Sativa', ' (14g) Redwood Roots | Mighty Minis Dosido | Flower 1/2 oz | Indica', ' (28g)Redwood Roots | Mighty Minis Dosido | Flower 1oz | Indica ', ' (1g) Cali Kosher | Live Resin | Orange Creamsicle | Vape Cartridge | Sativa']",[],,2022.10.21,The Hidden Cure - Delivery
16,https://www.leafly.com/dispensary-info/the-hidden-cure-delivery/p/620325793/rose-delights---california-mango-11?variant=1362901786,Rose Delights - California Mango 1:1,Edible,Edible,Delights,"https://leafly-public.imgix.net/menu/41GEKHw4RJec0qe2x8aJ_Screen%20Shot%202022-08-23%20at%2012.34.41%20AM.png?auto=compress,format&w=450&dpr=2",each,$38.00,,,[],THC 50.0mg,CBD 50.0mg,,"2.5mg CBD:2.5mg THC ( 20PCS /100MG TOTAL)
100% NATURAL
GLUTEN FREE
VEGAN

Eat one and allow up to 2 hours to take effect. 
No major allergens or artificial coloring 

Mango 1:1 Delights are a Turkish Delight-style infused edible. These Delights are made with California-grown Keitt mango and a 1:1 CBD ratio. This recipe possesses the naturally balanced cannabinoids as they exist in the source flower. Other edibles commonly use lower quality isolates to achieve a desired ratio. Rose feels that the chemical compounds of the flower have a better interaction with our biology when left in their most natural state. These Delights are the very first “native ratio” 1:1 of their kind.

The mango used for this recipe is a seasonal California-grown Keitt mango left to ripen and pureed in the Rose kitchen. California Keitt mango has a lighter color and more layered tropical flavor profile compared to other mango varieties. Add to all that, seasonal mango contains one of the most dominant terpenes in marijuana, myrcene. Mangoes’ myrcene is said to enable the cannabinoids to more easily go through the blood-brain barrier. This can provide quicker, prolonged, and more enhanced highs when combining mangoes and flower into one.

Rose is the first edible company in the recreational market to
exclusively use flower rosin, a solventless extract that conveys
the purest expression of the source plant. The end result: clearer
and stronger effects, enhanced therapeutic properties, and a
true representation of the flower’s flavor. 

Flower rosin preserves the beneficial properties of the plant for a
nuanced psychoactive experience and medicinal benefits.
Flower rosin is solventless and unprocessed. By using only heat
and pressure to squeeze rosin from the flower, a resinous imprint
of the plant is preserved at its peak potency. This gentle process
eliminates the need for flash freezing or hydrocarbon extraction.
Flower rosin is a good option for the customer looking for an
organic expression of the flower without any refinement, processing
or chemical solvents.

Rose favors unprocessed, unrefined cannabis that is organically grown for the same reason they source the highest quality produce - for the nuances in flavor and the medicinal benefits of using whole foods and plants.",,,"['Rose Delights - Deep Sleep - Holy Tonic', 'Rose Delights - Apple Ume Ginger (Hybrid) - Sunshine #4', 'Rose Delights - Rose Hibiscus (Indica) - Fruit Gushers', '(3.5g) Rose Delights | Gush Mints | Flower 1/8th | Indica', '(3.5g) Rose Delights | Super Lemon MAC | Flower 1/8th | Sativa', ' (1g) Cali Kosher | Live Resin | Orange Creamsicle | Vape Cartridge | Sativa', ' (14g) Redwood Roots | Mighty Minis Dosido | Flower 1/2 oz | Indica', ' (28g)Redwood Roots | Mighty Minis Dosido | Flower 1oz | Indica ']",[],,2022.10.21,The Hidden Cure - Delivery
17,https://www.leafly.com/dispensary-info/the-hidden-cure-delivery/p/620325794/rose-delights---apple-ume-ginger-hybrid---sunshine?variant=1362904242,Rose Delights - Apple Ume Ginger (Hybrid) - Sunshine #4,Edible,Edible,Delights,"https://leafly-public.imgix.net/menu/NdBlnrpHS5ORkw4KwHeR_Screen%20Shot%202022-08-23%20at%2012.36.58%20AM.png?auto=compress,format&w=450&dpr=2",each,$38.00,,,[],THC 100.0mg,CBD 0.0%,Hybrid,"5MG THC/PC ( 20PCS /100MG TOTAL)
100% NATURAL
GLUTEN FREE
VEGAN

Eat one and allow up to 2 hours to take effect. 
No major allergens or artificial coloring 

Apple Ume Ginger is a Turkish Delight-style infused edible. These Delights are infused with Indica or Sativa flower rosin and Ume plum syrup. apple cider is blended with a tart and floral Ume Plum syrup from Oakland-based Yumé Boshi - winner of the 2018 good food awards. They are then infused with Blue Dream (Sativa) or Sonoma Hills Dosilato (Indica).

Rose is the first edible company in the recreational market to
exclusively use flower rosin, a solventless extract that conveys
the purest expression of the source plant. The end result: clearer
and stronger effects, enhanced therapeutic properties, and a
true representation of the flower’s flavor. 

Flower rosin preserves the beneficial properties of the plant for a
nuanced psychoactive experience and medicinal benefits.
Flower rosin is solventless and unprocessed. By using only heat
and pressure to squeeze rosin from the flower, a resinous imprint
of the plant is preserved at its peak potency. This gentle process
eliminates the need for flash freezing or hydrocarbon extraction.
Flower rosin is a good option for the customer looking for an
organic expression of the flower without any refinement, processing
or chemical solvents.

Rose favors unprocessed, unrefined cannabis that is organically grown for the same reason they source the highest quality produce - for the nuances in flavor and the medicinal benefits of using whole foods and plants.",4.3,14.2k,"['Rose Delights - Deep Sleep - Holy Tonic', 'Rose Delights - California Mango 1:1', 'Rose Delights - Rose Hibiscus (Indica) - Fruit Gushers', '(3.5g) Rose Delights | Gush Mints | Flower 1/8th | Indica', '(3.5g) Rose Delights | Super Lemon MAC | Flower 1/8th | Sativa', ' (1g) Cali Kosher | Live Resin | Orange Creamsicle | Vape Cartridge | Sativa', ' (14g) Redwood Roots | Mighty Minis Dosido | Flower 1/2 oz | Indica', ' (28g)Redwood Roots | Mighty Minis Dosido | Flower 1oz | Indica ']",[],,2022.10.21,The Hidden Cure - Delivery
18,https://www.leafly.com/dispensary-info/the-hidden-cure-delivery/p/620325795/rose-delights---rose-hibiscus-indica---fruit-gushe?variant=1362904243,Rose Delights - Rose Hibiscus (Indica) - Fruit Gushers,Edible,Edible,Delights,"https://leafly-public.imgix.net/menu/9x9RgUfeTs2iA0uocUm4_Screen%20Shot%202022-08-23%20at%2012.39.57%20AM.png?auto=compress,format&w=450&dpr=2",each,$38.00,,,[],THC 100.0mg,CBD 0.0%,,"5MG THC/PC ( 20PCS /100MG TOTAL)
100% NATURAL
GLUTEN FREE
VEGAN

Eat one and allow up to 2 hours to take effect. 
No major allergens or artificial coloring 

Rose Hibiscus Delights is a Turkish Delight-style infused edible. These  Delights offer an aromatic and bright floral experience that’s the sum of two parts: organic rose hydrosol and organic hibiscus flower. This recipe includes the botanic undertones of a single strain flower rosin from regeneratively farmed flower.

Rose is the first edible company in the recreational market to
exclusively use flower rosin, a solventless extract that conveys
the purest expression of the source plant. The end result: clearer
and stronger effects, enhanced therapeutic properties, and a
true representation of the flower’s flavor. 

Flower rosin preserves the beneficial properties of the plant for a
nuanced psychoactive experience and medicinal benefits.
Flower rosin is solventless and unprocessed. By using only heat
and pressure to squeeze rosin from the flower, a resinous imprint
of the plant is preserved at its peak potency. This gentle process
eliminates the need for flash freezing or hydrocarbon extraction.
Flower rosin is a good option for the customer looking for an
organic expression of the flower without any refinement, processing
or chemical solvents.

Rose favors unprocessed, unrefined cannabis that is organically grown for the same reason they source the highest quality produce - for the nuances in flavor and the medicinal benefits of using whole foods and plants.",,,"['Rose Delights - Deep Sleep - Holy Tonic', 'Rose Delights - California Mango 1:1', 'Rose Delights - Apple Ume Ginger (Hybrid) - Sunshine #4', '(3.5g) Rose Delights | Gush Mints | Flower 1/8th | Indica', '(3.5g) Rose Delights | Super Lemon MAC | Flower 1/8th | Sativa', ' (14g) Redwood Roots | Mighty Minis Dosido | Flower 1/2 oz | Indica', ' (28g)Redwood Roots | Mighty Minis Dosido | Flower 1oz | Indica ', ' (1g) Cali Kosher | Live Resin | Orange Creamsicle | Vape Cartridge | Sativa']",[],,2022.10.21,The Hidden Cure - Delivery
19,https://www.leafly.com/dispensary-info/the-hidden-cure-delivery/p/620353961/1g-cali-kosher--live-resin--orange-creamsicle--vap?variant=1365390235, (1g) Cali Kosher | Live Resin | Orange Creamsicle | Vape Cartridge | Sativa,Cartridge,Cartridge,Cali Kosher Cannabis,"https://leafly-public.imgix.net/menu/3wXJ818SQoanapmhSpQR_Orange%20Creamsicle%20Live%20Resin.jpg?auto=compress,format&w=450&dpr=2",each,$36.00,,,[],THC 77.1%,CBD 0.0%,Hybrid,"Orange Creamsicle is a Sativa dominant strain that produces happy and uplifting effects that help clear your mind. As the name suggests, this pungent strain has a loud citrus flavor and aroma. The dominant terpene is Myrcene and this strain has been known to help alleviate nausea and anxiety. 

Live Resin is extracted from freshly harvested  plant material that's been flash-frozen (or fresh frozen) at sub-level temperatures and  blasted with solvents then pressed.

Cali Kosher is certified Kosher Cannabis grown in the heart of California. Every gram is single sourced and organically grown using live soil to produce the best possible environment for their cannabis crops, resulting in a superior terpene profile for your enjoyment. 
",4.5,210,"['(1g) Cali Kosher | Live Resin | Papaya | Vape Cartridge | Indica', '(1g) Dabwoods | Indica | Watermelon Z | Disposable', '(0.5g) Lilwoods | Live Resin | Kush Mintz | Hybrid |Disposable', '(0.5g) Lilwoods | Live Resin | Rainbow Kush | Indica |Disposable', '(1g) Cali Kosher | Badder | Dosi x Watermelon Z | Indica', '(1g) Cali Kosher | Frosting |  Lemon Royal | Sativa', '(1g) Dabwoods | Sativa | Blue Rasberry Slushi | Disposable', '(1g) Dabwoods | Sativa |Sunset Tsunami | Disposable']",[],,2022.10.21,The Hidden Cure - Delivery
20,https://www.leafly.com/dispensary-info/the-hidden-cure-delivery/p/620601770/1g-dabwoods--indica--watermelon-z--disposable?variant=1382083796,(1g) Dabwoods | Indica | Watermelon Z | Disposable,Cartridge,Cartridge,Dabwoods,"https://leafly-public.imgix.net/menu/Bub73YcBTeyUmZ07Oiyp_Untitled%20design1.png?auto=compress,format&w=450&dpr=2",each,$56.00,,,[],THC 93.2%,CBD 0.0%,Indica,"Infused with culture, powered by innovation.
Rechargeable Disposable vape. Optimized Coil compatible with distillate/resin/rosin.  
*Direct Air Flow Design
*Aerosol Tested
*Food Grade Stainless steel
",4.5,113,"['(0.5g) Lilwoods | Live Resin | Kush Mintz | Hybrid |Disposable', '(0.5g) Lilwoods | Live Resin | Rainbow Kush | Indica |Disposable', '(1g) Dabwoods | Sativa | Blue Rasberry Slushi | Disposable', '(1g) Dabwoods | Sativa |Sunset Tsunami | Disposable', '(0.5g) Lilwoods | Live Resin | Platinum Gas | Hybrid |Disposable', '(1g) Dabwoods | Hybrid | Train Wreck | Disposable ', '(0.5g) Lilwoods | Live Resin | Fanta OG | Indica | Disposable', '(0.5g) Lilwoods | Live Resin | Lemon Diesel | Sativa| Disposable']",[],,2022.10.21,The Hidden Cure - Delivery
21,https://www.leafly.com/dispensary-info/the-hidden-cure-delivery/p/620600504/05g-lilwoods--live-resin--kush-mintz--hybrid-dispo?variant=1382066135,(0.5g) Lilwoods | Live Resin | Kush Mintz | Hybrid |Disposable,Cartridge,Cartridge,Dabwoods,"https://leafly-public.imgix.net/menu/kLK041hCRE20LKmbs6mx_Untitled%20design1.png?auto=compress,format&w=450&dpr=2",each,$46.00,,,[],THC 81.0%,CBD 0.0%,Hybrid,"Infused with culture, powered by innovation.
Rechargeable Disposable vape. Optimized Coil compatible with distillate/resin/rosin.  
*Direct Air Flow Design
*Aerosol Tested
*Food Grade Stainless steel
",4.6,224,"['(1g) Dabwoods | Indica | Watermelon Z | Disposable', '(0.5g) Lilwoods | Live Resin | Rainbow Kush | Indica |Disposable', '(1g) Dabwoods | Sativa | Blue Rasberry Slushi | Disposable', '(1g) Dabwoods | Sativa |Sunset Tsunami | Disposable', '(1g) Dabwoods | Hybrid | Train Wreck | Disposable ', '(0.5g) Lilwoods | Live Resin | Platinum Gas | Hybrid |Disposable', '(0.5g) Lilwoods | Live Resin | Fanta OG | Indica | Disposable', '(0.5g) Lilwoods | Live Resin | Lemon Diesel | Sativa| Disposable']",[],Kush Mints is a hybrid marijuana strain made by crossing Animal Mints with Bubba Kush. The result is a high THC strain with a unique minty taste. Kush Mints provides effects that are uplifting and happy. This strain has a complex flavor profile that tastes like mint and cookies. Growers say Kush Mints grows best when indoors and done hydroponically. Medical marijuana patients choose this strain to help stimulate appetite.,2022.10.21,The Hidden Cure - Delivery
22,https://www.leafly.com/dispensary-info/the-hidden-cure-delivery/p/620353948/1g-cali-kosher--live-resin--papaya--vape-cartridge?variant=1365389431,(1g) Cali Kosher | Live Resin | Papaya | Vape Cartridge | Indica,Cartridge,Cartridge,Cali Kosher Cannabis,"https://leafly-public.imgix.net/menu/0pdvy7tRj2Sh5JBKm3oo_Papaya%20Live%20Resin.jpg?auto=compress,format&w=450&dpr=2",each,$36.00,,,[],THC 72.0%,CBD 0.0%,Indica,"Papaya is an indica-dominant strain that is known for producing a mental calmness. This strain was bred from Mango genetics and has a slight mango flavor and aroma with notes of spice, pepper and papaya. The dominant terpene is Myrcene and this strain is known to produce a relaxing and sleepy effect.   

Live Resin is extracted from freshly harvested  plant material that's been flash-frozen (or fresh frozen) at sub-level temperatures and  blasted with solvents then pressed.

Cali Kosher is certified Kosher Cannabis grown in the heart of California. Every gram is single sourced and organically grown using live soil to produce the best possible environment for their cannabis crops, resulting in a superior terpene profile for your enjoyment. 
",4.3,305,"[' (1g) Cali Kosher | Live Resin | Orange Creamsicle | Vape Cartridge | Sativa', ' (1g) Cali Kosher | Live Rosin | Papaya | Indica', '(1g) Dabwoods | Indica | Watermelon Z | Disposable', '(0.5g) Lilwoods | Live Resin | Kush Mintz | Hybrid |Disposable', '(0.5g) Lilwoods | Live Resin | Rainbow Kush | Indica |Disposable', '(1g) Cali Kosher | Badder | Dosi x Watermelon Z | Indica', '(1g) Cali Kosher | Frosting |  Lemon Royal | Sativa', '(1g) Dabwoods | Sativa | Blue Rasberry Slushi | Disposable']",[],"Papaya is an indica-dominant hybrid cannabis strain that is known for producing a mental calmness, though many consumers also find that this strain makes them energetic and productive. Nirvana Seeds bred this to be their take on a Mango strain and crossed Citral #13 with Ice #2 to make their own fruit. They met their own challenge and Papaya smells uncannily like its namesake. The taste is similar to its tropical fruit counterpart, but a spicy, peppery side also becomes apparent. The plants stay fairly short and thin, producing lots of fluffy buds with papaya-orange hairs in 8 or 9 weeks.",2022.10.21,The Hidden Cure - Delivery
23,https://www.leafly.com/dispensary-info/the-hidden-cure-delivery/p/620600503/05g-lilwoods--live-resin--rainbow-kush--indica-dis?variant=1382066136,(0.5g) Lilwoods | Live Resin | Rainbow Kush | Indica |Disposable,Cartridge,Cartridge,Dabwoods,"https://leafly-public.imgix.net/menu/dpCfXzYsSCqjHvcM3f3a_Untitled%20design1.png?auto=compress,format&w=450&dpr=2",each,$46.00,,,[],THC 81.0%,CBD 0.0%,Hybrid,"Infused with culture, powered by innovation.
Rechargeable Disposable vape. Optimized Coil compatible with distillate/resin/rosin.  
*Direct Air Flow Design
*Aerosol Tested
*Food Grade Stainless steel
",4.4,146,"['(1g) Dabwoods | Indica | Watermelon Z | Disposable', '(0.5g) Lilwoods | Live Resin | Kush Mintz | Hybrid |Disposable', '(1g) Dabwoods | Sativa | Blue Rasberry Slushi | Disposable', '(1g) Dabwoods | Sativa |Sunset Tsunami | Disposable', '(1g) Dabwoods | Hybrid | Train Wreck | Disposable ', '(0.5g) Lilwoods | Live Resin | Platinum Gas | Hybrid |Disposable', '(0.5g) Lilwoods | Live Resin | Fanta OG | Indica | Disposable', '(0.5g) Lilwoods | Live Resin | Lemon Diesel | Sativa| Disposable']",[],,2022.10.21,The Hidden Cure - Delivery
24,https://www.leafly.com/dispensary-info/the-hidden-cure-delivery/p/620600500/05g-lilwoods--live-resin--platinum-gas--hybrid-dis?variant=1382066133,(0.5g) Lilwoods | Live Resin | Platinum Gas | Hybrid |Disposable,Cartridge,Cartridge,Dabwoods,"https://leafly-public.imgix.net/menu/NUmpFtEOS1QWyUDIWCFQ_Untitled%20design1.png?auto=compress,format&w=450&dpr=2",each,$46.00,,,[],THC 80.8%,CBD 0.0%,,"Infused with culture, powered by innovation.
Rechargeable Disposable vape. Optimized Coil compatible with distillate/resin/rosin.  
*Direct Air Flow Design
*Aerosol Tested
*Food Grade Stainless steel
",,,"['(1g) Dabwoods | Indica | Watermelon Z | Disposable', '(0.5g) Lilwoods | Live Resin | Kush Mintz | Hybrid |Disposable', '(0.5g) Lilwoods | Live Resin | Rainbow Kush | Indica |Disposable', '(1g) Dabwoods | Sativa | Blue Rasberry Slushi | Disposable', '(1g) Dabwoods | Sativa |Sunset Tsunami | Disposable', '(1g) Dabwoods | Hybrid | Train Wreck | Disposable ', '(0.5g) Lilwoods | Live Resin | Fanta OG | Indica | Disposable', '(0.5g) Lilwoods | Live Resin | Lemon Diesel | Sativa| Disposable']",[],,2022.10.21,The Hidden Cure - Delivery
25,https://www.leafly.com/dispensary-info/the-hidden-cure-delivery/p/620600501/05g-lilwoods--live-resin--fanta-og--indica--dispos?variant=1382066134,(0.5g) Lilwoods | Live Resin | Fanta OG | Indica | Disposable,Cartridge,Cartridge,Dabwoods,"https://leafly-public.imgix.net/menu/MBYQRsI7TQSxRkulq7zp_Untitled%20design1.png?auto=compress,format&w=450&dpr=2",each,$46.00,,,[],THC 81.7%,CBD 0.0%,,"Infused with culture, powered by innovation.
Rechargeable Disposable vape. Optimized Coil compatible with distillate/resin/rosin.  
*Direct Air Flow Design
*Aerosol Tested
*Food Grade Stainless steel
",,,"['(1g) Dabwoods | Indica | Watermelon Z | Disposable', '(0.5g) Lilwoods | Live Resin | Kush Mintz | Hybrid |Disposable', '(0.5g) Lilwoods | Live Resin | Rainbow Kush | Indica |Disposable', '(1g) Dabwoods | Sativa | Blue Rasberry Slushi | Disposable', '(1g) Dabwoods | Sativa |Sunset Tsunami | Disposable', '(0.5g) Lilwoods | Live Resin | Lemon Diesel | Sativa| Disposable', '(1g) Dabwoods | Hybrid | Guavalato | Disposable', '(0.5g) Lilwoods | Live Resin | Platinum Gas | Hybrid |Disposable']",[],,2022.10.21,The Hidden Cure - Delivery
26,https://www.leafly.com/dispensary-info/the-hidden-cure-delivery/p/620600502/05g-lilwoods--live-resin--lemon-diesel--sativa-dis?variant=1382066137,(0.5g) Lilwoods | Live Resin | Lemon Diesel | Sativa| Disposable,Cartridge,Cartridge,Dabwoods,"https://leafly-public.imgix.net/menu/GGwMCjGJRAS6VWuuFEZU_Untitled%20design1.png?auto=compress,format&w=450&dpr=2",each,$46.00,,,[],THC 81.6%,CBD 0.0%,Hybrid,"Infused with culture, powered by innovation.
Rechargeable Disposable vape. Optimized Coil compatible with distillate/resin/rosin.  
*Direct Air Flow Design
*Aerosol Tested
*Food Grade Stainless steel
",4.2,597,"['(1g) Dabwoods | Indica | Watermelon Z | Disposable', '(0.5g) Lilwoods | Live Resin | Kush Mintz | Hybrid |Disposable', '(0.5g) Lilwoods | Live Resin | Rainbow Kush | Indica |Disposable', '(1g) Dabwoods | Sativa | Blue Rasberry Slushi | Disposable', '(1g) Dabwoods | Sativa |Sunset Tsunami | Disposable', '(1g) Dabwoods | Hybrid | Train Wreck | Disposable ', '(0.5g) Lilwoods | Live Resin | Platinum Gas | Hybrid |Disposable', '(0.5g) Lilwoods | Live Resin | Fanta OG | Indica | Disposable']",[],,2022.10.21,The Hidden Cure - Delivery
27,https://www.leafly.com/dispensary-info/the-hidden-cure-delivery/p/620601772/1g-dabwoods--sativa--blue-rasberry-slushi--disposa?variant=1382083798,(1g) Dabwoods | Sativa | Blue Rasberry Slushi | Disposable,Cartridge,Cartridge,Dabwoods,"https://leafly-public.imgix.net/menu/hmCMyTrxTZyh6FWRHAVt_Untitled%20design1.png?auto=compress,format&w=450&dpr=2",each,$56.00,,,[],THC 90.4%,CBD 0.0%,Hybrid,"Infused with culture, powered by innovation.
Rechargeable Disposable vape. Optimized Coil compatible with distillate/resin/rosin.  
*Direct Air Flow Design
*Aerosol Tested
*Food Grade Stainless steel
",4.7,46,"['(1g) Dabwoods | Indica | Watermelon Z | Disposable', '(0.5g) Lilwoods | Live Resin | Kush Mintz | Hybrid |Disposable', '(0.5g) Lilwoods | Live Resin | Rainbow Kush | Indica |Disposable', '(1g) Dabwoods | Sativa |Sunset Tsunami | Disposable', '(0.5g) Lilwoods | Live Resin | Platinum Gas | Hybrid |Disposable', '(1g) Dabwoods | Hybrid | Train Wreck | Disposable ', '(0.5g) Lilwoods | Live Resin | Fanta OG | Indica | Disposable', '(0.5g) Lilwoods | Live Resin | Lemon Diesel | Sativa| Disposable']",[],,2022.10.21,The Hidden Cure - Delivery
28,https://www.leafly.com/dispensary-info/the-hidden-cure-delivery/p/620601774/1g-dabwoods--sativa-sunset-tsunami--disposable?variant=1382083799,(1g) Dabwoods | Sativa |Sunset Tsunami | Disposable,Cartridge,Cartridge,Dabwoods,"https://leafly-public.imgix.net/menu/FIzAqmebTR2SkHmNbzAb_Untitled%20design1.png?auto=compress,format&w=450&dpr=2",each,$56.00,,,[],THC 90.9%,CBD 0.0%,Indica,"Infused with culture, powered by innovation.
Rechargeable Disposable vape. Optimized Coil compatible with distillate/resin/rosin.  
*Direct Air Flow Design
*Aerosol Tested
*Food Grade Stainless steel
",4.2,67,"['(1g) Dabwoods | Indica | Watermelon Z | Disposable', '(0.5g) Lilwoods | Live Resin | Kush Mintz | Hybrid |Disposable', '(0.5g) Lilwoods | Live Resin | Rainbow Kush | Indica |Disposable', '(1g) Dabwoods | Sativa | Blue Rasberry Slushi | Disposable', '(0.5g) Lilwoods | Live Resin | Platinum Gas | Hybrid |Disposable', '(1g) Dabwoods | Hybrid | Train Wreck | Disposable ', '(0.5g) Lilwoods | Live Resin | Fanta OG | Indica | Disposable', '(0.5g) Lilwoods | Live Resin | Lemon Diesel | Sativa| Disposable']",[],,2022.10.21,The Hidden Cure - Delivery
29,https://www.leafly.com/dispensary-info/the-hidden-cure-delivery/p/620601773/1g-dabwoods--hybrid--train-wreck--disposable?variant=1382083800,(1g) Dabwoods | Hybrid | Train Wreck | Disposable ,Cartridge,Cartridge,Dabwoods,"https://leafly-public.imgix.net/menu/WYjUtuNCQXAACb2hujYp_Untitled%20design1.png?auto=compress,format&w=450&dpr=2",each,$56.00,,,[],THC 93.0%,CBD 0.0%,Hybrid,"Infused with culture, powered by innovation.
Rechargeable Disposable vape. Optimized Coil compatible with distillate/resin/rosin.  
*Direct Air Flow Design
*Aerosol Tested
*Food Grade Stainless steel
",4.2,3090,"['(1g) Dabwoods | Indica | Watermelon Z | Disposable', '(0.5g) Lilwoods | Live Resin | Kush Mintz | Hybrid |Disposable', '(0.5g) Lilwoods | Live Resin | Rainbow Kush | Indica |Disposable', '(1g) Dabwoods | Sativa | Blue Rasberry Slushi | Disposable', '(1g) Dabwoods | Sativa |Sunset Tsunami | Disposable', '(0.5g) Lilwoods | Live Resin | Platinum Gas | Hybrid |Disposable', '(0.5g) Lilwoods | Live Resin | Fanta OG | Indica | Disposable', '(0.5g) Lilwoods | Live Resin | Lemon Diesel | Sativa| Disposable']",[],,2022.10.21,The Hidden Cure - Delivery
30,https://www.leafly.com/dispensary-info/the-hidden-cure-delivery/p/620601775/1g-dabwoods--hybrid--guavalato--disposable?variant=1382083801,(1g) Dabwoods | Hybrid | Guavalato | Disposable,Cartridge,Cartridge,Dabwoods,"https://leafly-public.imgix.net/menu/PeuH1jSqQoqCvaasC4dD_Untitled%20design1.png?auto=compress,format&w=450&dpr=2",each,$56.00,,,[],THC 90.1%,CBD 0.0%,,"Infused with culture, powered by innovation.
Rechargeable Disposable vape. Optimized Coil compatible with distillate/resin/rosin.  
*Direct Air Flow Design
*Aerosol Tested
*Food Grade Stainless steel
",,,"['(1g) Dabwoods | Indica | Watermelon Z | Disposable', '(0.5g) Lilwoods | Live Resin | Kush Mintz | Hybrid |Disposable', '(0.5g) Lilwoods | Live Resin | Rainbow Kush | Indica |Disposable', '(1g) Dabwoods | Sativa | Blue Rasberry Slushi | Disposable', '(1g) Dabwoods | Sativa |Sunset Tsunami | Disposable', '(0.5g) Lilwoods | Live Resin | Fanta OG | Indica | Disposable', '(0.5g) Lilwoods | Live Resin | Lemon Diesel | Sativa| Disposable', '(0.5g) Lilwoods | Live Resin | Platinum Gas | Hybrid |Disposable']",[],,2022.10.21,The Hidden Cure - Delivery
31,https://www.leafly.com/dispensary-info/the-hidden-cure-delivery/p/618805013/phuckette-phanny-pack?variant=1241530713,PHUCKETTE Phanny Pack,Accessory,Accessory,Phuckette,"https://connect-files-public.s3.amazonaws.com/38d51a7e-7fee-462d-92fa-c2ec13c31656.png?auto=compress,format&w=450&dpr=2",each,$20.00,,,[],THC 0.0%,CBD 0.0%,,Rock Phuckette loud and proud with this awesome Phanny Pack! Wear it around your waist or wear it across your chest! It's the perfect size to carry your lighters and stash! ,,,"[' (14g) Redwood Roots | Mighty Minis Dosido | Flower 1/2 oz | Indica', ' (28g)Redwood Roots | Mighty Minis Dosido | Flower 1oz | Indica ', ' (1g) Cali Kosher | Live Resin | Orange Creamsicle | Vape Cartridge | Sativa', '(3.5g) Red Headed | Sherbert Frosting | Flower 1/8th | Indica', ""(7g) Full Moon Farms | TR Grapes N' Cream / Blueberry Gelato | Flower 1/4 oz | Indica"", '(1g) Dabwoods | Indica | Watermelon Z | Disposable', '(0.5g) Lilwoods | Live Resin | Kush Mintz | Hybrid |Disposable', '(3.5g ea) Lady Sativa Farm | Runtz Cake | Flower 1/8th | Hybrid']",[],,2022.10.21,The Hidden Cure - Delivery
