﻿Index,Link,Name,Label,Category,Brand,Image,Unit,Price,OrginalPrice,Discount,OtherAmount,THC,CBD,Lineage,Description,Rating,Reviewnum,Alsolike,Similar,Strain,ScrapeTime,Store name
0,https://www.leafly.com/dispensary-info/true-passion-dispensary/p/615836718/pbj?variant=1023141963,PB&J,Hybrid flower,Flower,PB&J,"https://leafly-public.imgix.net/menu/lpnOKa88Q9S4D8IwMToC_IMG_8288.JPG?auto=compress,format&w=450&dpr=2",⅛ ounce,$17.50,reg $25.00,30% off,['price of 45 for 7 g'],THC 26.4%,CBD —,Hybrid,"PB&J, Flower - THC 26.4%",4.3,29.0,"['BLUE HUNDRED$', 'Jealousy ', 'DOSIDOS', 'Pink Fifties', 'Sunset Sherbert', 'Lemon Cherry Gelato ', 'Runtz', 'BLUE COOKIES']",[],,2022.10.21,True Passion Dispensary LLC
1,https://www.leafly.com/dispensary-info/true-passion-dispensary/p/618880667/blue-hundred?variant=1244352325,BLUE HUNDRED$,Hybrid flower,Flower,Money Makin ,"https://leafly-public.imgix.net/menu/okHkH8SQQe66SaZXOAvy_8B1BD092-E5E9-4CDC-8AF2-444B21B27F03.jpeg?auto=compress,format&w=450&dpr=2",⅛ ounce,$21.00,reg $30.00,30% off,['price of 55 for 7 g'],THC 41.7%,CBD 0.0%,Hybrid,"BLUE HUNDRED$, Flower - THC 41.67%, CBD 0%",4.7,47.0,"['PB&J', 'Jealousy ', 'DOSIDOS', 'Pink Fifties', 'Sunset Sherbert', 'Lemon Cherry Gelato ', 'Runtz', 'BLUE COOKIES']",[],,2022.10.21,True Passion Dispensary LLC
2,https://www.leafly.com/dispensary-info/true-passion-dispensary/p/620135505/jealousy?variant=1345391279,Jealousy ,Hybrid flower,Flower,LitHouse,"https://leafly-public.imgix.net/menu/7pTVODXHSHyjsqADJWJK_8D6B4E07-0389-4A5D-8CAD-5AC2F46F1041.jpeg?auto=compress,format&w=450&dpr=2",⅛ ounce,$24.50,reg $35.00,30% off,"['price of 75 for 7 g', 'price of 150 for 14 g', 'price of 280 for 28 g']",THC 28.0%,CBD —,Hybrid,"Jealousy , Flower - THC 28%",4.7,39.0,"['Runtz', 'Sunset Sherbert', 'Lemon Cherry Gelato ', 'Area 41', 'PB&J', 'BLUE HUNDRED$', 'Pink Fifties', 'DOSIDOS']",[],,2022.10.21,True Passion Dispensary LLC
3,https://www.leafly.com/dispensary-info/true-passion-dispensary/p/615835149/dosidos?variant=1022980354,DOSIDOS,Hybrid flower,Flower,Zips!,"https://leafly-public.imgix.net/menu/hgTXJthCSemvBBrw7AbW_VJAJ8606.JPEG?auto=compress,format&w=450&dpr=2",⅛ ounce,$14.00,reg $20.00,30% off,[],THC 28.1%,CBD —,Hybrid,"Dosidos, also known as ""Dosi Doe,"" ""Do-Si-Dos,"" and ""Dosi"" is an indica-dominant hybrid marijuana strain with qualities similar to its parent, OGKB, a GSC-phenotype. With glittering trichomes, bright pistils, and lime green and lavender leaves, Dosidos weed is a feast for the eyes. Its aroma is pungent, sweet, and earthy with slight floral funkiness. These classic OG aromas blend nicely with medical-grade body effects that lean toward the sedative side with the addition of Face Off OG genetics. Those who smoke Dosi can enjoy a stoney, in-your-face buzz off the start that melts down over the body, prettifying the consumer with relaxation that emanates outward. The dominant terpene in Dosidos is limonene.",4.6,1059.0,"['BLUE COOKIES', 'MIMOSA', 'PB&J', 'BLUE HUNDRED$', 'Jealousy ', 'Sunset Sherbert', 'Lemon Cherry Gelato ', 'Pink Fifties']",[],"Dosidos strain info  Dosidos, also known as ""Dosi Doe,"" ""Do-Si-Dos,"" and ""Dosi"" is an indica-dominant hybrid marijuana strain with qualities similar to its parent, OGKB, a GSC-phenotype. With glittering trichomes, bright pistils, and lime green and lavender leaves, Dosidos weed is a feast for the eyes. Its aroma is pungent, sweet, and earthy with slight floral funkiness. These classic OG aromas blend nicely with medical-grade body effects that lean toward the sedative side with the addition of Face Off OG genetics. Those who smoke Dosi can enjoy a stoney, in-your-face buzz off the start that melts down over the body, prettifying the consumer with relaxation that emanates outward. The dominant terpene in Dosidos is limonene.  Dosidos growing info  Dosidos is a popular strain choice for both intermediate and advanced growers. This strain can be grown indoors or outdoors. You can expect an average flowering time of 63 days. Dosidos has a medium to heavy yield ranging 500-900 grams and tends to grow average height indoors, but can grow tall outside. Dosidos will finish in September through October. Dosidos can be grown in traditional soil or through hydroponics.",2022.10.21,True Passion Dispensary LLC
4,https://www.leafly.com/dispensary-info/true-passion-dispensary/p/618880573/pink-fifties?variant=1244340509,Pink Fifties,Flower,Flower,Money Makin,"https://leafly-public.imgix.net/menu/BjOhrMtjTA2DZp5TAC0a_1F3B9C61-861E-4ECC-B907-F33EEA1B6C73.png?auto=compress,format&w=450&dpr=2",⅛ ounce,$21.00,reg $30.00,30% off,['price of 55 for 7 g'],THC 38.2%,CBD 0.0%,,"Pink Fifties, Flower - THC 38.18%, CBD 0%",,,"['PB&J', 'BLUE HUNDRED$', 'Jealousy ', 'Sunset Sherbert', 'Lemon Cherry Gelato ', 'Runtz', 'DOSIDOS', 'GUMBALL #2']",[],,2022.10.21,True Passion Dispensary LLC
5,https://www.leafly.com/dispensary-info/true-passion-dispensary/p/618616271/sunset-sherbert?variant=1225298512,Sunset Sherbert,Hybrid flower,Flower,Claybourne Co.,"https://leafly-public.imgix.net/products/photos/BSTL4gjyTiaeN1A6d7ff_Claybourne_SunsetSherbert_8th.jpg?auto=compress,format&w=450&dpr=2",⅛ ounce,$24.50,reg $35.00,30% off,"['price of 75 for 7 g', 'price of 150 for 14 g', 'price of 280 for 28 g']",THC 26.3%,CBD —,Hybrid,"Claybourne Eighths

100% indoor grown, premium selections of CBD-Rich and THC-Rich varieties. Packaged with care to make sure we all get a chance at the show bud. Featuring full cannabinoid and terpene profiles right on the package.
_____

Sunset Sherbet boasts a relaxing body high that’s sure to have you feeling like you’re on vacation under the tropical sun. This strain carries a deep purple hue under its dense trichomes and a distinctive nose that is both pungent and pleasantly floral in contrast to its sweet and cakey taste.",4.6,1555.0,"['Jealousy ', 'Runtz', 'Area 41', 'PB&J', 'BLUE HUNDRED$', 'Lemon Cherry Gelato ', 'Pink Fifties', 'DOSIDOS']","['Lemon Cherry Gelato ', 'DOSIDOS']",,2022.10.21,True Passion Dispensary LLC
6,https://www.leafly.com/dispensary-info/true-passion-dispensary/p/620135496/lemon-cherry-gelato?variant=1345389003,Lemon Cherry Gelato ,Hybrid flower,Flower,LitHouse,"https://leafly-public.imgix.net/menu/G2uc6AhT4XNysXHFzhgK_DBCF8CE0-B946-4E26-A00A-CF7AA736C5E3.jpeg?auto=compress,format&w=450&dpr=2",⅛ ounce,$24.50,reg $35.00,30% off,"['price of 75 for 7 g', 'price of 150 for 14 g', 'price of 280 for 28 g']",THC 35.0%,CBD 1.1%,Hybrid,"Lemon Cherry Gelato , Flower - THC 35%, CBD 1.05%",4.6,2202.0,"['Jealousy ', 'Runtz', 'PB&J', 'BLUE HUNDRED$', 'Sunset Sherbert', 'Pink Fifties', 'DOSIDOS', 'Lemon Lava Pre-Roll Pack']","['Sunset Sherbert', 'Runtz']",,2022.10.21,True Passion Dispensary LLC
7,https://www.leafly.com/dispensary-info/true-passion-dispensary/p/620135527/runtz?variant=1345393962,Runtz,Hybrid flower,Flower,LitHouse,"https://leafly-public.imgix.net/products/photos/QKObDaD9TtGKqJ4FNafz_LH_Menu_Jar_Color_Square_Runtz.jpg?auto=compress,format&w=450&dpr=2",⅛ ounce,$24.50,reg $35.00,30% off,"['price of 75 for 7 g', 'price of 150 for 14 g', 'price of 280 for 28 g']",THC 29.0%,CBD —,Hybrid,"Zkittlez x Gelato

The grass truly is greener in California and this red hot strain from the Cookies Fam is a shining example of Golden State excellence. Bred from two award-winning Cali classics, Zkittlez and Gelato, Runtz achieved instant celebrity status for its mouth-watering candy fruit flavor that is so tasty you just have to keep hitting it. A luscious tropical fruit aroma is highlighted with bright tangy citrus and rich earthy undertones. The high comes on smooth, with a simultaneous tingling, flowing body buzz, and an active, inspired mental state, making Runtz an ideal functional creative strain. Like a soothing boardwalk evening, the thick Runtz buds are a deep indigo and viridian color, lit up with twinkling soft ember stigmas and stardust trichomes. Exhilarating yet tranquil, stimulating yet soothing, like the incomparable Pacific herself, Runtz captures all the greatness, glamour, and fertile magic of our beloved Golden Coast.

Our LitHouse premium eighth jars contain 3.5 grams of small-batch, craft grown, cannabis flower. LitHouse focuses on flavor and potency. All of our flower is slow cold-cured and expertly trimmed for maximum terpene preservation. You can always count on high quality and consistency in every jar from LitHouse.",4.6,743.0,"['Jealousy ', 'Sunset Sherbert', 'Lemon Cherry Gelato ', 'Area 41', 'PB&J', 'BLUE HUNDRED$', 'Pink Fifties', 'DOSIDOS']",['Lemon Cherry Gelato '],"Runtz, also known as ""Runtz OG,"" is a rare type of  hybrid marijuana strain. Runtz is made by Cookies Fam by crossing  Zkittlez with Gelato and it is loved for its incredibly fruity flavor profile that smells just like a bag of the sugary candy we all know and love. Because of the rising popularity of this cannabis strain, it's no surprise Runtz was named Leafly Strain of the Year in 2020. Growers say this strain has resin-drenched buds that range in color from rich purple to lime green. Runtz is celebrated for its creamy smoke that is smooth and welcoming. This strain of weed produces euphoric highs and uplifting effects that are known to be long-lasting.  Runtz growing info  Runtz is a popular strain choice for both intermediate and advanced growers. This strain can be grown indoors and outdoors. You can expect a flowering time of 63 days or 7-9 weeks. When grown outside, Runtz will finish in mid-October. This strain offers a smaller than average yield.",2022.10.21,True Passion Dispensary LLC
8,https://www.leafly.com/dispensary-info/true-passion-dispensary/p/615835538/mimosa?variant=1023017603,MIMOSA,Hybrid flower,Flower,Zips!,"https://leafly-public.imgix.net/menu/vDmgAMR4SnqkITimZoJ4_TRBV7368.JPEG?auto=compress,format&w=450&dpr=2",⅛ ounce,$14.00,reg $20.00,30% off,[],THC 27.5%,CBD —,Hybrid,"Mimosa, also known as ""Purple Mimosa,"" is a hybrid marijuana strain made by crossing Clementine with Purple Punch. In small doses, this strain produces happy, level-headed effects that will leave you feeling uplifted and motivated enough to take on any mundane task. In large doses, Mimosa may make you feel sleepy and relaxed. This strain has a strong aroma and flavor that reminds you of its namesake - with notes of fruit and citrus flavors bursting through. Medical marijuana patients choose this strain to help relieve symptoms associated with depression and stress. Mimosa is a rising star in the cannabis community, so don't pass up an opportunity to enjoy this special strain.",4.5,934.0,"['DOSIDOS', 'BLUE COOKIES', 'PB&J', 'BLUE HUNDRED$', 'Jealousy ', 'Sunset Sherbert', 'Lemon Cherry Gelato ', 'Pink Fifties']",[],"Mimosa, also known as ""Purple Mimosa,"" is a hybrid marijuana strain made by crossing Clementine with Purple Punch. In small doses, this strain produces happy, level-headed effects that will leave you feeling uplifted and motivated enough to take on any mundane task. In large doses, Mimosa may make you feel sleepy and relaxed. This strain has a strong aroma and flavor that reminds you of its namesake, with notes of fruit and citrus flavors bursting through. Medical marijuana patients choose this strain to help relieve symptoms associated with depression and stress. Mimosa is a staple from the Tangie family. Breeder Symbiotic Genetics has released a refined Mimosa dubbed Mimosa v6.",2022.10.21,True Passion Dispensary LLC
9,https://www.leafly.com/dispensary-info/true-passion-dispensary/p/615836333/gumball-2?variant=1023098637,GUMBALL #2,Indica flower,Flower,GUMBALL #2,"https://leafly-public.imgix.net/menu/2YCqIk49SziR2sShKBwz_IMG_8279.JPG?auto=compress,format&w=450&dpr=2",⅛ ounce,$14.00,reg $20.00,30% off,[],THC 33.0%,CBD —,Indica,"GUMBALL #2, Flower - THC 32.98%",4.5,71.0,"['PB&J', 'BLUE HUNDRED$', 'Jealousy ', 'Sunset Sherbert', 'Lemon Cherry Gelato ', 'Pink Fifties', 'Runtz', 'DOSIDOS']",[],,2022.10.21,True Passion Dispensary LLC
10,https://www.leafly.com/dispensary-info/true-passion-dispensary/p/618880468/project-x?variant=1244331470,PROJECT X,Flower,Flower,LA SMOKES,"https://leafly-public.imgix.net/menu/9BFegKL2T4eanv12fm0B_EABA2B6B-23D8-41AB-9B1F-840504E722B7.jpeg?auto=compress,format&w=450&dpr=2",⅛ ounce,$21.00,reg $30.00,30% off,['price of 55 for 7 g'],THC 27.5%,CBD 0.0%,,"PROJECT X, Flower - THC 27.49%, CBD 0%",,,"['PB&J', 'BLUE HUNDRED$', 'Jealousy ', 'Sunset Sherbert', 'Lemon Cherry Gelato ', 'Pink Fifties', 'Runtz', 'DOSIDOS']",[],,2022.10.21,True Passion Dispensary LLC
11,https://www.leafly.com/dispensary-info/true-passion-dispensary/p/618880223/donuts?variant=1244310941,Donuts ,Flower,Flower,TEDS BUDZ,"https://leafly-public.imgix.net/menu/LEixpPxQcuRCj7x4KrUk_F29A14E1-0BA9-4957-9F5E-74D4299CF1BC.jpeg?auto=compress,format&w=450&dpr=2",⅛ ounce,$24.50,reg $35.00,30% off,['price of 75 for 7 g'],THC 28.0%,CBD 0.1%,,Exotic,,,"['Zunday Brunch', 'LILIUM ', 'SECRET BREAKFAST #24', 'PB&J', 'BLUE HUNDRED$', 'Jealousy ', 'DOSIDOS', 'Pink Fifties']",[],,2022.10.21,True Passion Dispensary LLC
12,https://www.leafly.com/dispensary-info/true-passion-dispensary/p/618880106/zunday-brunch?variant=1244302211,Zunday Brunch,Flower,Flower,TEDS BUDZ,"https://leafly-public.imgix.net/menu/XGjOFbjeSlaFbweNE9mc_99C8DC89-397A-4E5F-B9D6-3493417672DF.jpeg?auto=compress,format&w=450&dpr=2",⅛ ounce,$24.50,reg $35.00,30% off,"['price of 75 for 7 g', 'price of 150 for 14 g', 'price of 280 for 28 g']",THC 26.0%,CBD 0.2%,,"Zunday Brunch, Flower - THC 26%, CBD 0.16%",,,"['Donuts ', 'LILIUM ', 'SECRET BREAKFAST #24', 'PB&J', 'BLUE HUNDRED$', 'Jealousy ', 'DOSIDOS', 'Pink Fifties']",[],,2022.10.21,True Passion Dispensary LLC
13,https://www.leafly.com/dispensary-info/true-passion-dispensary/p/618615891/gemini?variant=1225265511,Gemini ,Hybrid flower,Flower,AlienLabs,"https://leafly-public.imgix.net/menu/OHAc42BTIqvaT12chk6J_D43B605B-AC24-4023-BC3D-578714C1C3D3.png?auto=compress,format&w=450&dpr=2",⅛ ounce,$24.50,reg $35.00,30% off,"['price of 75 for 7 g', 'price of 150 for 14 g', 'price of 280 for 28 g']",THC 30.4%,CBD —,Hybrid,"Gemini , Flower - THC 30.42%",5.0,4.0,"['Area 41', 'PB&J', 'BLUE HUNDRED$', 'Jealousy ', 'DOSIDOS', 'Pink Fifties', 'Sunset Sherbert', 'Lemon Cherry Gelato ']",[],,2022.10.21,True Passion Dispensary LLC
14,https://www.leafly.com/dispensary-info/true-passion-dispensary/p/618880312/lilium?variant=1244319269,LILIUM ,Flower,Flower,TEDS BUDZ,"https://leafly-public.imgix.net/menu/zXpHey1pTNApl2v5DwyV_9D5CB5D2-D40F-45F6-A5B7-6B43CEBE94DF.jpeg?auto=compress,format&w=450&dpr=2",⅛ ounce,$24.50,reg $35.00,30% off,"['price of 75 for 7 g', 'price of 150 for 14 g', 'price of 280 for 28 g']",THC 35.0%,CBD 0.2%,,Exotic ,,,"['Zunday Brunch', 'SECRET BREAKFAST #24', 'Donuts ', 'PB&J', 'BLUE HUNDRED$', 'Jealousy ', 'Sunset Sherbert', 'Lemon Cherry Gelato ']",[],,2022.10.21,True Passion Dispensary LLC
15,https://www.leafly.com/dispensary-info/true-passion-dispensary/p/619610218/secret-breakfast-24?variant=1300276760,SECRET BREAKFAST #24,Hybrid flower,Flower,TEDS BUDZ,"https://leafly-public.imgix.net/menu/KovM0CqnSxuMlnZqM0ED_200A3CB0-3823-44D9-82D8-BE3F16E68176.jpeg?auto=compress,format&w=450&dpr=2",⅛ ounce,$24.50,reg $35.00,30% off,"['price of 75 for 7 g', 'price of 150 for 14 g', 'price of 280 for 28 g']",THC 34.0%,CBD 0.2%,Hybrid,"SECRET BREAKFAST #24, Flower - THC 34%, CBD 0.21%",,,"['Zunday Brunch', 'LILIUM ', 'Donuts ', 'PB&J', 'BLUE HUNDRED$', 'Jealousy ', 'Sunset Sherbert', 'Lemon Cherry Gelato ']",[],,2022.10.21,True Passion Dispensary LLC
16,https://www.leafly.com/dispensary-info/true-passion-dispensary/p/621793661/alien-minntz?variant=1485357709,Alien Minntz,Flower,Flower,Seed Junky,"https://leafly-public.imgix.net/menu/BRw00sGgQbirXQwiWIP4_6DBF2E79-E1E9-457E-AF77-94AC5BBAEBFA.jpeg?auto=compress,format&w=450&dpr=2",⅛ ounce,$27.00,,,[],THC 30.6%,CBD —,,"Alien Minntz, Flower - THC 30.56%",,,"['Emerald Cut', 'Piña Colada', 'PB&J', 'BLUE HUNDRED$', 'Jealousy ', 'Sunset Sherbert', 'Lemon Cherry Gelato ', 'Pink Fifties']",[],,2022.10.21,True Passion Dispensary LLC
17,https://www.leafly.com/dispensary-info/true-passion-dispensary/p/621796127/emerald-cut?variant=1485485325,Emerald Cut,Flower,Flower,Seed Junky,"https://leafly-public.imgix.net/menu/xliwsIxoRZCvK17qlJUM_DA395680-9376-4CC3-B23C-719089152543.jpeg?auto=compress,format&w=450&dpr=2",⅛ ounce,$27.00,,,[],THC 28.3%,CBD —,,"Emerald Cut, Flower - THC 28.25%",4.7,6.0,"['Alien Minntz', 'Piña Colada', 'PB&J', 'BLUE HUNDRED$', 'Jealousy ', 'DOSIDOS', 'Pink Fifties', 'Sunset Sherbert']",[],,2022.10.21,True Passion Dispensary LLC
18,https://www.leafly.com/dispensary-info/true-passion-dispensary/p/621793473/white-mocha?variant=1485345972,White Mocha,Flower,Flower,Genova Reserve,"https://leafly-public.imgix.net/menu/JD60Vt8VQW2zYwy6L7SA_2BC7F28B-B5E0-4A9D-84DD-8DE1AE542AC9.jpeg?auto=compress,format&w=450&dpr=2",⅛ ounce,$35.00,,,[],THC 41.8%,CBD 44.2%,,"White Mocha, Flower - THC 41.75%, CBD 44.18%",,,"['PB&J', 'BLUE HUNDRED$', 'Jealousy ', 'DOSIDOS', 'Pink Fifties', 'Sunset Sherbert', 'Lemon Cherry Gelato ', 'Runtz']",[],,2022.10.21,True Passion Dispensary LLC
19,https://www.leafly.com/dispensary-info/true-passion-dispensary/p/621793829/pia-colada?variant=1485365837,Piña Colada,Flower,Flower,Seed Junky,"https://leafly-public.imgix.net/menu/RrlwZiytQbCQTyFPlpHj_6665D3C5-6564-411E-B0F5-25BB35EAD399.jpeg?auto=compress,format&w=450&dpr=2",⅛ ounce,$35.00,,,[],THC 33.1%,CBD —,,"Piña Colada, Flower - THC 33.09%",,,"['Alien Minntz', 'Emerald Cut', 'PB&J', 'BLUE HUNDRED$', 'Jealousy ', 'DOSIDOS', 'Pink Fifties', 'Sunset Sherbert']",[],,2022.10.21,True Passion Dispensary LLC
20,https://www.leafly.com/dispensary-info/true-passion-dispensary/p/615835772/blue-cookies?variant=1023041120,BLUE COOKIES,Hybrid flower,Flower,Zips!,"https://leafly-public.imgix.net/menu/pGZnRhQQB2ubKHO0IA1C_IMG_8368.JPG?auto=compress,format&w=450&dpr=2",⅛ ounce,$14.00,reg $20.00,30% off,[],THC 29.9%,CBD 0.1%,Hybrid,"Blue Cookies, also known as ""Blue GSC"" and ""Blue Girl Scout Cookies,"" is an indica-dominant hybrid cross between two celebrity strains, Girl Scout Cookies and Blueberry. As the child of these heavyweight champion strains, Blue Cookies delivers a crushing blow of euphoria straight to the head, where it swiftly sinks down to relax the entire body. Sweet berry flavors fuse with earthy cherry notes in a flavor profile as enticing as the bud’s thick coat of frosty resin that stretches over twisting hues of green and purple. Novice consumers should approach Blue Cookies with modesty, but this strain’s potency is perfect for hard-to-impress veterans. You may also come across another variation of Blue Cookies, a select Girl Scout Cookies phenotype that lacks the Blueberry genetics.",4.7,700.0,"['DOSIDOS', 'MIMOSA', 'PB&J', 'BLUE HUNDRED$', 'Jealousy ', 'Sunset Sherbert', 'Lemon Cherry Gelato ', 'Pink Fifties']",[],,2022.10.21,True Passion Dispensary LLC
21,https://www.leafly.com/dispensary-info/true-passion-dispensary/p/617978858/area-41?variant=1170188944,Area 41,Hybrid flower,Flower,AlienLabs,"https://leafly-public.imgix.net/menu/dzOX9WJRdmOpjieCZrFA_C2B49D5F-219A-4114-84AD-FB8DAE587FD0.png?auto=compress,format&w=450&dpr=2",⅛ ounce,$24.50,reg $35.00,30% off,"['price of 75 for 7 g', 'price of 150 for 14 g', 'price of 280 for 28 g']",THC 28.4%,CBD 0.1%,Hybrid,"Area 41 was bred and selected with the intention of bringing big gas back to the flavor conversation and power back to the top shelf. By lending the bag appeal of Gelato 41 to an old school OG cut and selecting it based on the flavor of the Lemon Fuel OG, we think Area 41 checks every box.",4.5,12.0,"['Jealousy ', 'Sunset Sherbert', 'Runtz', 'Gemini ', 'PB&J', 'BLUE HUNDRED$', 'Lemon Cherry Gelato ', 'Pink Fifties']",[],,2022.10.21,True Passion Dispensary LLC
22,https://www.leafly.com/dispensary-info/true-passion-dispensary/p/621796406/cereal-milk?variant=1485500465,Cereal Milk ,Cartridge,Cartridge,Cookies,"https://leafly-public.imgix.net/menu/gIXeDImJSuC0FLv3MJ9O_9628E02B-6337-4229-8DE5-FFA082514AD6.jpeg?auto=compress,format&w=450&dpr=2",1 gram,$25.00,,,[],THC 86.0mg,CBD 2.0mg,,Natural Terp Vape,,,"['Honey Bubber', 'PB&J', 'BLUE HUNDRED$', 'Jealousy ', 'Sunset Sherbert', 'Lemon Cherry Gelato ', 'Pink Fifties', 'Runtz']",[],,2022.10.21,True Passion Dispensary LLC
23,https://www.leafly.com/dispensary-info/true-passion-dispensary/p/620156872/modified-grapes?variant=1349642401,Modified Grapes,Preroll,PreRoll,LitHouse,"https://leafly-public.imgix.net/products/photos/OJTid4cYTCySz96aKA9Q_LH_Menu_PreRoll_Square_Modified%20Grapes.jpg?auto=compress,format&w=450&dpr=2",2 each,$10.50,reg $15.00,30% off,[],THC 29.0%,CBD —,,"Two 0.5g Pre-Rolls

GMO x Purple Punch

The unlikely pairing of two very different yet widely celebrated parents, GMO (aka: Garlic Cookies) and Purple Punch, Modified Grapes makes for a surprisingly satisfying union of sweet and savory. For all you bon vivants out there, Modified Grapes is a must partake. Bred by Symbiotic Genetics, this unique hybrid strain brings together sweet and fruity grape candy with a gassy, garlicky, umami deliciousness. The plump meaty buds contrast light mint and deep eggplant coloring with a thick peach fuzz layer of trichomes.  Try it for the unique flavor, but the flawless high will have you coming back for more. Effortless and relaxed, Modified Grapes has a smooth blend of clarity and comfort, combining a handful of humor and a dash of gusto that will keep you feeling on top of your game.

Your favorite LitHouse cultivars in an easy to enjoy pre-roll. We think two is better than one, so each pack comes with two half-gram pre-rolls to give you the maximum amount of freshness and flavor with each and every puff. All of our pre-rolls come with the same high-quality cannabis we put in our jars. Our pre-rolls are 100% flower, no trim.",,,"['Lemon Lava Pre-Roll Pack', 'Dark Dosi', 'Jealousy ', 'Lemon Cherry Gelato ', 'Runtz', 'El Bluntito - Slow Lane 1.75g', 'Honey Bubber', 'PB&J']",[],,2022.10.21,True Passion Dispensary LLC
24,https://www.leafly.com/dispensary-info/true-passion-dispensary/p/620156917/dark-dosi?variant=1349645014,Dark Dosi,Preroll,PreRoll,LitHouse,"https://leafly-public.imgix.net/products/photos/J1sNfYxOQj0Ux4jKZB3R_LH_Menu_PreRoll_Square_Dark%20Dosi.jpg?auto=compress,format&w=450&dpr=2",2 each,$10.50,reg $15.00,30% off,[],THC 29.0%,CBD —,Hybrid,"2019 High Times Cannabis Cup Winner

Two 0.5g Pre-Rolls

GSC x Face-Off OG

Our stand-out LitHouse flower, Dark Dosi is a customer favorite, with a sweet earthy taste and deeply relaxing high. She’s been a long time favorite of ours as well and we’ve meticulously perfected our cultivation of this show-stopping beauty, consistently bringing out her full potential of intense potency and rich palate. Dark Dosi caries a stand-out flavor that is syrupy and robust, shining through in any smoking application with an intoxicating sugar-glazed gassy aroma. The true pleasure of Dark Dosi lies in the profound relaxation promised within—cares of the day melt away as you relax into a blissful full-body high. Tried and true, LitHouse Dark Dosi is a perfect 10.

Your favorite LitHouse cultivars in an easy to enjoy pre-roll. We think two is better than one, so each pack comes with two half-gram pre-rolls to give you the maximum amount of freshness and flavor with each and every puff. All of our pre-rolls come with the same high-quality cannabis we put in our jars. Our pre-rolls are 100% flower, no trim.",4.6,1059.0,"['Lemon Lava Pre-Roll Pack', 'Modified Grapes', 'Jealousy ', 'DOSIDOS', 'Lemon Cherry Gelato ', 'Runtz', 'El Bluntito - Slow Lane 1.75g', 'Honey Bubber']",[],,2022.10.21,True Passion Dispensary LLC
25,https://www.leafly.com/dispensary-info/true-passion-dispensary/p/618881960/el-bluntito---slow-lane-175g?variant=1244468932,El Bluntito - Slow Lane 1.75g,Preroll,PreRoll,Connected Cannabis Co.,"https://leafly-public.imgix.net/menu/jSD1PISRCPfHSN41OmAy_82225AA9-FE2D-497F-AF41-E55CE9268909.jpeg?auto=compress,format&w=450&dpr=2",each,$15.40,reg $22.00,30% off,[],THC 29.1%,CBD 0.0%,,"El Bluntito - Slow Lane 1.75g, PreRoll - THC 29.11%, CBD 0%",,,"['Lemon Lava Pre-Roll Pack', 'Modified Grapes', 'Dark Dosi', 'Honey Bubber', 'PB&J', 'BLUE HUNDRED$', 'Jealousy ', 'DOSIDOS']",[],,2022.10.21,True Passion Dispensary LLC
26,https://www.leafly.com/dispensary-info/true-passion-dispensary/p/621796856/honey-bubber?variant=1485520507,Honey Bubber,Preroll,PreRoll,Cookies,"https://leafly-public.imgix.net/menu/CaTPdSH4RYwEUixrcdQ2_51FE4296-D17E-4085-B603-22A6CF754904.png?auto=compress,format&w=450&dpr=2",each,$15.00,,,[],THC 21.0%,CBD —,,1 gram pre roll,,,"['Lemon Lava Pre-Roll Pack', 'El Bluntito - Slow Lane 1.75g', 'Modified Grapes', 'Dark Dosi', 'Cereal Milk ', 'PB&J', 'BLUE HUNDRED$', 'Jealousy ']",[],,2022.10.21,True Passion Dispensary LLC
27,https://www.leafly.com/dispensary-info/true-passion-dispensary/p/615837687/lemon-lava-pre-roll-pack?variant=1349638162,Lemon Lava Pre-Roll Pack,Preroll,PreRoll,LitHouse,"https://leafly-public.imgix.net/products/photos/mxOzXXKRmyM9XrCXMe1J_LH_Menu_PreRoll_Square_Lemon%20Lava%202.jpg?auto=compress,format&w=450&dpr=2",2 each,$10.50,reg $15.00,30% off,[],THC 31.0%,CBD —,Hybrid,"2021 Emerald Cup Winner

Two 0.5g Pre-Rolls

Lemon Heads x Lava Cake

Lemon Lava is a truly special strain; bred by the late Jai Malloy of pHinest Cannabis, we at LitHouse are deeply honored to bring this strain to life and earn it an Emerald Cup award in December 2019. Break open your jar of Lemon Lava to inhale a refreshing and invigorating burst of lemon. Cleanse your palate with earthy lemon zest—followed by touches of sage, mint, and grapes. Pleasurably smooth on the exhale, Lemon Lava has a bright, alert, and revitalizing high that is also gently soothing and anxiety-free. The compact buds are thick with lustrous resin covering midnight purple and spring green leaves, accented with bright saffron hairs.

Your favorite LitHouse cultivars in an easy to enjoy pre-roll. We think two is better than one, so each pack comes with two half-gram pre-rolls to give you the maximum amount of freshness and flavor with each and every puff. All of our pre-rolls come with the same high-quality cannabis we put in our jars. Our pre-rolls are 100% flower, no trim.",4.5,12.0,"['Modified Grapes', 'Dark Dosi', 'Jealousy ', 'Lemon Cherry Gelato ', 'Runtz', 'El Bluntito - Slow Lane 1.75g', 'Honey Bubber', 'PB&J']",[],,2022.10.21,True Passion Dispensary LLC
