﻿Index,Link,Name,Label,Category,Brand,Image,Unit,Price,OrginalPrice,Discount,OtherAmount,THC,CBD,Lineage,Description,Rating,Reviewnum,Alsolike,Similar,Strain,ScrapeTime,Store name
0,https://www.leafly.com/dispensary-info/uplyft-los-angeles/p/620745997/cosmopolitan?variant=1396638067,Cosmopolitan,Flower,Flower,Big Tree Industries,"https://leafly-public.imgix.net/menu/HwsG8wviTKWV8ywDGveL_BIG%20TREE.jpg?auto=compress,format&w=450&dpr=2",⅛ ounce,$25.00,reg $30.00,$5 off,[],THC 34.1%,CBD —,,"Lineage: Jillybean Bx2 x Cherry Pie 

With buds that are dense and full of orange hairs and a touch of purple, this hybrid strain smells of sweet sour cherry pie, tangy oranges and mango. The effects have been known to come on in minutes and stick around for a couple hours.",,,"['Banana Cream 3.5G', 'Bear Claw 14G', 'Cherry Punch', '10G Special (Bubblegum Dulce)', 'Gummy Buns 3.5G', 'Gush Mints 14G', 'GMO Punch #2', 'Triangle Mintz 1G']",[],,2022.10.21,Uplyft - Los Angeles
1,https://www.leafly.com/dispensary-info/uplyft-los-angeles/p/621703045/triangle-mintz-1g?variant=1479907934,Triangle Mintz 1G,Flower,Flower,CannaTrust,"https://leafly-public.imgix.net/menu/DnOvCivSTFGao9toLJiF_CANNATRUST%201G.jpg?auto=compress,format&w=450&dpr=2",1 gram,$10.00,reg $15.00,$5 off,[],THC 30.8%,CBD —,,"Triangle Mints was created when Seed Junky Genetics crossed Triangle Kush with Animal Mints. GSC genetics give this strain dense buds and a complex aroma that includes herbal, spice, and earthy flavors with diesel undertones, and the GSC and OG Kush influences are evident in this strain. The high packs a potent punch that may leave you slumped on the couch if you consume too much",,,"['Gush Mints 14G', 'GMO Punch #2', 'Gelonade 3.5G', 'Mochi 28G', 'Cosmopolitan', 'Cherry Punch', '10G Special (Bubblegum Dulce)', 'Mimosa']",[],,2022.10.21,Uplyft - Los Angeles
2,https://www.leafly.com/dispensary-info/uplyft-los-angeles/p/621703048/gelonade-35g?variant=1479909925,Gelonade 3.5G,Hybrid flower,Flower,CannaTrust,"https://leafly-public.imgix.net/menu/WWJ7bdz6StqZJBaSXbDO_BOB%20STASH%20GELONADE.jpg?auto=compress,format&w=450&dpr=2",⅛ ounce,$25.00,reg $30.00,$5 off,[],THC 27.1%,CBD —,Hybrid,Gelonade is a hybrid marijuana strain made by crossing Lemon Tree with Gelato #41. Gelonade produces tingly and uplifting effects that will make you feel like a social butterfly. This strain features mostly sweet flavors like fruity citrus and vanilla. Gelonade is a popular strain in California. Medical marijuana patients this strain to help relieve symptoms associated with pain and anxiety.,4.5,54,"['Triangle Mintz 1G', 'GMO Punch #2', 'Gush Mints 14G', 'Mochi 28G', 'Cosmopolitan', 'Cherry Punch', '10G Special (Bubblegum Dulce)', 'Mimosa']",[],,2022.10.21,Uplyft - Los Angeles
3,https://www.leafly.com/dispensary-info/uplyft-los-angeles/p/621703035/banana-cream-35g?variant=1479904076,Banana Cream 3.5G,Flower,Flower,Big Tree Industries,"https://leafly-public.imgix.net/menu/hPBBd49JTOKigY2KB2r5_BIG%20TREE.jpg?auto=compress,format&w=450&dpr=2",⅛ ounce,$30.00,reg $35.00,$5 off,[],THC 35.0%,CBD —,,"Banana Cream is an Indica dominant hybrid strain created through crossing the insanely delicious Banana OG X Cookies and Cream strains. This bud is infamous among users for its insanely delicious flavor – it actually tastes like a banana cream pie!

The aroma is just as intoxicating, with hints of sweet earth accented by fresh bananas and cream. The high comes on with a creeping effect a few minutes after you toke, filling you with a lifted sense of euphoria that leaves you tingly and giggly.",,,"['Cosmopolitan', 'Bear Claw 14G', 'Cherry Punch', '10G Special (Bubblegum Dulce)', 'Mimosa', 'Gummy Buns 3.5G', 'Gush Mints 14G', 'Pink Acai 3.5G']",[],,2022.10.21,Uplyft - Los Angeles
4,https://www.leafly.com/dispensary-info/uplyft-los-angeles/p/621703038/bear-claw-14g?variant=1479905470,Bear Claw 14G,Flower,Flower,Big Tree Industries,"https://leafly-public.imgix.net/menu/5m9NY1AiRve8Gv9mKLV7_BIG%20TREE.jpg?auto=compress,format&w=450&dpr=2",½ ounce,$70.00,reg $75.00,$5 off,[],THC 34.9%,CBD —,,"Bearclaw is a strain that came from the genetic lineage of an award-winning and renowned strain, the Ghost OG and the potent Sour Apple IBL strain.

This strainoffers a unique aroma and taste, addictive to most cannabis users. The lemony, piney, earthy, and peppery flavors of the strain give ultimate stimulation and sedation of the mind and body. 

A person may feel happy, uplifted and in a state of blissful euphoria. These are mixed with satisfying relaxation of the body and may promote sleepiness.",,,"['Cosmopolitan', 'Banana Cream 3.5G', 'Cherry Punch', '10G Special (Bubblegum Dulce)', 'Mimosa', 'Triangle Mintz 1G', 'Pink Acai 3.5G', 'GMO Punch #2']",[],,2022.10.21,Uplyft - Los Angeles
5,https://www.leafly.com/dispensary-info/uplyft-los-angeles/p/618637416/10g-special-bubblegum-dulce?variant=1227011803,10G Special (Bubblegum Dulce),Flower,Flower,,"https://leafly-public.imgix.net/menu/RrljZ2SkyDyWiIfHcM8g_10G%20Specials.png?auto=compress,format&w=450&dpr=2",¼ ounce,$50.00,reg $60.00,$10 off,[],THC 24.8%,CBD —,,"10G Special (Bubblegum Dulce), Flower - THC 24.8%",,,"['Shake', 'Blue Fruit Ztripez (7G)', 'Cosmopolitan', 'Cherry Punch', 'Cannabis Mystery Box', 'Gummy Buns 3.5G', 'Banana Cream 3.5G', 'Gush Mints 14G']",[],,2022.10.21,Uplyft - Los Angeles
6,https://www.leafly.com/dispensary-info/uplyft-los-angeles/p/620743162/cherry-punch?variant=1396499214,Cherry Punch,Hybrid flower,Flower,Stone Road,"https://leafly-public.imgix.net/menu/I28sY08zQ4Cc1ZUHcWWl_STONE%20ROAD%203.5G.png?auto=compress,format&w=450&dpr=2",⅛ ounce,$35.00,,,[],THC 29.8%,CBD —,Hybrid,"Cherry Punch is a potent sativa marijuana strain.  Bred by Symbiotic Genetics, Cherry Punch (also known as Black Cherry Punch) is widely celebrated for its bold cherry flavor profile that comes from dense, citrus terpenes. Consumers who smoke this strain say it smells fruity and rich and a little skunk-like. The high you get from smoking Cherry Punch is uplifting and relaxing - perfect for jamming out to a new album or even taking care of a few errands. This strain is ideal for those seeking relief from anxiety and stress. Cherry Punch buds come in a dark green color with purple specks and striking orange hairs.",4.5,82,"['Stone Road Pre-Roll 5-Pack: Pineapple Kush', 'Cosmopolitan', '10G Special (Bubblegum Dulce)', 'Mimosa', 'Super Silver Haze Hash', 'Gummy Buns 3.5G', 'Gush Mints 14G', 'Pink Acai 3.5G']",[],,2022.10.21,Uplyft - Los Angeles
7,https://www.leafly.com/dispensary-info/uplyft-los-angeles/p/620553139/flight-91?variant=1380017038,Flight 91,Flower,Flower,,"https://leafly-public.imgix.net/menu/wIGCV4XSSjREWpFnH3kg_flight91.jpg?auto=compress,format&w=450&dpr=2",⅛ ounce,$25.00,,,[],THC 21.0mg,CBD —,,"Flight 91, Flower - THC 21mg",,,"['Mimosa', 'Girl Scout Cookies', 'Sunset Gelato', 'Hammer', 'Cosmopolitan', 'Cherry Punch', '10G Special (Bubblegum Dulce)', 'Gummy Buns 3.5G']",[],,2022.10.21,Uplyft - Los Angeles
8,https://www.leafly.com/dispensary-info/uplyft-los-angeles/p/621922970/cannatrust--dutch-cake-smalls?variant=1496827304,CANNATRUST | Dutch Cake Smalls,Flower,Flower,Cannatrust,"https://leafly-public.imgix.net/menu/eKRWyPzCTQegft7HJI6Y_DUTCH%20CAKE.png?auto=compress,format&w=450&dpr=2",⅛ ounce,$25.00,,,[],THC 29.3%,CBD —,,"CANNATRUST | Dutch Cake Smalls, Flower - THC 29.31%",,,"['Cosmopolitan', 'Cherry Punch', '10G Special (Bubblegum Dulce)', 'Gummy Buns 3.5G', 'Banana Cream 3.5G', 'Gush Mints 14G', 'GMO Punch #2', 'Triangle Mintz 1G']",[],,2022.10.21,Uplyft - Los Angeles
9,https://www.leafly.com/dispensary-info/uplyft-los-angeles/p/620553228/hammer?variant=1380024596,Hammer,Flower,Flower,,"https://leafly-public.imgix.net/menu/8e9TjE4BTXeU9OcmALFg_hammer.jpg?auto=compress,format&w=450&dpr=2",⅛ ounce,$25.00,,,[],THC 23.0%,CBD —,,"Hammer, Flower - THC 23%",,,"['Mimosa', 'Flight 91', 'Girl Scout Cookies', 'Sunset Gelato', 'Cosmopolitan', 'Cherry Punch', '10G Special (Bubblegum Dulce)', 'Triangle Mintz 1G']",[],,2022.10.21,Uplyft - Los Angeles
10,https://www.leafly.com/dispensary-info/uplyft-los-angeles/p/621703184/gummy-buns-35g?variant=1479942428,Gummy Buns 3.5G,Hybrid flower,Flower,West Coast Cure,"https://leafly-public.imgix.net/products/photos/BRkdshDdTi2I30vx8HoT_CUREflower_Black-Label_3.5g_Gummy_Buns.jpg?auto=compress,format&w=450&dpr=2",⅛ ounce,$35.00,,,[],THC 30.1%,CBD —,Hybrid,"Gummy Buns Premium Flower is a trichome-loaded cross of Biscotti x Grease Monkey. Bred by Exotic Genetix, this Indica-leaning craft cannabis expresses a dense flower structure, fragrant nose, and smacks of berries and diesel. Tight, colorful, and super aromatic, these emit a heady, in-your-face aroma of ripe berries and high-octane gas. Potent but not overpowering, the effect of this boutique cultivar provides an effective conduit for everyone to reach their ‘Happy Place’ ... centered on mental and physical relaxation. ",4.6,375,"['Banana Cream Cake 7G', 'Pink Acai 3.5G', 'Girl Scout Cookies', 'Cosmopolitan', 'Cherry Punch', 'Stiiizy Disposable: Biscotti', '10G Special (Bubblegum Dulce)', 'Mimosa']",[],,2022.10.21,Uplyft - Los Angeles
11,https://www.leafly.com/dispensary-info/uplyft-los-angeles/p/621114825/gmo-punch-2?variant=1425907707,GMO Punch #2,Flower,Flower,CannaTrust,"https://leafly-public.imgix.net/menu/LeVpFuvzQMa6POf5DX6j_CANNATRUST%20WHITE.jpg?auto=compress,format&w=450&dpr=2",⅛ ounce,$35.00,,,[],THC 33.8%,CBD —,,"GMO Punch #2, Flower - THC 33.8%",,,"['Triangle Mintz 1G', 'Gush Mints 14G', 'Mochi 28G', 'Gelonade 3.5G', 'Cosmopolitan', 'Cherry Punch', '10G Special (Bubblegum Dulce)', 'Mimosa']",[],,2022.10.21,Uplyft - Los Angeles
12,https://www.leafly.com/dispensary-info/uplyft-los-angeles/p/618163144/shake?variant=1187699012,Shake,Flower,Flower,,"https://leafly-public.imgix.net/menu/opTLIe2fTfVBCuhQEHjq_Shake.webp?auto=compress,format&w=450&dpr=2",½ ounce,$35.00,,,[],THC 18.0%,CBD —,,"Shake, Flower - THC 18%",,,"['10G Special (Bubblegum Dulce)', 'Blue Fruit Ztripez (7G)', 'Cosmopolitan', 'Cherry Punch', 'Cannabis Mystery Box', 'Mimosa', 'Gummy Buns 3.5G', 'Gush Mints 14G']",[],,2022.10.21,Uplyft - Los Angeles
13,https://www.leafly.com/dispensary-info/uplyft-los-angeles/p/620553348/sunset-gelato?variant=1380032031,Sunset Gelato,Hybrid flower,Flower,,"https://leafly-public.imgix.net/menu/ViyTrmgbTFSrSnNDtBcD_sunset%20gelato.jpg?auto=compress,format&w=450&dpr=2",⅛ ounce,$35.00,,,[],THC 27.0%,CBD —,Hybrid,"Sunset Gelato, Flower - THC 27%",4.2,13,"['Flight 91', 'Mimosa', 'Girl Scout Cookies', 'Hammer', 'Cosmopolitan', 'Cherry Punch', '10G Special (Bubblegum Dulce)', 'Gummy Buns 3.5G']",[],,2022.10.21,Uplyft - Los Angeles
14,https://www.leafly.com/dispensary-info/uplyft-los-angeles/p/620553327/girl-scout-cookies?variant=1380028425,Girl Scout Cookies,Hybrid flower,Flower,,"https://leafly-public.imgix.net/menu/yWhBzTSPTHGx01wVSe4l_girl%20scout%20cookie.jpg?auto=compress,format&w=450&dpr=2",⅛ ounce,$40.00,,,[],THC 33.0%,CBD —,Hybrid,"Girl Scout Cookies, Flower - THC 33%",4.4,7396,"['Mimosa', 'Gummy Buns 3.5G', 'Pink Acai 3.5G', 'Flight 91', 'Banana Cream Cake 7G', 'Sunset Gelato', 'Hammer', 'Cosmopolitan']",[],,2022.10.21,Uplyft - Los Angeles
15,https://www.leafly.com/dispensary-info/uplyft-los-angeles/p/621332916/blue-fruit-ztripez-7g?variant=1444978139,Blue Fruit Ztripez (7G),Flower,Flower,,"https://leafly-public.imgix.net/menu/fVBBwOEXRX25JS7RDfhX_Untitled%20design%20(1).png?auto=compress,format&w=450&dpr=2",¼ ounce,$40.00,,,[],THC 23.8%,CBD —,,"Blue Fruit Ztripez (7G), Flower - THC 23.8%",,,"['10G Special (Bubblegum Dulce)', 'Shake', 'Cosmopolitan', 'Cherry Punch', 'Cannabis Mystery Box', 'Gummy Buns 3.5G', 'Banana Cream 3.5G', 'Gush Mints 14G']",[],,2022.10.21,Uplyft - Los Angeles
16,https://www.leafly.com/dispensary-info/uplyft-los-angeles/p/621394837/mimosa?variant=1450832872,Mimosa,Hybrid flower,Flower,,"https://leafly-public.imgix.net/menu/MPyFmpfgR0J3pzUsiwn5_mimosa.jpg?auto=compress,format&w=450&dpr=2",⅛ ounce,$45.00,,,[],THC 30.2%,CBD —,Hybrid,"Mimosa, Flower - THC 30.23%",4.5,933,"['Flight 91', 'Girl Scout Cookies', 'Sunset Gelato', 'Hammer', 'Cosmopolitan', 'Cherry Punch', '10G Special (Bubblegum Dulce)', 'Gummy Buns 3.5G']",[],,2022.10.21,Uplyft - Los Angeles
17,https://www.leafly.com/dispensary-info/uplyft-los-angeles/p/621703188/banana-cream-cake-7g?variant=1479945977,Banana Cream Cake 7G,Hybrid flower,Flower,West Coast Cure,"https://leafly-public.imgix.net/products/photos/cqeDYLRSG6HPgdE5qytQ_01_WCC_Flower_Mylar3.5gm_BananaDream.jpg?auto=compress,format&w=450&dpr=2",¼ ounce,$45.00,,,[],THC 32.2%,CBD —,Hybrid,"Banana Dream sativa dominant hybrid cross of the legendary Blue Dream and Banana OG strains. It features a hazey nose with undertones of sweet berry and light spice. Backed by a pleasant hint of bananas and berries, the flavor is sweet and fruity with a smooth creamy finish. These smaller flowers are light green with a blue-ish sheen, flash bright orange pistils, and come loaded with psychoactive trichomes. A great strain for starting the day, Banana Dream pairs well with that first cup of morning coffee ... or anytime you’re looking for a nice lift!
 ",4.2,12,"['Gummy Buns 3.5G', 'Pink Acai 3.5G', 'Girl Scout Cookies', 'Cosmopolitan', 'Cherry Punch', '10G Special (Bubblegum Dulce)', 'Banana Cream 3.5G', 'Gush Mints 14G']",[],,2022.10.21,Uplyft - Los Angeles
18,https://www.leafly.com/dispensary-info/uplyft-los-angeles/p/621703200/pink-acai-35g?variant=1479947268,Pink Acai 3.5G,Flower,Flower,STIIIZY,"https://leafly-public.imgix.net/menu/SSOMOHfSSKlcUQdOpmnk_STIIIZY%20PINK%20ACAI%203.5G.png?auto=compress,format&w=450&dpr=2",⅛ ounce,$55.00,,,[],THC 31.7%,CBD —,,"Hand selected premium indoor-grown flower that’s bursting with flavor, potency, and purity. We proudly offer a wide variety of strains that consistently deliver a great smoking experience.

PINK ACAI / HYBRID 

Taste: Berry, Earthy, Floral 

Feeling: Relaxed, Euphoric, Happy 

Description: This strong aroma filled strain is a perfect way to end your night.",,,"['Gummy Buns 3.5G', 'Girl Scout Cookies', 'Banana Cream Cake 7G', 'Cosmopolitan', 'Cherry Punch', 'Stiiizy Disposable: Sour Diesel', 'Stiiizy Disposable: Biscotti', '10G Special (Bubblegum Dulce)']",[],,2022.10.21,Uplyft - Los Angeles
19,https://www.leafly.com/dispensary-info/uplyft-los-angeles/p/621703051/gush-mints-14g?variant=1479912796,Gush Mints 14G,Hybrid flower,Flower,CannaTrust,"https://leafly-public.imgix.net/menu/WNzZXz5BThu9KbfvASnH_CANNATRUST%2014G.jpeg?auto=compress,format&w=450&dpr=2",½ ounce,$60.00,,,[],THC 30.4%,CBD —,Hybrid,"Considering its deep purple color, gassy nose, and big yield potential, the Gush Mints strain seems to have it all! The buds are chunky and dense, and they nug up in the understory as well. Also, this strain has the fastest veg cycle that we are running right now. The tops grow like spears so training/trellising is recommended for abundant tops and stretch-regulation.",4.6,28,"['Triangle Mintz 1G', 'GMO Punch #2', 'Mochi 28G', 'Gelonade 3.5G', 'Cosmopolitan', 'Cherry Punch', '10G Special (Bubblegum Dulce)', 'Mimosa']",[],,2022.10.21,Uplyft - Los Angeles
20,https://www.leafly.com/dispensary-info/uplyft-los-angeles/p/621703052/mochi-28g?variant=1479913839,Mochi 28G,Hybrid flower,Flower,CannaTrust,"https://leafly-public.imgix.net/menu/JTnqltm0RbOVkTRpY7T1_BOB%20STASH%2028G.jpg?auto=compress,format&w=450&dpr=2",1 ounce,$90.00,,,[],THC 27.6%,CBD —,Hybrid,"Mochi is an evenly balanced hybrid strain (50% indica/50% sativa) created through a delicious cross of the classic Thin Mint Girl Scout Cookies X Sunset Sherbet strains. This bud is absolutely amazing in the flavor department, with tastes that will leave your mouth watering almost immediately. Mochi has a sweet and fruity berry flavor with a rich sour mint exhale. The aroma is of sharp mint and sour fruits with a touch of creamy earth and nuttiness as the nugs are broken apart and burned. 



The Mochi high isn't quite as vibrant as the flavor, with super relaxing effects that will have you kicking it in no time flat. The high starts with a lifted effect that suddenly slams into your mind, filling it with a sense of euphoria and deep felt calm. An influx of creativity comes next, quickly accompanied by a deep sedative effect that washes over your entire body, rendering you totally sleepy and immovable.",4.6,102,"['Gush Mints 14G', 'GMO Punch #2', 'Triangle Mintz 1G', 'Gelonade 3.5G', 'Cosmopolitan', 'Cherry Punch', '10G Special (Bubblegum Dulce)', 'Mimosa']",[],,2022.10.21,Uplyft - Los Angeles
21,https://www.leafly.com/dispensary-info/uplyft-los-angeles/p/620370902/snickle-fritz-sugar-cookies?variant=1366044869,Snickle Fritz: Sugar Cookies,Concentrate,Concentrate,Snickle Fritz Grow Op Farms,"https://leafly-public.imgix.net/menu/RZC4fsfTmCP1N9EDLWCX_Snickelfritz%20Sugar%20Cookies.png?auto=compress,format&w=450&dpr=2",1 gram,$20.00,reg $25.00,$5 off,[],THC 87.7%,CBD —,Hybrid,"Snickle Fritz: Sugar Cookies, Concentrate - THC 87.67%",3.9,12,"['Runtz Sugar: Hawaiian Runtz', 'Sticky AF Budders: Cherry Kush', 'Super Silver Haze Hash', 'Sherbet Crashers Sugar', 'Sticky AF Baller Diamond: Purple Punch', 'Stone Road Moroccan Hash: Grape Ape', 'Crazy Minds House Blend Pre-Rolls 1.5G', 'Stone Road Pre-Roll 5-Pack: Pineapple Kush']",[],,2022.10.21,Uplyft - Los Angeles
22,https://www.leafly.com/dispensary-info/uplyft-los-angeles/p/618179433/stone-road-moroccan-hash-grape-ape?variant=1188674652,Stone Road Moroccan Hash: Grape Ape,Concentrate,Concentrate,Stone Road,"https://leafly-public.imgix.net/menu/EMHEfSoFQFeW7Is7USFs_Hash2.png?auto=compress,format&w=450&dpr=2",1 gram,$20.00,reg $25.00,$5 off,[],THC 63.8%,CBD —,Indica,"Stone Road Moroccan Hash: Grape Ape, Concentrate - THC 63.83%",4.3,2129,"['Super Silver Haze Hash', 'Sherbet Crashers Sugar', 'Stone Road Pre-Roll 5-Pack: Pineapple Kush', 'Cherry Punch', 'Runtz Sugar: Hawaiian Runtz', 'Snickle Fritz: Sugar Cookies', 'Sticky AF Budders: Cherry Kush', 'Sticky AF Baller Diamond: Purple Punch']",[],,2022.10.21,Uplyft - Los Angeles
23,https://www.leafly.com/dispensary-info/uplyft-los-angeles/p/618179547/sticky-af-budders-cherry-kush?variant=1188690283,Sticky AF Budders: Cherry Kush,Concentrate,Concentrate,Sticky AF,"https://leafly-public.imgix.net/menu/a7CwCfSXSHGVvBPqp0H4_Screen%20Shot%202022-04-25%20at%202.32.52%20PM.png?auto=compress,format&w=450&dpr=2",1 gram,$25.00,reg $30.00,$5 off,[],THC —,CBD —,Hybrid,"Sticky AF Budders: Cherry Kush, Concentrate ",4.1,350,"['Sticky AF Baller Diamond: Purple Punch', 'Runtz Sugar: Hawaiian Runtz', 'Snickle Fritz: Sugar Cookies', 'Super Silver Haze Hash', 'Sherbet Crashers Sugar', 'Stone Road Moroccan Hash: Grape Ape', 'Crazy Minds House Blend Pre-Rolls 1.5G', 'Stone Road Pre-Roll 5-Pack: Pineapple Kush']",[],,2022.10.21,Uplyft - Los Angeles
24,https://www.leafly.com/dispensary-info/uplyft-los-angeles/p/618179442/runtz-sugar-hawaiian-runtz?variant=1188676385,Runtz Sugar: Hawaiian Runtz,Concentrate,Concentrate,Runtz,"https://leafly-public.imgix.net/menu/DqqNfQOERPaHUSO3u0Cj_Sugar%20Concentrate.jpg?auto=compress,format&w=450&dpr=2",1 gram,$35.00,reg $40.00,$5 off,[],THC —,CBD —,Hybrid,"Runtz Sugar: Hawaiian Runtz, Concentrate ",4.7,9,"['Snickle Fritz: Sugar Cookies', 'Super Silver Haze Hash', 'Sticky AF Budders: Cherry Kush', 'Sherbet Crashers Sugar', 'Sticky AF Baller Diamond: Purple Punch', 'Stone Road Moroccan Hash: Grape Ape', 'Crazy Minds House Blend Pre-Rolls 1.5G', 'Stone Road Pre-Roll 5-Pack: Pineapple Kush']",[],,2022.10.21,Uplyft - Los Angeles
25,https://www.leafly.com/dispensary-info/uplyft-los-angeles/p/618179484/sticky-af-baller-diamond-purple-punch?variant=1188682847,Sticky AF Baller Diamond: Purple Punch,Concentrate,Concentrate,Sticky AF,"https://leafly-public.imgix.net/menu/zvO2nMVDQSiT0sxleQuq_STICKY%20AF%20BALLERZ%20DIAMOND.png?auto=compress,format&w=450&dpr=2",1 gram,$40.00,reg $45.00,$5 off,[],THC —,CBD —,Indica,"Sticky AF Baller Diamond: Purple Punch, Concentrate ",4.6,1490,"['Sticky AF Budders: Cherry Kush', 'Runtz Sugar: Hawaiian Runtz', 'Snickle Fritz: Sugar Cookies', 'Super Silver Haze Hash', 'STIIIZY Premium THC Pod (Purple Punch)', 'Sherbet Crashers Sugar', 'Stone Road Moroccan Hash: Grape Ape', 'Crazy Minds House Blend Pre-Rolls 1.5G']",[],,2022.10.21,Uplyft - Los Angeles
26,https://www.leafly.com/dispensary-info/uplyft-los-angeles/p/620748770/super-silver-haze-hash?variant=1396730247,Super Silver Haze Hash,Concentrate,Concentrate,Stone Road,"https://leafly-public.imgix.net/menu/VqNVprDkRfeFkKQPMdXC_FINAL%20HASH.jpg?auto=compress,format&w=450&dpr=2",1 gram,$25.00,,,[],THC 65.3%,CBD —,Sativa,"Hash, or hashish, is a concentrate produced by pressing or rubbing together the resin glands of a cannabis plant to form the brick, slab, or rolled pieces. Hashish can be chocolate brown, greenish khaki, or sandy brown in color.",4.3,2269,"['Stone Road Moroccan Hash: Grape Ape', 'Sherbet Crashers Sugar', 'Stone Road Pre-Roll 5-Pack: Pineapple Kush', 'Cherry Punch', 'Runtz Sugar: Hawaiian Runtz', 'Snickle Fritz: Sugar Cookies', 'Sticky AF Budders: Cherry Kush', 'Sticky AF Baller Diamond: Purple Punch']",[],,2022.10.21,Uplyft - Los Angeles
27,https://www.leafly.com/dispensary-info/uplyft-los-angeles/p/620748931/sherbet-crashers-sugar?variant=1396739196,Sherbet Crashers Sugar,Concentrate,Concentrate,Stone Road,"https://leafly-public.imgix.net/menu/7ZuCi7zXRpiFstfPxWdY_STONE%20ROAD%20SUGAR.png?auto=compress,format&w=450&dpr=2",1 gram,$30.00,,,[],THC 87.3%,CBD —,,"Sherb Crasher is an evenly balanced hybrid strain (50% indica/50% sativa) created through crossing the delicious Sunset Sherbet X Wedding Crasher strains. If you love either of its parent strains, you're going to be obsessed with Sherb Crasher. This bud packs the best of both strains, leaving you with a mouthwatering taste and a super calming high that will have you kicked back in no time flat. Sherb Crasher has a sweet and fruity berry flavor with a lightly creamy and sour citrusy exhale. The aroma is just as delicious and fruity, although with a touch of pungent gas to it, too. The Sherb Crasher high has a combination of immediate and creeping effects, hitting the mind first before taking on the body.",,,"['Super Silver Haze Hash', 'Stone Road Moroccan Hash: Grape Ape', 'Stone Road Pre-Roll 5-Pack: Pineapple Kush', 'Cherry Punch', 'Runtz Sugar: Hawaiian Runtz', 'Snickle Fritz: Sugar Cookies', 'Sticky AF Budders: Cherry Kush', 'Sticky AF Baller Diamond: Purple Punch']",[],,2022.10.21,Uplyft - Los Angeles
28,https://www.leafly.com/dispensary-info/uplyft-los-angeles/p/620346929/hot-sugar-drops-blue-raspberry?variant=1364763222,Hot Sugar Drops: Blue Raspberry,Edible,Edible,Hot Sugar! Grow Op Farms,"https://leafly-public.imgix.net/products/photos/iK5mHSc1SQCQ5Vl6rXHc_drops-blue-rasp.jpg?auto=compress,format&w=450&dpr=2",each,$15.00,reg $20.00,$5 off,[],THC 100.0mg,CBD —,Hybrid,"Want to get that Phat Panda feeling without smoking? With 10mg of THC per candy, these yummy gummies pack a punch! ",4.7,46,"['Hot Sugar Drops: Peach Mango ', 'Strawberry Lemonade Sour Belts', 'Strawberry Indica Gummies', 'Elderberry 2:1 THC:CBN Sleep Gummies', 'Crazy Minds House Blend Pre-Rolls 1.5G', 'Stone Road Pre-Roll 5-Pack: Pineapple Kush', 'Cosmopolitan', 'ARTISAN SELECT | Papaya 2-Pack']",[],,2022.10.21,Uplyft - Los Angeles
29,https://www.leafly.com/dispensary-info/uplyft-los-angeles/p/621703315/strawberry-lemonade-sour-belts?variant=1479975548,Strawberry Lemonade Sour Belts,Edible,Edible,KANHA ,"https://leafly-public.imgix.net/products/photos/asNohPivRdu49cXGnOYI_CA_Kanha-Belts-Indica-Sour-Strawberry_gummies.png?auto=compress,format&w=450&dpr=2",each,$20.00,reg $25.00,$5 off,[],THC 100.0mg,CBD —,Sativa,"New KANHA Belts! Buckle Up with our New Sour Flavors! 

2 Belts x 50mg THC = 100mg THC per bag | Microdosable 5 segments per belt x 10 mg THC per segment (CA/NV) or 10 segments per belt x 5mg THC per segment (MA)

Kanha Sour Strawberry Lemonade Belts pack an indica punch in a great sour flavor! This gummy has a sweet yet tart taste, and the indica terpenes induce a calm body and relaxed state of mind.

KANHA Belts are for high-dose consumers, but are microdosable as well! At a stunning 50mg per piece, and with less sugar in every bite than our classic gummies, these belts are guaranteed to be one wild, and sour, ride!

KANHA gummies are made with all-natural ingredients, coloring, and flavoring.  Each gummy is infused with the highest quality cannabis oils to provide the most consistent, safe experience on the market.

TASTE THE BLISS!",4.3,253,"['Hot Sugar Drops: Blue Raspberry', 'Hot Sugar Drops: Peach Mango ', 'Strawberry Indica Gummies', 'Elderberry 2:1 THC:CBN Sleep Gummies', 'Crazy Minds House Blend Pre-Rolls 1.5G', 'Stone Road Pre-Roll 5-Pack: Pineapple Kush', 'Cosmopolitan', 'ARTISAN SELECT | Papaya 2-Pack']",[],,2022.10.21,Uplyft - Los Angeles
30,https://www.leafly.com/dispensary-info/uplyft-los-angeles/p/620748193/strawberry-indica-gummies?variant=1396704584,Strawberry Indica Gummies,Edible,Edible,KANHA,"https://leafly-public.imgix.net/menu/uLGPK1fT9al8Bfc8Du8w_KANHA%20STRAWBERRY.jpg?auto=compress,format&w=450&dpr=2",each,$20.00,reg $25.00,$5 off,[],THC 100.0mg,CBD —,,"Kanha gummies are made with all-natural ingredients, coloring, and flavoring. Each gummy is infused with the highest quality cannabis oils to provide the most consistent, safe experience on the market. Our Strawberry gummies are satisfyingly sweet and made with indica terpenes, which induce a calm and relaxed state of mind.",,,"['Strawberry Lemonade Sour Belts', 'Hot Sugar Drops: Blue Raspberry', 'Hot Sugar Drops: Peach Mango ', 'Elderberry 2:1 THC:CBN Sleep Gummies', 'Crazy Minds House Blend Pre-Rolls 1.5G', 'Stone Road Pre-Roll 5-Pack: Pineapple Kush', 'Cosmopolitan', 'ARTISAN SELECT | Papaya 2-Pack']",[],,2022.10.21,Uplyft - Los Angeles
31,https://www.leafly.com/dispensary-info/uplyft-los-angeles/p/620346928/hot-sugar-drops-peach-mango?variant=1364763216,Hot Sugar Drops: Peach Mango ,Edible,Edible,Hot Sugar! Grow Op Farms,"https://leafly-public.imgix.net/products/photos/00aaWUbDRVSEeCwo180h_drops-peach-mango.jpg?auto=compress,format&w=450&dpr=2",each,$15.00,reg $20.00,$5 off,[],THC 100.0mg,CBD —,,"Want to get that Phat Panda feeling without smoking? With 10mg of THC per candy, these yummy gummies pack a punch! ",4.5,2,"['Hot Sugar Drops: Blue Raspberry', 'Strawberry Lemonade Sour Belts', 'Strawberry Indica Gummies', 'Elderberry 2:1 THC:CBN Sleep Gummies', 'Crazy Minds House Blend Pre-Rolls 1.5G', 'Stone Road Pre-Roll 5-Pack: Pineapple Kush', 'Cosmopolitan', 'ARTISAN SELECT | Papaya 2-Pack']",[],,2022.10.21,Uplyft - Los Angeles
32,https://www.leafly.com/dispensary-info/uplyft-los-angeles/p/620747651/elderberry-21-thccbn-sleep-gummies?variant=1396686998,Elderberry 2:1 THC:CBN Sleep Gummies,Edible,Edible,Wyld,"https://leafly-public.imgix.net/products/photos/iQEs9ShGR2uqLeKbEUkh_Wyld_Elderberry_Gummies_AZ-reflct.png?auto=compress,format&w=450&dpr=2",each,$25.00,reg $30.00,$5 off,[],THC 50.0mg,CBD —,Hybrid,"The sedating effects of CBN in combination with THC alongside terpenes found in Indica strains may provide greater sedation than THC alone. This combination may be particularly useful when preparing for sleep.

It’s a little like watching sheep count you. Enjoy!


100mg THC:50mg CBN per container, 10mg THC:5mg CBN per gummy.*
*Serving size varies by location. 


Contains: Coconut",3.9,28,"['Strawberry Indica Gummies', 'Strawberry Lemonade Sour Belts', 'Hot Sugar Drops: Blue Raspberry', 'Hot Sugar Drops: Peach Mango ', 'Crazy Minds House Blend Pre-Rolls 1.5G', 'Stone Road Pre-Roll 5-Pack: Pineapple Kush', 'Cosmopolitan', 'ARTISAN SELECT | Papaya 2-Pack']",[],,2022.10.21,Uplyft - Los Angeles
33,https://www.leafly.com/dispensary-info/uplyft-los-angeles/p/618177177/dr-zodiaks-moonrock-cartridge-razzle-dazzle?variant=1188510916,Dr. Zodiak's Moonrock Cartridge Razzle Dazzle,Cartridge,Cartridge,Dr. Zodiak's Moonrock,"https://leafly-public.imgix.net/products/photos/4rpNwyvcSCiG4RAE8BGm_razzledazzle.jpg?auto=compress,format&w=450&dpr=2",1 gram,$60.00,reg $65.00,$5 off,[],THC 88.0%,CBD —,Hybrid,"Dr. Zodiak's Moonrock Clear is a high end THC distillate that tests approximately 90%. The Razzle Dazzle 1 gram cartridge is manufactured with a multi-step method of cannabis purification, infused with all natural terpenes to generate a warm and flavorful experience. Portability and potency have never gone more hand in hand.",4.5,6,"['Stiiizy Disposable: Biscotti', ""Dr. Zodiak's Moonrock Cartridge Lynwood Lemonade"", 'Stiiizy Disposable: Sour Diesel', 'STIIIZY Premium THC Pod: Strawberry Cough', 'STIIIZY Premium THC Pod: OG Kush', 'STIIIZY Premium THC Pod: Blue Dream', 'STIIIZY Premium THC Pod: Blue Burst', 'STIIIZY Premium THC Pod: Birthday Cake']",[],,2022.10.21,Uplyft - Los Angeles
34,https://www.leafly.com/dispensary-info/uplyft-los-angeles/p/618177103/dr-zodiaks-moonrock-cartridge-lynwood-lemonade?variant=1188505126,Dr. Zodiak's Moonrock Cartridge Lynwood Lemonade,Cartridge,Cartridge,Dr. Zodiak's Moonrock,"https://leafly-public.imgix.net/menu/9Pw2I0xQnul238Nt1p0I_Lynwood%20Lemonade.png?auto=compress,format&w=450&dpr=2",1 gram,$60.00,reg $65.00,$5 off,[],THC 88.0%,CBD —,,"Dr. Zodiak's Moonrock Cartridge Lynwood Lemonade, Cartridge - THC 88%",,,"[""Dr. Zodiak's Moonrock Cartridge Razzle Dazzle"", 'Stiiizy Disposable: Sour Diesel', 'Stiiizy Disposable: Biscotti', 'STIIIZY Premium THC Pod: Strawberry Cough', 'STIIIZY Premium THC Pod: OG Kush', 'STIIIZY Premium THC Pod: Blue Dream', 'STIIIZY Premium THC Pod: Blue Burst', 'STIIIZY Premium THC Pod: Birthday Cake']",[],,2022.10.21,Uplyft - Los Angeles
35,https://www.leafly.com/dispensary-info/uplyft-los-angeles/p/618176448/big-chief-wedding-cake?variant=1188457759,Big Chief: Wedding Cake,Cartridge,Cartridge,Big Chief,"https://leafly-public.imgix.net/menu/ZeNwMxBKS0OCrvtuqX0W_Wedding%20Cake.png?auto=compress,format&w=450&dpr=2",1 gram,$40.00,reg $45.00,$5 off,[],THC —,CBD —,Hybrid,"Big Chief: Wedding Cake, Cartridge ",4.6,2054,"['Big Chief: Gorilla Glue', 'Big Chief: Blue Dream', 'Big Chief: Apple Jack', 'Big Chief: Granddaddy Purple', ""Dr. Zodiak's Moonrock Cartridge Razzle Dazzle"", 'Stiiizy Disposable: Sour Diesel', 'Stiiizy Disposable: Biscotti', 'Dime Disposable: Peach Kush']",[],,2022.10.21,Uplyft - Los Angeles
36,https://www.leafly.com/dispensary-info/uplyft-los-angeles/p/618176249/big-chief-gorilla-glue?variant=1188445676,Big Chief: Gorilla Glue,Cartridge,Cartridge,Big Chief,"https://leafly-public.imgix.net/menu/s2ar13hQzOIt2mRlTHwA_Gorilla%20Glue.png?auto=compress,format&w=450&dpr=2",1 gram,$40.00,reg $45.00,$5 off,[],THC —,CBD —,,"Big Chief: Gorilla Glue, Cartridge ",,,"['Big Chief: Apple Jack', 'Big Chief: Blue Dream', 'Big Chief: Wedding Cake', 'Big Chief: Granddaddy Purple', 'Stiiizy Disposable: Sour Diesel', 'Stiiizy Disposable: Biscotti', ""Dr. Zodiak's Moonrock Cartridge Razzle Dazzle"", 'STIIIZY Premium THC Pod: Strawberry Cough']",[],,2022.10.21,Uplyft - Los Angeles
37,https://www.leafly.com/dispensary-info/uplyft-los-angeles/p/618176842/big-chief-apple-jack?variant=1188486534,Big Chief: Apple Jack,Cartridge,Cartridge,Big Chief,"https://leafly-public.imgix.net/menu/Jd8v1HXwSKqtbCSaK21v_Apple%20Jack.png?auto=compress,format&w=450&dpr=2",1 gram,$40.00,reg $45.00,$5 off,[],THC —,CBD —,Hybrid,"Big Chief: Apple Jack, Cartridge ",4.2,126,"['Big Chief: Gorilla Glue', 'Big Chief: Blue Dream', 'Big Chief: Wedding Cake', 'Big Chief: Granddaddy Purple', 'Stiiizy Disposable: Sour Diesel', 'Stiiizy Disposable: Biscotti', ""Dr. Zodiak's Moonrock Cartridge Razzle Dazzle"", 'STIIIZY Premium THC Pod: Strawberry Cough']",[],,2022.10.21,Uplyft - Los Angeles
38,https://www.leafly.com/dispensary-info/uplyft-los-angeles/p/618176477/big-chief-granddaddy-purple?variant=1188459721,Big Chief: Granddaddy Purple,Cartridge,Cartridge,Big Chief,"https://leafly-public.imgix.net/menu/jGfiuxMgQXy2zjPcbUV6_Granddaddy%20Purple.png?auto=compress,format&w=450&dpr=2",1 gram,$40.00,reg $45.00,$5 off,[],THC —,CBD —,Indica,"Big Chief: Granddaddy Purple, Cartridge ",4.4,5336,"['Big Chief: Apple Jack', 'Big Chief: Gorilla Glue', 'Big Chief: Blue Dream', 'Big Chief: Wedding Cake', 'Stiiizy Disposable: Sour Diesel', 'Stiiizy Disposable: Biscotti', ""Dr. Zodiak's Moonrock Cartridge Razzle Dazzle"", 'STIIIZY Premium THC Pod: Blue Dream']",[],,2022.10.21,Uplyft - Los Angeles
39,https://www.leafly.com/dispensary-info/uplyft-los-angeles/p/618175097/stiiizy-premium-thc-pod-blue-burst?variant=1188371592,STIIIZY Premium THC Pod: Blue Burst,Cartridge,Cartridge,STIIIZY,"https://leafly-public.imgix.net/menu/eTYCm21FSEmGhlNdmqo0_Blue%20Burst%20Half.png?auto=compress,format&w=450&dpr=2",½ gram,$35.00,reg $40.00,$5 off,[],THC 83.3%,CBD —,Hybrid,"STIIIZY Premium THC Pod: Blue Burst, Cartridge - THC 83.34%",4.7,48,"['Stiiizy Disposable: Sour Diesel', 'Stiiizy Disposable: Biscotti', 'STIIIZY Premium THC Pod: Blue Dream', 'STIIIZY Premium THC Pod: Birthday Cake', 'STIIIZY Premium THC Pod: OG Kush', 'STIIIZY Premium THC Pod (Purple Punch)', 'STIIIZY Premium THC Pod: Strawberry Cough', 'STIIIZY Premium THC Pod: OG Kush']",[],,2022.10.21,Uplyft - Los Angeles
40,https://www.leafly.com/dispensary-info/uplyft-los-angeles/p/618175150/stiiizy-premium-thc-pod-birthday-cake?variant=1188375302,STIIIZY Premium THC Pod: Birthday Cake,Cartridge,Cartridge,STIIIZY,"https://leafly-public.imgix.net/menu/TuKX52toTKGM2EeSVAWA_STIIIZY%20Birthday%20Cake.png?auto=compress,format&w=450&dpr=2",½ gram,$35.00,reg $40.00,$5 off,[],THC 86.9%,CBD —,Hybrid,"STIIIZY Premium THC Pod: Birthday Cake, Cartridge - THC 86.88%",4.5,512,"['Stiiizy Disposable: Sour Diesel', 'Stiiizy Disposable: Biscotti', 'STIIIZY Premium THC Pod: Blue Dream', 'STIIIZY Premium THC Pod: OG Kush', 'STIIIZY Premium THC Pod: Blue Burst', 'STIIIZY Premium THC Pod: OG Kush', 'STIIIZY Premium THC Pod (Purple Punch)', 'STIIIZY Premium THC Pod: Strawberry Cough']",[],,2022.10.21,Uplyft - Los Angeles
41,https://www.leafly.com/dispensary-info/uplyft-los-angeles/p/618175302/stiiizy-premium-thc-pod-og-kush?variant=1188382100,STIIIZY Premium THC Pod: OG Kush,Cartridge,Cartridge,STIIIZY,"https://leafly-public.imgix.net/menu/VGVOtlewQX2cbDS193hU_Screen%20Shot%202022-05-24%20at%203.15.14%20PM.png?auto=compress,format&w=450&dpr=2",½ gram,$35.00,reg $40.00,$5 off,[],THC 85.7%,CBD —,Hybrid,"STIIIZY Premium THC Pod: OG Kush, Cartridge - THC 85.71%",4.3,5457,"['STIIIZY Premium THC Pod: OG Kush', 'Stiiizy Disposable: Sour Diesel', 'Stiiizy Disposable: Biscotti', 'STIIIZY Premium THC Pod: Blue Dream', 'STIIIZY Premium THC Pod: Blue Burst', 'STIIIZY Premium THC Pod: Birthday Cake', 'STIIIZY Premium THC Pod (Purple Punch)', 'STIIIZY Premium THC Pod: Strawberry Cough']",[],,2022.10.21,Uplyft - Los Angeles
42,https://www.leafly.com/dispensary-info/uplyft-los-angeles/p/618174187/stiiizy-premium-thc-pod-strawberry-cough?variant=1188316431,STIIIZY Premium THC Pod: Strawberry Cough,Cartridge,Cartridge,STIIIZY,"https://leafly-public.imgix.net/menu/YSrDJm5T5WP1e2TJ32kQ_STIIIZY%20Strawberry%20Cough.png?auto=compress,format&w=450&dpr=2",½ gram,$35.00,reg $40.00,$5 off,[],THC 85.9%,CBD —,Sativa,"STIIIZY Premium THC Pod: Strawberry Cough, Cartridge - THC 85.9%",4.3,2707,"['Stiiizy Disposable: Sour Diesel', 'Stiiizy Disposable: Biscotti', 'STIIIZY Premium THC Pod: OG Kush', 'STIIIZY Premium THC Pod: Blue Dream', 'STIIIZY Premium THC Pod: Blue Burst', 'STIIIZY Premium THC Pod: Birthday Cake', 'STIIIZY Premium THC Pod: OG Kush', 'STIIIZY Premium THC Pod (Purple Punch)']",[],,2022.10.21,Uplyft - Los Angeles
43,https://www.leafly.com/dispensary-info/uplyft-los-angeles/p/618175345/stiiizy-premium-thc-pod-white-raspberry?variant=1188385501,STIIIZY Premium THC Pod: White Raspberry,Cartridge,Cartridge,STIIIZY,"https://leafly-public.imgix.net/menu/xarbX0EeQSKU39MNanzw_White%20Raspberry.png?auto=compress,format&w=450&dpr=2",½ gram,$35.00,reg $40.00,$5 off,[],THC 87.8%,CBD —,,"STIIIZY Premium THC Pod: White Raspberry, Cartridge - THC 87.83%",,,"['Stiiizy Disposable: Sour Diesel', 'Stiiizy Disposable: Biscotti', 'STIIIZY Premium THC Pod: Blue Dream', 'STIIIZY Premium THC Pod: OG Kush', 'STIIIZY Premium THC Pod: Blue Burst', 'STIIIZY Premium THC Pod: Birthday Cake', 'STIIIZY Premium THC Pod: OG Kush', 'STIIIZY Premium THC Pod (Purple Punch)']",[],,2022.10.21,Uplyft - Los Angeles
44,https://www.leafly.com/dispensary-info/uplyft-los-angeles/p/618174402/stiiizy-premium-thc-pod-strawnana?variant=1188328571,STIIIZY Premium THC Pod: Strawnana,Cartridge,Cartridge,STIIIZY,"https://leafly-public.imgix.net/menu/kANUErGURyFs7g25Uc1r_Screen%20Shot%202022-05-24%20at%202.50.15%20PM.png?auto=compress,format&w=450&dpr=2",½ gram,$35.00,reg $40.00,$5 off,[],THC 87.7%,CBD —,,"STIIIZY Premium THC Pod: Strawnana, Cartridge - THC 87.66%",,,"['Stiiizy Disposable: Sour Diesel', 'Stiiizy Disposable: Biscotti', 'STIIIZY Premium THC Pod: Strawberry Cough', 'STIIIZY Premium THC Pod: OG Kush', 'STIIIZY Premium THC Pod: Blue Dream', 'STIIIZY Premium THC Pod: Blue Burst', 'STIIIZY Premium THC Pod: Birthday Cake', 'STIIIZY Premium THC Pod: OG Kush']",[],,2022.10.21,Uplyft - Los Angeles
45,https://www.leafly.com/dispensary-info/uplyft-los-angeles/p/618173850/stiiizy-premium-thc-pod-blue-dream?variant=1188295181,STIIIZY Premium THC Pod: Blue Dream,Cartridge,Cartridge,STIIIZY,"https://leafly-public.imgix.net/menu/F2SuPgMtQjqWpimji7QV_Blue%20Dream%20Half.png?auto=compress,format&w=450&dpr=2",½ gram,$35.00,reg $40.00,$5 off,[],THC 85.1%,CBD —,,"STIIIZY Premium THC Pod: Blue Dream, Cartridge - THC 85.14%",,,"['STIIIZY Premium THC Pod: Blue Dream', 'Stiiizy Disposable: Sour Diesel', 'Stiiizy Disposable: Biscotti', 'STIIIZY Premium THC Pod: OG Kush', 'STIIIZY Premium THC Pod: Blue Burst', 'STIIIZY Premium THC Pod: Birthday Cake', 'STIIIZY Premium THC Pod: OG Kush', 'STIIIZY Premium THC Pod (Purple Punch)']",[],,2022.10.21,Uplyft - Los Angeles
46,https://www.leafly.com/dispensary-info/uplyft-los-angeles/p/618175232/stiiizy-premium-thc-pod-watermelon-z?variant=1188378458,STIIIZY Premium THC Pod: Watermelon Z,Cartridge,Cartridge,STIIIZY,"https://leafly-public.imgix.net/menu/YSrDJm5T5WP1e2TJ32kQ_STIIIZY%20Strawberry%20Cough.png?auto=compress,format&w=450&dpr=2",½ gram,$35.00,reg $40.00,$5 off,[],THC 88.2%,CBD —,,"STIIIZY Premium THC Pod: Watermelon Z, Cartridge - THC 88.24%",,,"['Stiiizy Disposable: Sour Diesel', 'Stiiizy Disposable: Biscotti', 'STIIIZY Premium THC Pod: Blue Dream', 'STIIIZY Premium THC Pod: OG Kush', 'STIIIZY Premium THC Pod: Blue Burst', 'STIIIZY Premium THC Pod: Birthday Cake', 'STIIIZY Premium THC Pod: OG Kush', 'STIIIZY Premium THC Pod (Purple Punch)']",[],,2022.10.21,Uplyft - Los Angeles
47,https://www.leafly.com/dispensary-info/uplyft-los-angeles/p/618175824/stiiizy-premium-thc-pod-blue-dream?variant=1188416060,STIIIZY Premium THC Pod: Blue Dream,Cartridge,Cartridge,STIIIZY,"https://leafly-public.imgix.net/menu/MUkCVkiYSvWMHfOnOAUt_Blue%20Burst%20Full%20Gram.png?auto=compress,format&w=450&dpr=2",1 gram,$60.00,reg $65.00,$5 off,[],THC 90.0%,CBD —,Hybrid,"STIIIZY Premium THC Pod: Blue Dream, Cartridge - THC 89.97%",4.3,14.2k,"['STIIIZY Premium THC Pod: Blue Dream', 'Stiiizy Disposable: Sour Diesel', 'Stiiizy Disposable: Biscotti', 'STIIIZY Premium THC Pod: Strawberry Cough', 'STIIIZY Premium THC Pod: OG Kush', 'STIIIZY Premium THC Pod: Blue Burst', 'STIIIZY Premium THC Pod: Birthday Cake', 'STIIIZY Premium THC Pod: OG Kush']",[],,2022.10.21,Uplyft - Los Angeles
48,https://www.leafly.com/dispensary-info/uplyft-los-angeles/p/618175857/stiiizy-premium-thc-pod-og-kush?variant=1188418292,STIIIZY Premium THC Pod: OG Kush,Cartridge,Cartridge,STIIIZY,"https://leafly-public.imgix.net/menu/MUkCVkiYSvWMHfOnOAUt_Blue%20Burst%20Full%20Gram.png?auto=compress,format&w=450&dpr=2",1 gram,$60.00,reg $65.00,$5 off,[],THC 90.1%,CBD —,Hybrid,"STIIIZY Premium THC Pod: OG Kush, Cartridge - THC 90.12%",4.3,5457,"['STIIIZY Premium THC Pod: OG Kush', 'Stiiizy Disposable: Sour Diesel', 'Stiiizy Disposable: Biscotti', 'STIIIZY Premium THC Pod: Strawberry Cough', 'STIIIZY Premium THC Pod: Blue Dream', 'STIIIZY Premium THC Pod: Blue Burst', 'STIIIZY Premium THC Pod: Birthday Cake', 'STIIIZY Premium THC Pod (Purple Punch)']",[],"OG Kush, also known as ""Premium OG Kush,"" was first cultivated in Florida in the early ‘90s when a marijuana strain from Northern California was supposedly crossed with Chemdawg, Lemon Thai and a Hindu Kush plant from Amsterdam. The result was a hybrid with a unique terpene profile that boasts a complex aroma with notes of fuel, skunk, and spice. OG often refers to “Original Gangster,” indicating either the strain’s authenticity or intensity.  OG Kush should smell like lemon-pine-fuel with a high-THC, mixed head and body effect. It's often enjoyed in the back half of the day to ease stress.  The genetic backbone of West Coast cannabis varieties, OG Kush arrived in Los Angeles in 1996 when Matt “Bubba” Berger brought it (along with “The Bubba,” which was later used to create the famed Bubba Kush) from Florida to legendary cultivator Josh D. Since then, OG Kush has become a worldwide staple used to create numerous famous strains like GSC and Headband. There are many different phenotypes of OG Kush weed, including Tahoe OG, SFV OG, and Ghost OG.  OG Kush growing info    OG Kush is a popular strain choice for advanced growers. This strain can be grown indoors and outdoors. This strain grows best when the plants are able to grow large and are not confined to pots. OG Kush has a flowering time of 56 days. If grown outdoors, this plant will finish in early October. OG Kush offers a medium-size yield.",2022.10.21,Uplyft - Los Angeles
49,https://www.leafly.com/dispensary-info/uplyft-los-angeles/p/620552971/stiiizy-disposable-sour-diesel?variant=1379999494,Stiiizy Disposable: Sour Diesel,Cartridge,Cartridge,STIIIZY,"https://leafly-public.imgix.net/menu/17wWKrjWQzWuFqwg7DS0_sour%20diesel.jpg?auto=compress,format&w=450&dpr=2",½ gram,$45.00,,,[],THC 88.8%,CBD —,Sativa,"Stiiizy Disposable: Sour Diesel, Cartridge - THC 88.82%",4.3,8237,"['Stiiizy Disposable: Biscotti', 'STIIIZY Premium THC Pod: Blue Dream', 'STIIIZY Premium THC Pod: OG Kush', 'STIIIZY Premium THC Pod: Blue Burst', 'STIIIZY Premium THC Pod: Birthday Cake', 'STIIIZY Premium THC Pod: OG Kush', 'STIIIZY Premium THC Pod (Purple Punch)', 'STIIIZY Premium THC Pod: Strawberry Cough']",[],"Sour Diesel, also known as ""Sour D"" and ""Sour Deez,"" is a popular sativa marijuana strain made by crossing Chemdawg and Super Skunk. Sour Diesel effects are dreamy, cerebral, fast-acting and energizing. This strain features a pungent flavor profile that smells like diesel. Medical marijuana patients choose Sour Diesel to help relieve symptoms associated with depression, pain, and stress. Growers say this strain grows best in a dry, outdoor climate and has a flowering time of 77 days. Fun fact: Sour Diesel first became popular in the early 1990s and has been legendary ever since.",2022.10.21,Uplyft - Los Angeles
50,https://www.leafly.com/dispensary-info/uplyft-los-angeles/p/620552937/stiiizy-disposable-biscotti?variant=1379997069,Stiiizy Disposable: Biscotti,Cartridge,Cartridge,STIIIZY,"https://leafly-public.imgix.net/menu/6qgbqp8CTOalm0dmJfhs_disposable%20biscotti.jpg?auto=compress,format&w=450&dpr=2",½ gram,$45.00,,,[],THC 90.2%,CBD —,Hybrid,"Packing a big punch in a LIIIL package. LIIIL STIIIZY is the ultimate portable, disposable vape device that delivers an unexpected vaping experience with great taste and bigger clouds. Its simplicity and portability make LIIIL STIIIZY the new on-the-go must have vape device.
--
BISCOTTI / INDICA

· Taste: Earthy, Pine, Nutty
· Feeling: Relaxing, Sleepy, Giggly
· Description: An Indica-dominant strain that comes from Gelato #25 and South Florida OG. Biscotti delivers a powerful body high and delicious flavor.",4.6,375,"[""Dr. Zodiak's Moonrock Cartridge Razzle Dazzle"", 'Stiiizy Disposable: Sour Diesel', 'STIIIZY Premium THC Pod: Blue Dream', 'STIIIZY Premium THC Pod: OG Kush', 'STIIIZY Premium THC Pod: Blue Burst', 'STIIIZY Premium THC Pod: Birthday Cake', 'STIIIZY Premium THC Pod: OG Kush', 'STIIIZY Premium THC Pod (Purple Punch)']",[],"Biscotti is a potent indica-dominant hybrid marijuana strain made by crossing Gelato 25 with Sour Florida OG. This strain produces a cerebral high that leave consumers feeling relaxed, creative, and buzzy from head-to-toe. The effects of Biscotti are known to creep up on consumers, so it's best to take it slow with this strain. In terms of flavor, Biscotti tastes like sweet cookies with undertones of diesel. With a THC level of 21%, medical marijuana patients turn to this strain to relieve symptoms associated with stress, anxiety, and depression. According to growers, Biscotti flowers into small, dense buds marked by dark green and purple foliage with bright orange pistils. The striking trichome coverage of this strain gives it top shelf appeal. Biscotti was originally bred by Cookies Farms. If you've smoked, dabbed, or consumed this strain before, tell us about your experience by leaving a review.",2022.10.21,Uplyft - Los Angeles
51,https://www.leafly.com/dispensary-info/uplyft-los-angeles/p/621703213/stiiizy-premium-thc-pod-purple-punch?variant=1479955601,STIIIZY Premium THC Pod (Purple Punch),Cartridge,Cartridge,STIIIZY,"https://leafly-public.imgix.net/menu/k12tqZCQOKSYFS2POYGc_STZ%20PURPLE%20PUNCH.png?auto=compress,format&w=450&dpr=2",½ gram,$35.00,,,[],THC 88.9%,CBD —,Indica,"PURPLE PUNCH / INDICA 

Taste: Grape, Berry, Sweet 

Feeling: Relaxed, Happy, Euphoric 

Description: A cross between Larry OG and Granddaddy Purp. Purple Punch smokes smooth and sweet with a mouthwatering tropical punch flavor.",4.6,1490,"['Stiiizy Disposable: Sour Diesel', 'Stiiizy Disposable: Biscotti', 'STIIIZY Premium THC Pod: Blue Dream', 'STIIIZY Premium THC Pod: OG Kush', 'STIIIZY Premium THC Pod: Blue Burst', 'STIIIZY Premium THC Pod: Birthday Cake', 'STIIIZY Premium THC Pod: OG Kush', 'STIIIZY Premium THC Pod: Strawberry Cough']",[],"Purple Punch is the sweet and sedating union of two indica-dominant classics. By breeding Larry OG with Granddaddy Purple, the astonishing trichome laden Purple Punch was born, smelling of grape candy, blueberry muffins, and tart Kool-Aid. The potency of this strain gives the consumer a one-two punch to the head and body, initially landing between the eyes and settling down into the limbs. Purple Punch is a delicious dessert strain that is best suited for after dinner. Its effects may help with managing nausea, stress, minor body aches, and sleeplessness.",2022.10.21,Uplyft - Los Angeles
52,https://www.leafly.com/dispensary-info/uplyft-los-angeles/p/621503338/big-chief-blue-dream?variant=1462477282,Big Chief: Blue Dream,Cartridge,Cartridge,Big Chief,"https://leafly-public.imgix.net/menu/Nl1qZ0QSAOTdkY7Eovai_Screenshot%202022-10-03%20194644.png?auto=compress,format&w=450&dpr=2",1 gram,$45.00,,,[],THC 91.5%,CBD —,Hybrid,"Big Chief: Blue Dream, Cartridge - THC 91.5%",4.3,14.2k,"['STIIIZY Premium THC Pod: Blue Dream', 'STIIIZY Premium THC Pod: Blue Dream', 'Big Chief: Granddaddy Purple', 'Big Chief: Wedding Cake', 'Big Chief: Apple Jack', 'Big Chief: Gorilla Glue', ""Dr. Zodiak's Moonrock Cartridge Razzle Dazzle"", 'Stiiizy Disposable: Sour Diesel']",[],"Updated February 2022  Blue Dream is a sativa-dominant hybrid marijuana strain made by crossing Blueberry with Haze. This strain produces a balanced high, along with effects such as cerebral stimulation and full-body relaxation. Blue dream is 18% THC but has a low CBD percentage, making this potent strain a fan favorite of both novice and veteran cannabis consumers. In terms of flavor, Blue Dream is reported to smell and taste like sweet berries. Medical marijuana patients often use Blue Dream to treat symptoms of depression, chronic pain, and nausea. According to home grow enthusiasts, this strain has an average flowering time of 67 days and is best suited to grow using the Sea of Green method. Blue Dream originated in California and has since achieved legendary status among West Coast strains and has quickly become one of the most-searched-for strains in the Leafly database. The average price per gram of Blue Dream is $20. Strains similar to Blue Dream include Blue Dream CBD, Double Dream, and Blue Magoo.",2022.10.21,Uplyft - Los Angeles
53,https://www.leafly.com/dispensary-info/uplyft-los-angeles/p/618175585/dime-disposable-peach-kush?variant=1188401355,Dime Disposable: Peach Kush,Cartridge,Cartridge,Dime Industries,"https://leafly-public.imgix.net/menu/utroPgUfQJaof5yHAcHT_Screen%20Shot%202022-05-24%20at%203.25.17%20PM.png?auto=compress,format&w=450&dpr=2",0.6 grams,$50.00,,,[],THC 80.1%,CBD —,Hybrid,"Dime Disposable: Peach Kush, Cartridge - THC 80.07%",4.3,3,"['Dime Disposable: Blueberry Lemon Haze', 'Stiiizy Disposable: Sour Diesel', 'Stiiizy Disposable: Biscotti', ""Dr. Zodiak's Moonrock Cartridge Razzle Dazzle"", 'STIIIZY Premium THC Pod: Blue Dream', 'STIIIZY Premium THC Pod: Blue Burst', 'STIIIZY Premium THC Pod: Birthday Cake', 'STIIIZY Premium THC Pod: OG Kush']",[],,2022.10.21,Uplyft - Los Angeles
54,https://www.leafly.com/dispensary-info/uplyft-los-angeles/p/618175526/dime-disposable-blueberry-lemon-haze?variant=1188398718,Dime Disposable: Blueberry Lemon Haze,Cartridge,Cartridge,Dime Industries,"https://leafly-public.imgix.net/menu/sEArSmqTvqva0zsOxCP0_Blueberry%20Lemon%20Haze.png?auto=compress,format&w=450&dpr=2",0.6 grams,$50.00,,,[],THC 80.1%,CBD —,,"Dime Disposable: Blueberry Lemon Haze, Cartridge - THC 80.07%",,,"['Dime Disposable: Peach Kush', ""Dr. Zodiak's Moonrock Cartridge Razzle Dazzle"", 'Stiiizy Disposable: Sour Diesel', 'Stiiizy Disposable: Biscotti', ""Dr. Zodiak's Moonrock Cartridge Lynwood Lemonade"", 'STIIIZY Premium THC Pod: Blue Dream', 'STIIIZY Premium THC Pod: OG Kush', 'PlugnPlay Exotics: Grape Ape Soda']",[],,2022.10.21,Uplyft - Los Angeles
55,https://www.leafly.com/dispensary-info/uplyft-los-angeles/p/621503331/jeeter-juice-disposable-live-resin-straw---berry-g?variant=1462472655,Jeeter Juice Disposable Live Resin Straw - Berry Gelato,Cartridge,Cartridge,Jeeter,"https://leafly-public.imgix.net/products/photos/fRdwk7wFSBmDQ0K4w8Zi_Jeeter-Juice-Live-Resin-Berry-Gelato.jpg?auto=compress,format&w=450&dpr=2",½ gram,$50.00,,,[],THC 79.0%,CBD —,Hybrid,"Berry Gelato Jeeter Juice Disposable Live Resin Straw: 500mg | Indica

Berry Gelato, aka Blueberry Gelato, is an indica strain made by crossing Thin Mint GSC with Blueberry. This strain features a tasty, fruity blueberry flavor with an earthy undertone and an aroma to match it. Berry Gelato has arousing, sleepy and creative effects, making it great for an evening in. It may help relieve anxiety, depression and insomnia.",4.6,45,"['PlugnPlay Exotics: Grape Ape Soda', 'PlugnPlay Exotics: Apple Slushie', 'Stiiizy Disposable: Sour Diesel', 'Stiiizy Disposable: Biscotti', ""Dr. Zodiak's Moonrock Cartridge Razzle Dazzle"", 'Thin Mint Cookies Baby Jeeters 5-pack Infused Pre-rolls', 'STIIIZY Premium THC Pod: Blue Dream', 'STIIIZY Premium THC Pod: Blue Burst']",[],,2022.10.21,Uplyft - Los Angeles
56,https://www.leafly.com/dispensary-info/uplyft-los-angeles/p/620762886/plug-dna-fire-og?variant=1398521779,PLUG DNA: Fire OG,Cartridge,Cartridge,PLUG,"https://leafly-public.imgix.net/menu/UTokWYWjTBiYQUbutt8d_PLUGPLAY%20FIRE%20OG.jpg?auto=compress,format&w=450&dpr=2",1 gram,$70.00,,,[],THC 86.0%,CBD —,Hybrid,"PLUGplay is pleased to connect you with their PLUG DNA: Fire OG cartridge. A few puffs of this Plug cannabis extraction delivers a pine and citrus flavor profile and calming effects. PLUG DNA: Fire OG is an Indica, and provides soothing relief with every drag. 

",4.4,1187,"['Stiiizy Disposable: Sour Diesel', 'Stiiizy Disposable: Biscotti', ""Dr. Zodiak's Moonrock Cartridge Razzle Dazzle"", 'STIIIZY Premium THC Pod: Strawberry Cough', 'STIIIZY Premium THC Pod: OG Kush', 'STIIIZY Premium THC Pod: Blue Dream', 'STIIIZY Premium THC Pod: Blue Burst', 'STIIIZY Premium THC Pod: Birthday Cake']",[],,2022.10.21,Uplyft - Los Angeles
57,https://www.leafly.com/dispensary-info/uplyft-los-angeles/p/621503544/raw-garden-live-resin-cartridge-papa-slurm?variant=1462499639,Raw Garden Live Resin Cartridge: Papa Slurm,Cartridge,Cartridge,Raw Garden™,"https://leafly-public.imgix.net/menu/Zdr5V75sQ7yUGl4oJjag_Gelato%20Clouds.png?auto=compress,format&w=450&dpr=2",1 gram,$70.00,,,[],THC 80.1%,CBD —,,"Raw Garden Live Resin Cartridge: Papa Slurm, Cartridge - THC 80.08%",,,"['Stiiizy Disposable: Sour Diesel', 'Stiiizy Disposable: Biscotti', ""Dr. Zodiak's Moonrock Cartridge Razzle Dazzle"", 'STIIIZY Premium THC Pod: Strawberry Cough', 'STIIIZY Premium THC Pod: OG Kush', 'STIIIZY Premium THC Pod: Blue Dream', 'STIIIZY Premium THC Pod: Blue Burst', 'STIIIZY Premium THC Pod: Birthday Cake']",[],,2022.10.21,Uplyft - Los Angeles
58,https://www.leafly.com/dispensary-info/uplyft-los-angeles/p/618177467/plugnplay-exotics-grape-ape-soda?variant=1188525684,PlugnPlay Exotics: Grape Ape Soda,Cartridge,Cartridge,PLUGplay,"https://leafly-public.imgix.net/products/photos/OdGHeRRkQAmpCtCerypZ_Grape-Ape-2.jpg?auto=compress,format&w=450&dpr=2",1 gram,$75.00,,,[],THC —,CBD —,,"Connect to your wild side with this addition to the Plug Play Exotic line. Experience the delicious grape flavors of this pure, distillate oil. A few puffs of this Plug sends vibrant notes of grape soda that flows alongside a balance of cerebral and euphoric effects.",,,"['PlugnPlay Exotics: Apple Slushie', 'PLAY Battery Kit', 'Jeeter Juice Disposable Live Resin Straw - Berry Gelato', 'Stiiizy Disposable: Sour Diesel', 'Stiiizy Disposable: Biscotti', ""Dr. Zodiak's Moonrock Cartridge Razzle Dazzle"", 'STIIIZY Premium THC Pod: Blue Dream', 'STIIIZY Premium THC Pod: Blue Burst']",[],,2022.10.21,Uplyft - Los Angeles
59,https://www.leafly.com/dispensary-info/uplyft-los-angeles/p/618177423/plugnplay-exotics-apple-slushie?variant=1188523198,PlugnPlay Exotics: Apple Slushie,Cartridge,Cartridge,PLUGplay,"https://leafly-public.imgix.net/products/photos/dMetzWSWqbBUrwsAC0YA_Apple-Slushie-2.1.jpg?auto=compress,format&w=450&dpr=2",1 gram,$75.00,,,[],THC —,CBD —,,How ya like them apples...slushie!! PLUGplay introduces their newest addition to the PLUG EXOTICS family: Apple Slushie. Its crisp and refreshing taste is the perfect pick-me-up no matter what time of the day.,,,"['PlugnPlay Exotics: Grape Ape Soda', 'Jeeter Juice Disposable Live Resin Straw - Berry Gelato', 'PLAY Battery Kit', ""Dr. Zodiak's Moonrock Cartridge Razzle Dazzle"", 'Stiiizy Disposable: Sour Diesel', 'Stiiizy Disposable: Biscotti', 'Dime Disposable: Peach Kush', ""Dr. Zodiak's Moonrock Cartridge Lynwood Lemonade""]",[],,2022.10.21,Uplyft - Los Angeles
60,https://www.leafly.com/dispensary-info/uplyft-los-angeles/p/618172307/crazy-minds-house-blend-pre-rolls-15g?variant=1188241683,Crazy Minds House Blend Pre-Rolls 1.5G,Preroll,PreRoll,Crazy Mind Extracts,"https://leafly-public.imgix.net/menu/cIvTZSgtRpOMscCA39xu_House%20Blend.png?auto=compress,format&w=450&dpr=2",each,$10.00,reg $15.00,$5 off,[],THC 12.8%,CBD —,,"Crazy Minds House Blend Pre-Rolls 1.5G, PreRoll - THC 12.8%",,,"['Crazy Mind Bazooka Blunt 2G: Darth Vader OG', 'Premium Infused Pre Roll - Girl Scout Cookies', 'Stone Road Pre-Roll 5-Pack: Pineapple Kush', 'ARTISAN SELECT | Papaya 2-Pack', 'Thin Mint Cookies Baby Jeeters 5-pack Infused Pre-rolls', 'The Exotic Pack 3-Pack Pre-rolls', 'Watermelon Zkittlez Jeeters 5-pack Infused Pre-rolls', ""Dr. Zodiak's Moonrock Preroll: Pinkies 1.4G""]",[],,2022.10.21,Uplyft - Los Angeles
61,https://www.leafly.com/dispensary-info/uplyft-los-angeles/p/619472967/stone-road-pre-roll-5-pack-pineapple-kush?variant=1293075452,Stone Road Pre-Roll 5-Pack: Pineapple Kush,Preroll,PreRoll,Stone Road,"https://leafly-public.imgix.net/menu/qtGxJRnTJzmOhRLXuZAw_Screen%20Shot%202022-07-18%20at%204.21.02%20PM.png?auto=compress,format&w=450&dpr=2",each,$30.00,reg $35.00,$5 off,[],THC 39.7%,CBD —,Hybrid,"Stone Road Pre-Roll 5-Pack: Pineapple Kush, PreRoll - THC 39.71%",4.1,671,"['Crazy Minds House Blend Pre-Rolls 1.5G', 'ARTISAN SELECT | Papaya 2-Pack', 'Cherry Punch', 'Thin Mint Cookies Baby Jeeters 5-pack Infused Pre-rolls', 'Super Silver Haze Hash', 'Crazy Mind Bazooka Blunt 2G: Darth Vader OG', 'The Exotic Pack 3-Pack Pre-rolls', 'Sherbet Crashers Sugar']",[],,2022.10.21,Uplyft - Los Angeles
62,https://www.leafly.com/dispensary-info/uplyft-los-angeles/p/620370981/artisan-select--papaya-2-pack?variant=1366048755,ARTISAN SELECT | Papaya 2-Pack,Preroll,PreRoll,Artisan Select,"https://leafly-public.imgix.net/menu/vk2tAXpRLKTZmvfePA6p_Artisan%202%20Pack.png?auto=compress,format&w=450&dpr=2",each,$15.00,reg $20.00,$5 off,[],THC 25.0%,CBD —,Indica,"ARTISAN SELECT | Papaya 2-Pack, PreRoll - THC 25%",4.3,305,"['Crazy Minds House Blend Pre-Rolls 1.5G', 'Stone Road Pre-Roll 5-Pack: Pineapple Kush', 'Thin Mint Cookies Baby Jeeters 5-pack Infused Pre-rolls', 'Crazy Mind Bazooka Blunt 2G: Darth Vader OG', 'The Exotic Pack 3-Pack Pre-rolls', 'Watermelon Zkittlez Jeeters 5-pack Infused Pre-rolls', ""Dr. Zodiak's Moonrock Preroll: Pinkies 1.4G"", 'Premium Infused Pre Roll - Girl Scout Cookies']",[],,2022.10.21,Uplyft - Los Angeles
63,https://www.leafly.com/dispensary-info/uplyft-los-angeles/p/618172171/premium-infused-pre-roll---girl-scout-cookies?variant=1188233618,Premium Infused Pre Roll - Girl Scout Cookies,Preroll,PreRoll,Crazy Mind Extracts,"https://leafly-public.imgix.net/menu/wAJDFNrTruOgNcIKnoNQ_GSC.png?auto=compress,format&w=450&dpr=2",each,$18.00,reg $23.00,$5 off,[],THC 26.5%,CBD —,,"Premium Infused Pre Roll - Girl Scout Cookies, PreRoll - THC 26.5%",,,"['Crazy Minds House Blend Pre-Rolls 1.5G', 'Crazy Mind Bazooka Blunt 2G: Darth Vader OG', 'Stone Road Pre-Roll 5-Pack: Pineapple Kush', 'ARTISAN SELECT | Papaya 2-Pack', 'Thin Mint Cookies Baby Jeeters 5-pack Infused Pre-rolls', 'The Exotic Pack 3-Pack Pre-rolls', 'Cookie Platter 3-Pack Pre-rolls', 'Watermelon Zkittlez Jeeters 5-pack Infused Pre-rolls']",[],,2022.10.21,Uplyft - Los Angeles
64,https://www.leafly.com/dispensary-info/uplyft-los-angeles/p/620154036/dr-zodiaks-moonrock-preroll-pinkies-14g?variant=1348696661,Dr. Zodiak's Moonrock Preroll: Pinkies 1.4G,Preroll,PreRoll,Dr. Zodiak's Moonrock,"https://leafly-public.imgix.net/menu/hqn6TG7SHOgNysFJQAMe_z7r8bXJbQW6FFxvaE8LC_prerollpinkies.jpeg?auto=compress,format&w=450&dpr=2",each,$25.00,reg $30.00,$5 off,[],THC —,CBD —,,"Dr. Zodiak's Moonrock Preroll: Pinkies 1.4G, PreRoll ",,,"['Crazy Minds House Blend Pre-Rolls 1.5G', 'Stone Road Pre-Roll 5-Pack: Pineapple Kush', 'ARTISAN SELECT | Papaya 2-Pack', ""Dr. Zodiak's Moonrock Cartridge Razzle Dazzle"", 'Thin Mint Cookies Baby Jeeters 5-pack Infused Pre-rolls', ""Dr. Zodiak's Moonrock Cartridge Lynwood Lemonade"", 'Crazy Mind Bazooka Blunt 2G: Darth Vader OG', 'The Exotic Pack 3-Pack Pre-rolls']",[],,2022.10.21,Uplyft - Los Angeles
65,https://www.leafly.com/dispensary-info/uplyft-los-angeles/p/618172239/crazy-mind-bazooka-blunt-2g-darth-vader-og?variant=1188236818,Crazy Mind Bazooka Blunt 2G: Darth Vader OG,Preroll,PreRoll,Crazy Mind Extracts,"https://leafly-public.imgix.net/menu/fxXukAKsTLS2QwrIbjoU_Darth%20Vader%20OG.png?auto=compress,format&w=450&dpr=2",each,$30.00,reg $35.00,$5 off,[],THC 32.0%,CBD —,,"Crazy Mind Bazooka Blunt 2G: Darth Vader OG, PreRoll - THC 32%",,,"['Crazy Minds House Blend Pre-Rolls 1.5G', 'Premium Infused Pre Roll - Girl Scout Cookies', 'Stone Road Pre-Roll 5-Pack: Pineapple Kush', 'ARTISAN SELECT | Papaya 2-Pack', 'Thin Mint Cookies Baby Jeeters 5-pack Infused Pre-rolls', 'The Exotic Pack 3-Pack Pre-rolls', 'Watermelon Zkittlez Jeeters 5-pack Infused Pre-rolls', ""Dr. Zodiak's Moonrock Preroll: Pinkies 1.4G""]",[],,2022.10.21,Uplyft - Los Angeles
66,https://www.leafly.com/dispensary-info/uplyft-los-angeles/p/620746412/thin-mint-cookies-baby-jeeters-5-pack-infused-pre-?variant=1396668847,Thin Mint Cookies Baby Jeeters 5-pack Infused Pre-rolls,Preroll,PreRoll,Jeeter,"https://leafly-public.imgix.net/products/photos/QJHQYN5YSCKewVIZmBqk_Baby---Thin-Mint-Cookies.jpg?auto=compress,format&w=450&dpr=2",5 each,$60.00,,,[],THC 45.6%,CBD —,Hybrid,"Thin Mint Cookies Baby Jeeter Infused: Five .5g Joints 2.5g | Hybrid | 39.73% THC Indoor Grown Infused with Distillate Oil & Kief

Thin Mint Cookies, a hybrid cross containing Durban Poison and OG Kush genetics, is a phenotype of the legendary GSC strain. Dark green and royal purple hues peek through a heavy coat of crystals, with a sweet minty smell that explains this strain’s name. It provides a powerful full-body effect that gives this strain its sterling reputation. The potency of Thin Mint Cookies helps relieve symptoms associated with severe pain, nausea, swelling, insomnia, and appetite loss.",4.6,839,"['Watermelon Zkittlez Jeeters 5-pack Infused Pre-rolls', 'The Exotic Pack 3-Pack Pre-rolls', 'Cookie Platter 3-Pack Pre-rolls', 'Crazy Minds House Blend Pre-Rolls 1.5G', 'Stone Road Pre-Roll 5-Pack: Pineapple Kush', 'ARTISAN SELECT | Papaya 2-Pack', 'Crazy Mind Bazooka Blunt 2G: Darth Vader OG', 'Jeeter Juice Disposable Live Resin Straw - Berry Gelato']",[],,2022.10.21,Uplyft - Los Angeles
67,https://www.leafly.com/dispensary-info/uplyft-los-angeles/p/621703208/the-exotic-pack-3-pack-pre-rolls?variant=1479954069,The Exotic Pack 3-Pack Pre-rolls,Preroll,PreRoll,West Coast Cure,"https://leafly-public.imgix.net/products/photos/p54DQmQDW2TWkmq8zqGg_Exotic-Pack_CUREjoint_05.jpg?auto=compress,format&w=450&dpr=2",3 each,$35.00,,,[],THC 27.4%,CBD —,,"The Exotic Pack - Bacio Gelato, Mochi, Rainbow Sherbert
West Coast Cure's Exotic Pack offers a dizzying mixture of some of the most elusive clone-only strains available today. Produced by the original cultivators, these joints provide a heavy-hitting and powerful smoke. A 3-Joint offering of Bacio Gelato, Mochi and Rainbow Sherbet, consumers should hold on tight as they test out some of the best new genetics California has to offer.
 
The Exotic Pack works well for adults with some time to get creative: writers, graphic designers, illustrators, or just about anyone looking to fire up their creative juices will find inspiration in WCC’s Exotic Pack.
 
The Exotic Pack Pack Includes:
1 gram Bacio Gelato Cured Joint – Gelato flavor; citrus aroma; creatively stimulating, physically relaxing
1 gram Mochi Cured Joint – Honeyed, floral flavor; citrus, tropical aroma; mentally relaxing, physically soothing
1 gram Rainbow Sherbert Cured Joint – Sweet, fruity, menthol flavor; berry, mint aroma; mentally invigorating, physically relaxing
 ",,,"['Cookie Platter 3-Pack Pre-rolls', 'Thin Mint Cookies Baby Jeeters 5-pack Infused Pre-rolls', 'Watermelon Zkittlez Jeeters 5-pack Infused Pre-rolls', 'Crazy Minds House Blend Pre-Rolls 1.5G', 'Stone Road Pre-Roll 5-Pack: Pineapple Kush', 'ARTISAN SELECT | Papaya 2-Pack', 'Gummy Buns 3.5G', 'Crazy Mind Bazooka Blunt 2G: Darth Vader OG']",[],,2022.10.21,Uplyft - Los Angeles
68,https://www.leafly.com/dispensary-info/uplyft-los-angeles/p/621703203/cookie-platter-3-pack-pre-rolls?variant=1479949703,Cookie Platter 3-Pack Pre-rolls,Preroll,PreRoll,West Coast Cure,"https://leafly-public.imgix.net/products/photos/SaWkfIE7QYyjlaUUVpeo_Cookie-Platter_CUREjoint_03.jpg?auto=compress,format&w=450&dpr=2",3 each,$35.00,,,[],THC 29.2%,CBD —,,"Cookie Platter CUREjoints: Animal Cookies, Wedding Cake, Wookies
 
West Coast Cure's Cookie Platter was named after the NorCal family that brought us some of the finest cannabis strains over the past decade. A 3-Joint offering of Animal Cookies, Wedding Cake and Wookies, this curated collection of strains unites some of the best genetics the Cookie fam has to offer. Selected from some of the doughiest strains available, this 3-pack assortment of 1-gram joints is like a mixed bag of sugar-coated cookies for discerning adults. Enjoy anytime day or night, but beware you could soon find yourself a couch-locked munchie monster! 

The WCC Creative Pack Includes:

1 gram Animal Cookies CUREjoint – Sweet vanilla spice, GSC flavor; sweet and sour gas, baked goods aroma; Intellectually inspiring, entertaining and relaxing

1 gram Wedding Cake CUREjoint – Fiery pepper, vanilla flavor; sweet-smelling, doughy, earthy aroma; physically relaxing, socially engaging 

1 gram Wookies CUREjoint – Mint, berry, petrol flavor; lavender, sweet pine, gas and citrus aroma; happy, motivating 
 ",,,"['The Exotic Pack 3-Pack Pre-rolls', 'Thin Mint Cookies Baby Jeeters 5-pack Infused Pre-rolls', 'Watermelon Zkittlez Jeeters 5-pack Infused Pre-rolls', 'Crazy Minds House Blend Pre-Rolls 1.5G', 'Stone Road Pre-Roll 5-Pack: Pineapple Kush', 'ARTISAN SELECT | Papaya 2-Pack', 'Gummy Buns 3.5G', 'Crazy Mind Bazooka Blunt 2G: Darth Vader OG']",[],,2022.10.21,Uplyft - Los Angeles
69,https://www.leafly.com/dispensary-info/uplyft-los-angeles/p/620746531/watermelon-zkittlez-jeeters-5-pack-infused-pre-rol?variant=1396673243,Watermelon Zkittlez Jeeters 5-pack Infused Pre-rolls,Preroll,PreRoll,Jeeter,"https://leafly-public.imgix.net/menu/nyA2Gu9BSLqGVU9WQ6nx_WATERMELON%20ZKITTLEZ%20JEETER.jpg?auto=compress,format&w=450&dpr=2",5 each,$60.00,,,[],THC 42.9%,CBD —,Indica,"Watermelon Zkittlez is the indica-dominant cross of the hugely popular Zkittlez and Watermelon. It offers a wonderful fruity aroma and flavor profile that is mouthwateringly scrumptious. It's high may set in quickly, delivering a powerful, head-rushing euphoria. With its heavy effects, Watermelon Zkittlez is best reserved for the end of the day.",4.5,113,"['Thin Mint Cookies Baby Jeeters 5-pack Infused Pre-rolls', 'The Exotic Pack 3-Pack Pre-rolls', 'Cookie Platter 3-Pack Pre-rolls', 'Crazy Minds House Blend Pre-Rolls 1.5G', 'Stone Road Pre-Roll 5-Pack: Pineapple Kush', 'ARTISAN SELECT | Papaya 2-Pack', 'Crazy Mind Bazooka Blunt 2G: Darth Vader OG', 'Jeeter Juice Disposable Live Resin Straw - Berry Gelato']",[],,2022.10.21,Uplyft - Los Angeles
70,https://www.leafly.com/dispensary-info/uplyft-los-angeles/p/618180122/510-metrix-standard-battery?variant=1188744628,510 Metrix Standard Battery,Accessory,Accessory,Metrix,"https://leafly-public.imgix.net/menu/GUO4StblTHKD8gGPmFRp_510.png?auto=compress,format&w=450&dpr=2",each,$20.00,,,[],THC —,CBD —,,"510 Metrix Standard Battery, Accessory ",,,"['PLAY Battery Kit', 'Crazy Minds House Blend Pre-Rolls 1.5G', 'Stone Road Pre-Roll 5-Pack: Pineapple Kush', 'Cosmopolitan', 'ARTISAN SELECT | Papaya 2-Pack', 'Cherry Punch', ""Dr. Zodiak's Moonrock Cartridge Razzle Dazzle"", 'Stiiizy Disposable: Sour Diesel']",[],,2022.10.21,Uplyft - Los Angeles
71,https://www.leafly.com/dispensary-info/uplyft-los-angeles/p/618180108/play-battery-kit?variant=1188743725,PLAY Battery Kit,Accessory,Accessory,PLUGplay,"https://leafly-public.imgix.net/products/photos/v0wvKA3MSTuwx53ikVGK_Screen%20Shot%202020-01-06%20at%2011.36.04%20AM.png?auto=compress,format&w=450&dpr=2",each,$30.00,,,[],THC —,CBD —,,"PLAY Battery Kit, Accessory ",,,"['PlugnPlay Exotics: Grape Ape Soda', 'PlugnPlay Exotics: Apple Slushie', 'Jeeter Juice Disposable Live Resin Straw - Berry Gelato', '510 Metrix Standard Battery', 'Crazy Minds House Blend Pre-Rolls 1.5G', 'Stone Road Pre-Roll 5-Pack: Pineapple Kush', 'Cosmopolitan', 'ARTISAN SELECT | Papaya 2-Pack']",[],,2022.10.21,Uplyft - Los Angeles
72,https://www.leafly.com/dispensary-info/uplyft-los-angeles/p/618909465/cannabis-mystery-box?variant=1246519902,Cannabis Mystery Box,Other,Other,,"https://leafly-public.imgix.net/menu/eqLSGKC9RH6U4GLzcCmF_Mystery%20Box.png?auto=compress,format&w=450&dpr=2",each,$100.00,reg $150.00,$50 off,[],THC —,CBD —,,"Say 'Hello' to a surprise! We've been working hard. Introducing our Mystery box and community Membership curated for those who want to explore classic and new cannabis drops at an affordable price. Add this item to your cart and receive a minimum of $220 of value for only $100. Be first in line to receive one of the first Cannabis Mystery Boxes!



Orders for Cannabis Mystery Boxes must be placed at least one day in advance.",,,"['10G Special (Bubblegum Dulce)', 'Shake', 'Blue Fruit Ztripez (7G)', 'Crazy Minds House Blend Pre-Rolls 1.5G', 'Stone Road Pre-Roll 5-Pack: Pineapple Kush', 'Cosmopolitan', 'ARTISAN SELECT | Papaya 2-Pack', 'Cherry Punch']",[],,2022.10.21,Uplyft - Los Angeles
