﻿Index,Link,Name,Label,Category,Brand,Image,Unit,Price,OrginalPrice,Discount,OtherAmount,THC,CBD,Lineage,Description,Rating,Reviewnum,Alsolike,Similar,Strain,ScrapeTime,Store name
0,https://www.leafly.com/dispensary-info/uplyft-riverside/p/620744254/blueberry-muffin?variant=1396551562,Blueberry Muffin,Hybrid flower,Flower,Stone Road,"https://leafly-public.imgix.net/menu/8qXCTyTXTq6sL6T0KK6Y_STONE%20ROAD%203.5G.png?auto=compress,format&w=450&dpr=2",⅛ ounce,$30.00,reg $35.00,$5 off,[],THC 32.6%,CBD —,Hybrid,"Blueberry Muffin, also known as ""Blueberry Muffins,"" is an Indica marijuana strain made from a cross of Blueberry and Purple Panty Dropper. Produced by Humboldt Seed Co., Blueberry Muffin is revered for its uniform bud structure and purple-tinted flowers. This strain features a flavor profile that smells like a tray of fresh baked muffins. Blueberry Muffin's sweetness is softened by a smooth, creamy finish and makes for a tasty joint.",4.6,299,"['Sweet Dreams 7G', 'Sour Guava 3.5G', 'Gummy Buns 3.5G', 'Strawberry Cough 7G', 'Banana Cream Cake 7G', 'Cherry Punch', 'Pink Acai 3.5G', 'Grapefruit 3.5G']",['Gummy Buns 3.5G'],,2022.10.21,Uplyft - Riverside
1,https://www.leafly.com/dispensary-info/uplyft-riverside/p/620745981/cosmopolitan?variant=1396637878,Cosmopolitan,Flower,Flower,Big Tree Industries,"https://leafly-public.imgix.net/menu/6B3I4WuXQMK4CA3SaTmg_BIG%20TREE.jpg?auto=compress,format&w=450&dpr=2",⅛ ounce,$25.00,reg $30.00,$5 off,[],THC 34.1%,CBD —,,"Lineage: Jillybean Bx2 x Cherry Pie 

With buds that are dense and full of orange hairs and a touch of purple, this hybrid strain smells of sweet sour cherry pie, tangy oranges and mango. The effects have been known to come on in minutes and stick around for a couple hours.",,,"[""Henny 'N Cola"", 'Bear Claw 14G', 'Banana Cream  3.5G', 'Blueberry Muffin', 'Sweet Dreams 7G', 'Sour Guava 3.5G', 'Triangle Mintz 1G', 'WONDERBRETT | Orange Banana - Smalls']",[],,2022.10.21,Uplyft - Riverside
2,https://www.leafly.com/dispensary-info/uplyft-riverside/p/620744414/henny-n-cola?variant=1396558262,Henny 'N Cola,Flower,Flower,Big Tree Industries,"https://leafly-public.imgix.net/menu/GQ5ShPfSsyL6rFBebg0Q_BIG%20TREE.jpg?auto=compress,format&w=450&dpr=2",⅛ ounce,$30.00,reg $35.00,$5 off,[],THC 34.1%,CBD —,,"Hennessy OG x Cherry Cola x Peanut Butter Breath

​

Hennessy 'N Cola is a potent hybrid marijuana strain. Thsi strain features three dominant terpenes: Pinene, Limonene, and Caryophyllene. This strain will make you feel uplifted and relaxed, eventually giving way to intense hunger. Henny N Cola tastes wonderfully fruity, with a citrus berry flavor that features notes of grape on the exhale. With a high THC content, medical marijuana patients choose this strain to relieve symptoms associated with depression, stress, inflammation, and pain.",,,"['Cosmopolitan', 'Bear Claw 14G', 'Banana Cream  3.5G', 'Blueberry Muffin', 'Sweet Dreams 7G', 'Sour Guava 3.5G', 'Triangle Mintz 1G', 'Banana Cream Cake 7G']",[],,2022.10.21,Uplyft - Riverside
3,https://www.leafly.com/dispensary-info/uplyft-riverside/p/620743546/oreoz?variant=1396522386,Oreoz,Hybrid flower,Flower,CannaTrust SAOIRSE,"https://leafly-public.imgix.net/menu/yYpdP0vrQoWj9gck7AbA_SAOIRSE%203.5G.jpg?auto=compress,format&w=450&dpr=2",⅛ ounce,$25.00,reg $30.00,$5 off,[],THC 25.0%,CBD —,Hybrid,"This strain produces a long-lasting and relaxing high. Consumers should take caution as the high potency of Oreoz may be overwhelming to those new to cannabis. This strain has an aroma reminiscent of campfire s'mores, with extra delicious hints of chocolate and diesel.",4.6,135,"['Gush Mints', 'Blueberry Muffin', 'Cosmopolitan', 'Sweet Dreams 7G', ""Henny 'N Cola"", 'Sour Guava 3.5G', 'Triangle Mintz 1G', 'WONDERBRETT | Orange Banana - Smalls']",[],,2022.10.21,Uplyft - Riverside
4,https://www.leafly.com/dispensary-info/uplyft-riverside/p/621703034/banana-cream--35g?variant=1479904073,Banana Cream  3.5G,Flower,Flower,Big Tree Industries,"https://leafly-public.imgix.net/menu/YMwlJjJGRuWSHkR1VYDv_BIG%20TREE.jpg?auto=compress,format&w=450&dpr=2",⅛ ounce,$30.00,reg $35.00,$5 off,[],THC 35.0%,CBD —,,"Banana Cream is an Indica dominant hybrid strain created through crossing the insanely delicious Banana OG X Cookies and Cream strains. This bud is infamous among users for its insanely delicious flavor – it actually tastes like a banana cream pie!

The aroma is just as intoxicating, with hints of sweet earth accented by fresh bananas and cream. The high comes on with a creeping effect a few minutes after you toke, filling you with a lifted sense of euphoria that leaves you tingly and giggly.",,,"['Cosmopolitan', ""Henny 'N Cola"", 'Bear Claw 14G', 'Blueberry Muffin', 'Sweet Dreams 7G', 'Sour Guava 3.5G', 'Triangle Mintz 1G', 'WONDERBRETT | Orange Banana - Smalls']",[],,2022.10.21,Uplyft - Riverside
5,https://www.leafly.com/dispensary-info/uplyft-riverside/p/620744589/gush-mints?variant=1396570448,Gush Mints,Hybrid flower,Flower,CannaTrust SAOIRSE,"https://leafly-public.imgix.net/menu/SRlPejeZRbWClc7INsX6_SAOIRSE%203.5G.jpg?auto=compress,format&w=450&dpr=2",⅛ ounce,$30.00,reg $35.00,$5 off,[],THC 30.0%,CBD —,Hybrid,"Considering its deep purple color, gassy nose, and big yield potential, the Gush Mints strain seems to have it all! The buds are chunky and dense, and they nug up in the understory as well. Also, this strain has the fastest veg cycle that we are running right now. The tops grow like spears so training/trellising is recommended for abundant tops and stretch-regulation. It also does well in cooler weather.",4.6,28,"['Oreoz', 'Gush Mints 14G', 'Blueberry Muffin', 'Cosmopolitan', 'Sweet Dreams 7G', ""Henny 'N Cola"", 'Sour Guava 3.5G', 'Triangle Mintz 1G']",[],,2022.10.21,Uplyft - Riverside
6,https://www.leafly.com/dispensary-info/uplyft-riverside/p/621703037/bear-claw-14g?variant=1479905145,Bear Claw 14G,Flower,Flower,Big Tree Industries,"https://leafly-public.imgix.net/menu/a1zB3ogQOhlM1f0Y7wMh_BIG%20TREE.jpg?auto=compress,format&w=450&dpr=2",½ ounce,$70.00,reg $75.00,$5 off,[],THC 34.9%,CBD —,,"Bearclaw is a strain that came from the genetic lineage of an award-winning and renowned strain, the Ghost OG and the potent Sour Apple IBL strain.

This strainoffers a unique aroma and taste, addictive to most cannabis users. The lemony, piney, earthy, and peppery flavors of the strain give ultimate stimulation and sedation of the mind and body. 

A person may feel happy, uplifted and in a state of blissful euphoria. These are mixed with satisfying relaxation of the body and may promote sleepiness.",,,"['Cosmopolitan', ""Henny 'N Cola"", 'Banana Cream  3.5G', 'Blueberry Muffin', 'Sweet Dreams 7G', 'Sour Guava 3.5G', 'Triangle Mintz 1G', 'Banana Cream Cake 7G']",[],,2022.10.21,Uplyft - Riverside
7,https://www.leafly.com/dispensary-info/uplyft-riverside/p/621703044/triangle-mintz-1g?variant=1479907872,Triangle Mintz 1G,Flower,Flower,CannaTrust,"https://leafly-public.imgix.net/menu/eiS9tgmcTAOHIvJ3D9Ha_CANNATRUST%201G.jpg?auto=compress,format&w=450&dpr=2",1 gram,$15.00,,,[],THC 30.8%,CBD —,,"Triangle Mints was created when Seed Junky Genetics crossed Triangle Kush with Animal Mints. GSC genetics give this strain dense buds and a complex aroma that includes herbal, spice, and earthy flavors with diesel undertones, and the GSC and OG Kush influences are evident in this strain. The high packs a potent punch that may leave you slumped on the couch if you consume too much",,,"['Mochi 28G', 'Gelonade 3.5G', 'Gush Mints 14G', 'Blueberry Muffin', 'Cosmopolitan', 'Sweet Dreams 7G', ""Henny 'N Cola"", 'Sour Guava 3.5G']",[],,2022.10.21,Uplyft - Riverside
8,https://www.leafly.com/dispensary-info/uplyft-riverside/p/621703123/sour-guava-35g?variant=1479925256,Sour Guava 3.5G,Flower,Flower,Stone Road,"https://leafly-public.imgix.net/menu/nCyB7H8jQ6ymLPkbm98E_STONE%20ROAD%203.5G.png?auto=compress,format&w=450&dpr=2",⅛ ounce,$35.00,,,[],THC 34.2%,CBD —,,"Sour Guava, is an exclusive Phenotype of Sour Diesel X Guava Kush Cross. A Sativa Leaning hybrid giving you that uplifting sativa experience balanced with a smooth body high. A complex terpene profile gives off tropical fruity notes of tangy guava backed with a noticeable hint of Sour diesel Gas in the back.",,,"['Blueberry Muffin', 'Sweet Dreams 7G', 'Strawberry Cough 7G', 'Cherry Punch', 'Cosmopolitan', ""Henny 'N Cola"", 'Super Silver Haze Hash', 'Triangle Mintz 1G']",[],,2022.10.21,Uplyft - Riverside
9,https://www.leafly.com/dispensary-info/uplyft-riverside/p/621703075/sweet-dreams-7g?variant=1479920921,Sweet Dreams 7G,Hybrid flower,Flower,Stone Road,"https://leafly-public.imgix.net/menu/7bX36qdsRhKg3rOiXH9M_STONE%20ROAD%207G%202.png?auto=compress,format&w=450&dpr=2",¼ ounce,$50.00,,,[],THC 35.5%,CBD —,Hybrid,"Sweet Dreams is an aptly named  Indica strainthat is known for its tendency to creep up on consumers, leaving them deeply relaxed to the point of sleepiness. Though it has very strong aromas of skunk, berry, Kush, and ammonia, the smoke is quite smooth, with a unique musty-earth flavor. This strain can be very effective for treating muscle spasms, tremors, and neuropathic pain.",4.3,52,"['Blueberry Muffin', 'Sour Guava 3.5G', 'Strawberry Cough 7G', 'Cherry Punch', 'Cosmopolitan', 'Super Silver Haze Hash', ""Henny 'N Cola"", 'Triangle Mintz 1G']",[],,2022.10.21,Uplyft - Riverside
10,https://www.leafly.com/dispensary-info/uplyft-riverside/p/620551490/hammer?variant=1379911392,Hammer,Flower,Flower,,"https://leafly-public.imgix.net/menu/tyHp6PWQS8mlekcj9lai_hammer.jpg?auto=compress,format&w=450&dpr=2",⅛ ounce,$25.00,,,[],THC 23.4%,CBD —,,"Hammer, Flower - THC 23.4%",,,"['Girl Scout Cookies', 'Sunset Gelato', 'Shake/Trim', 'Blueberry Muffin', 'Cosmopolitan', ""Henny 'N Cola"", 'Sweet Dreams 7G', 'Sour Guava 3.5G']",[],,2022.10.21,Uplyft - Riverside
11,https://www.leafly.com/dispensary-info/uplyft-riverside/p/620551371/flight-91?variant=1379903438,Flight 91,Flower,Flower,,"https://leafly-public.imgix.net/menu/iDSJaBnjQVOpJEUAInnr_flight91.jpg?auto=compress,format&w=450&dpr=2",⅛ ounce,$25.00,,,[],THC 21.0%,CBD —,,"Flight 91, Flower - THC 21%",,,"['Mimosa', 'Blueberry Muffin', 'Cosmopolitan', ""Henny 'N Cola"", 'Sweet Dreams 7G', 'Sour Guava 3.5G', 'Triangle Mintz 1G', 'Bear Claw 14G']",[],,2022.10.21,Uplyft - Riverside
12,https://www.leafly.com/dispensary-info/uplyft-riverside/p/621703047/gelonade-35g?variant=1479909567,Gelonade 3.5G,Hybrid flower,Flower,CannaTrust,"https://leafly-public.imgix.net/menu/8GHBORGxSkuCVjlYkz4r_BOB%20STASH%20GELONADE.jpg?auto=compress,format&w=450&dpr=2",⅛ ounce,$30.00,,,[],THC 27.1%,CBD —,Hybrid,Gelonade is a hybrid marijuana strain made by crossing Lemon Tree with Gelato #41. Gelonade produces tingly and uplifting effects that will make you feel like a social butterfly. This strain features mostly sweet flavors like fruity citrus and vanilla. Gelonade is a popular strain in California. Medical marijuana patients this strain to help relieve symptoms associated with pain and anxiety.,4.5,54,"['Triangle Mintz 1G', 'Mochi 28G', 'Gush Mints 14G', 'Blueberry Muffin', 'Cosmopolitan', ""Henny 'N Cola"", 'Sweet Dreams 7G', 'Sour Guava 3.5G']",[],,2022.10.21,Uplyft - Riverside
13,https://www.leafly.com/dispensary-info/uplyft-riverside/p/621703183/gummy-buns-35g?variant=1479942424,Gummy Buns 3.5G,Hybrid flower,Flower,West Coast Cure,"https://leafly-public.imgix.net/products/photos/BRkdshDdTi2I30vx8HoT_CUREflower_Black-Label_3.5g_Gummy_Buns.jpg?auto=compress,format&w=450&dpr=2",⅛ ounce,$35.00,,,[],THC 30.1%,CBD —,Hybrid,"Gummy Buns Premium Flower is a trichome-loaded cross of Biscotti x Grease Monkey. Bred by Exotic Genetix, this Indica-leaning craft cannabis expresses a dense flower structure, fragrant nose, and smacks of berries and diesel. Tight, colorful, and super aromatic, these emit a heady, in-your-face aroma of ripe berries and high-octane gas. Potent but not overpowering, the effect of this boutique cultivar provides an effective conduit for everyone to reach their ‘Happy Place’ ... centered on mental and physical relaxation. ",4.6,375,"['Banana Cream Cake 7G', 'Grapefruit 3.5G', 'Blueberry Muffin', 'Pink Acai 3.5G', 'Cosmopolitan', ""Henny 'N Cola"", 'Sweet Dreams 7G', 'Sour Guava 3.5G']",[],,2022.10.21,Uplyft - Riverside
14,https://www.leafly.com/dispensary-info/uplyft-riverside/p/620743158/cherry-punch?variant=1396498206,Cherry Punch,Hybrid flower,Flower,Stone Road,"https://leafly-public.imgix.net/menu/tqVteKypT3a185i09jKu_STONE%20ROAD%203.5G.png?auto=compress,format&w=450&dpr=2",⅛ ounce,$35.00,,,[],THC 29.8%,CBD —,Hybrid,"Cherry Punch is a potent sativa marijuana strain.  Bred by Symbiotic Genetics, Cherry Punch (also known as Black Cherry Punch) is widely celebrated for its bold cherry flavor profile that comes from dense, citrus terpenes. Consumers who smoke this strain say it smells fruity and rich and a little skunk-like. The high you get from smoking Cherry Punch is uplifting and relaxing - perfect for jamming out to a new album or even taking care of a few errands. This strain is ideal for those seeking relief from anxiety and stress. Cherry Punch buds come in a dark green color with purple specks and striking orange hairs.",4.5,83,"['Blueberry Muffin', 'Sweet Dreams 7G', 'Sour Guava 3.5G', 'Strawberry Cough 7G', 'Cosmopolitan', 'Super Silver Haze Hash', ""Henny 'N Cola"", 'Triangle Mintz 1G']",[],,2022.10.21,Uplyft - Riverside
15,https://www.leafly.com/dispensary-info/uplyft-riverside/p/620551540/sunset-gelato?variant=1379914215,Sunset Gelato,Flower,Flower,,"https://leafly-public.imgix.net/menu/Gxbwca1pScmVGcO9NLNQ_sunset%20gelato.jpg?auto=compress,format&w=450&dpr=2",⅛ ounce,$35.00,,,[],THC 27.3%,CBD —,,"Sunset Gelato, Flower - THC 27.3%",,,"['Girl Scout Cookies', 'Hammer', 'Shake/Trim', 'Blueberry Muffin', 'Cosmopolitan', 'Sweet Dreams 7G', ""Henny 'N Cola"", 'Sour Guava 3.5G']",[],,2022.10.21,Uplyft - Riverside
16,https://www.leafly.com/dispensary-info/uplyft-riverside/p/621703180/grapefruit-35g?variant=1479940415,Grapefruit 3.5G,Indica flower,Flower,West Coast Cure,"https://leafly-public.imgix.net/products/photos/97q9yxDQTUS7awoEZT3H_CUREflower_Black-Label_3.5g_Grapefruit.jpg?auto=compress,format&w=450&dpr=2",⅛ ounce,$35.00,,,[],THC 31.1%,CBD —,Indica," Grapefruit from West Coast Cure is a Sativa-leaning cultivar bred by Nectar Seeds. Packed with a strong citrus and grapefruit aroma and delivering a hit of sour citrus and earth, the buds are light green and gold with peach colored pistils. Dusted by nature’s trichomes, the flower’s effect is uplifting and inspires the creatively inclined. Smoke. Think. Create. This is a great daytime smoke for folks with things to do! ",3.6,14,"['Gummy Buns 3.5G', 'Banana Cream Cake 7G', 'Blueberry Muffin', 'Pink Acai 3.5G', 'Cosmopolitan', 'Sweet Dreams 7G', ""Henny 'N Cola"", 'Sour Guava 3.5G']",[],,2022.10.21,Uplyft - Riverside
17,https://www.leafly.com/dispensary-info/uplyft-riverside/p/620551527/girl-scout-cookies?variant=1379912302,Girl Scout Cookies,Flower,Flower,,"https://leafly-public.imgix.net/menu/yVS2vJ28RD2gniOmqM6Z_girl%20scout%20cookie.jpg?auto=compress,format&w=450&dpr=2",⅛ ounce,$40.00,,,[],THC 33.1%,CBD —,,"Girl Scout Cookies, Flower - THC 33.13%",,,"['Hammer', 'Shake/Trim', 'Sunset Gelato', 'Blueberry Muffin', 'Cosmopolitan', 'Sweet Dreams 7G', ""Henny 'N Cola"", 'Sour Guava 3.5G']",[],,2022.10.21,Uplyft - Riverside
18,https://www.leafly.com/dispensary-info/uplyft-riverside/p/621703187/banana-cream-cake-7g?variant=1479945972,Banana Cream Cake 7G,Hybrid flower,Flower,West Coast Cure,"https://leafly-public.imgix.net/products/photos/cqeDYLRSG6HPgdE5qytQ_01_WCC_Flower_Mylar3.5gm_BananaDream.jpg?auto=compress,format&w=450&dpr=2",¼ ounce,$45.00,,,[],THC 32.2%,CBD —,Hybrid,"Banana Dream sativa dominant hybrid cross of the legendary Blue Dream and Banana OG strains. It features a hazey nose with undertones of sweet berry and light spice. Backed by a pleasant hint of bananas and berries, the flavor is sweet and fruity with a smooth creamy finish. These smaller flowers are light green with a blue-ish sheen, flash bright orange pistils, and come loaded with psychoactive trichomes. A great strain for starting the day, Banana Dream pairs well with that first cup of morning coffee ... or anytime you’re looking for a nice lift!
 ",4.2,12,"['Gummy Buns 3.5G', 'Grapefruit 3.5G', 'Blueberry Muffin', 'Pink Acai 3.5G', 'Cosmopolitan', ""Henny 'N Cola"", 'Sweet Dreams 7G', 'Sour Guava 3.5G']",[],,2022.10.21,Uplyft - Riverside
19,https://www.leafly.com/dispensary-info/uplyft-riverside/p/620729754/mimosa?variant=1394431985,Mimosa,Hybrid flower,Flower,,"https://leafly-public.imgix.net/menu/EqWHObjgSgGE7iANY9MB_mimosa.jpg?auto=compress,format&w=450&dpr=2",⅛ ounce,$45.00,,,[],THC 30.2%,CBD —,Hybrid,"Mimosa, Flower - THC 30.23%",4.5,934,"['Flight 91', 'Blueberry Muffin', 'Cosmopolitan', 'Sweet Dreams 7G', ""Henny 'N Cola"", 'Sour Guava 3.5G', 'Triangle Mintz 1G', 'Gummy Buns 3.5G']",['Strawberry Cough 7G'],,2022.10.21,Uplyft - Riverside
20,https://www.leafly.com/dispensary-info/uplyft-riverside/p/621703056/strawberry-cough-7g?variant=1479915095,Strawberry Cough 7G,Sativa flower,Flower,Stone Road,"https://leafly-public.imgix.net/menu/gCLE4r9MTKebIXnzNQvA_STONE%20ROAD%207G%202.png?auto=compress,format&w=450&dpr=2",¼ ounce,$50.00,,,[],THC 32.2%,CBD —,Sativa,"Known for its sweet smell of fresh strawberries and an expanding sensation that can make even the most seasoned consumer cough, Strawberry Cough is a potent sativa marijuana strain with mysterious genetic origins. However, Strawberry Cough is thought to be a cross of Haze and Strawberry Fields. The skunky, berry flavors will capture your senses while the cerebral, uplifting effects provide an aura of euphoria that is sure to leave a smile on your face. Strawberry Cough is a great solution in times of elevated stress.",4.3,2709,"['Blueberry Muffin', 'Sweet Dreams 7G', 'Sour Guava 3.5G', 'Cherry Punch', 'Cosmopolitan', ""Henny 'N Cola"", 'Super Silver Haze Hash', 'Triangle Mintz 1G']",['Mimosa'],"Known for its sweet smell of fresh strawberries and an expanding sensation that can make even the most seasoned consumer cough, Strawberry Cough is a potent sativa marijuana strain with mysterious genetic origins. However, Strawberry Cough is thought to be a cross of Haze and Strawberry Fields. The skunky, berry flavors will capture your senses while the cerebral, uplifting effects provide an aura of euphoria that is sure to leave a smile on your face. Strawberry Cough is a great solution in times of elevated stress. ",2022.10.21,Uplyft - Riverside
21,https://www.leafly.com/dispensary-info/uplyft-riverside/p/619975174/pineapple-og-smalls?variant=1330549536,Pineapple OG Smalls,Sativa flower,Flower,wonderbr,"https://leafly-public.imgix.net/shared-web-images/product-type-icons/menu_flower_1.png?auto=compress,format&w=450&dpr=2",⅛ ounce,$50.00,,,['price of 90 for 7 g'],THC 27.6mg,CBD —,Sativa,"Pineapple OG Smalls, Flower - THC 27.58mg",4.7,101,"['Blueberry Muffin', 'Cosmopolitan', ""Henny 'N Cola"", 'Sweet Dreams 7G', 'Sour Guava 3.5G', 'Triangle Mintz 1G', 'Bear Claw 14G', 'Banana Cream Cake 7G']",['Mimosa'],,2022.10.21,Uplyft - Riverside
22,https://www.leafly.com/dispensary-info/uplyft-riverside/p/621703199/pink-acai-35g?variant=1479946833,Pink Acai 3.5G,Flower,Flower,STIIIZY,"https://leafly-public.imgix.net/menu/KenMphIrQc2wJotIDIds_STIIIZY%20PINK%20ACAI%203.5G.png?auto=compress,format&w=450&dpr=2",⅛ ounce,$55.00,,,[],THC 31.7%,CBD —,,"Hand selected premium indoor-grown flower that’s bursting with flavor, potency, and purity. We proudly offer a wide variety of strains that consistently deliver a great smoking experience.

PINK ACAI / HYBRID 

Taste: Berry, Earthy, Floral 

Feeling: Relaxed, Euphoric, Happy 

Description: This strong aroma filled strain is a perfect way to end your night.",,,"['Blueberry Muffin', 'Banana Cream Cake 7G', 'Gummy Buns 3.5G', 'Grapefruit 3.5G', 'STIIIZY Premium THC Pod (Blue Dream)', 'STIIIZY Premium THC Pod (OG Kush)', 'Cosmopolitan', ""Henny 'N Cola""]",[],,2022.10.21,Uplyft - Riverside
23,https://www.leafly.com/dispensary-info/uplyft-riverside/p/620346837/wonderbrett--orange-banana---smalls?variant=1364731486,WONDERBRETT | Orange Banana - Smalls,Flower,Flower,Wonderbrett,"https://leafly-public.imgix.net/menu/XKi3nUEBTraCRtlD3Mp5_Orange%20Banana.jpeg?auto=compress,format&w=450&dpr=2",⅛ ounce,$55.00,,,[],THC 34.7%,CBD —,,"WONDERBRETT | Orange Banana - Smalls, Flower - THC 34.66%",,,"['Blueberry Muffin', 'Cosmopolitan', ""Henny 'N Cola"", 'Sweet Dreams 7G', 'Sour Guava 3.5G', 'Triangle Mintz 1G', 'Bear Claw 14G', 'Banana Cream Cake 7G']",[],,2022.10.21,Uplyft - Riverside
24,https://www.leafly.com/dispensary-info/uplyft-riverside/p/621703050/gush-mints-14g?variant=1479912234,Gush Mints 14G,Hybrid flower,Flower,CannaTrust,"https://leafly-public.imgix.net/menu/8QEVmeaTZiUnT3LuKd5I_CANNATRUST%2014G.jpeg?auto=compress,format&w=450&dpr=2",½ ounce,$60.00,,,[],THC 30.4%,CBD —,Hybrid,"Considering its deep purple color, gassy nose, and big yield potential, the Gush Mints strain seems to have it all! The buds are chunky and dense, and they nug up in the understory as well. Also, this strain has the fastest veg cycle that we are running right now. The tops grow like spears so training/trellising is recommended for abundant tops and stretch-regulation. ",4.6,28,"['Triangle Mintz 1G', 'Mochi 28G', 'Gelonade 3.5G', 'Gush Mints', 'Blueberry Muffin', 'Cosmopolitan', 'Sweet Dreams 7G', ""Henny 'N Cola""]",[],"Gush Mints is a heavy, indica-dominant hybrid strain cross of Kush Mints and the combination of F1 Durb and Gushers, bred by Bay Area-based Purple City Genetics. As a culmination of multiple popular Cookies family strains, Gush Mints exhibits many of their beloved attributes: gassy, sweet terps with piney notes; dense, dark green and purple nugs coated in trichomes; and a body-zapping high that puts the mind at ease. You might not get much done, but you’ll feel great doing it.",2022.10.21,Uplyft - Riverside
25,https://www.leafly.com/dispensary-info/uplyft-riverside/p/621703053/mochi-28g?variant=1479913843,Mochi 28G,Hybrid flower,Flower,CannaTrust,"https://leafly-public.imgix.net/menu/YDgCQm3KQ4CzGoLWGLCQ_BOB%20STASH%2028G.jpg?auto=compress,format&w=450&dpr=2",1 ounce,$90.00,,,[],THC 27.6%,CBD —,Hybrid,"Mochi is an evenly balanced hybrid strain (50% indica/50% sativa) created through a delicious cross of the classic Thin Mint Girl Scout Cookies X Sunset Sherbet strains. This bud is absolutely amazing in the flavor department, with tastes that will leave your mouth watering almost immediately. Mochi has a sweet and fruity berry flavor with a rich sour mint exhale. The aroma is of sharp mint and sour fruits with a touch of creamy earth and nuttiness as the nugs are broken apart and burned. 



The Mochi high isn't quite as vibrant as the flavor, with super relaxing effects that will have you kicking it in no time flat. The high starts with a lifted effect that suddenly slams into your mind, filling it with a sense of euphoria and deep felt calm. An influx of creativity comes next, quickly accompanied by a deep sedative effect that washes over your entire body, rendering you totally sleepy and immovable.",4.6,102,"['Triangle Mintz 1G', 'Gelonade 3.5G', 'Gush Mints 14G', 'Blueberry Muffin', 'Cosmopolitan', ""Henny 'N Cola"", 'Sweet Dreams 7G', 'Sour Guava 3.5G']",[],,2022.10.21,Uplyft - Riverside
26,https://www.leafly.com/dispensary-info/uplyft-riverside/p/620216548/sticky-af-budder-grandaddy-purple?variant=1353886911,Sticky AF Budder: Grandaddy Purple,Concentrate,Concentrate,STICKY AF,"https://leafly-public.imgix.net/menu/Pc6Y7PY9RtezcEMIroL6_Screen%20Shot%202022-08-17%20at%209.40.03%20AM.png?auto=compress,format&w=450&dpr=2",1 gram,$25.00,reg $30.00,$5 off,[],THC —,CBD —,Indica,"Sticky AF Budder: Grandaddy Purple, Concentrate ",4.4,5340,"['Super Silver Haze Hash', 'Sticky AF Baller Diamond: Purple Punch', 'Sweet Fire OG Live Resin', 'Blueberry Pancakes Live Resin Sauce', 'Stone Road Kief (Cherry Pie)', 'Cereal Milk Live Resin Diamonds', 'Sour Apple Sauce', 'STIIIZY | White Papaya Live Resin Diamonds']",[],"Granddaddy Purple is an indica marijuana strain that goes by many different names, including ""Grand Daddy Purp,"" ""Granddaddy Purps,"" ""GDP,"" and ""Grandaddy Purple Kush."" Popularized in 2003 by Ken Estes, Granddaddy Purple (or GDP) is a famous indica cross of Mendo Purps, Skunk, and Afghanistan. This California staple inherits a complex grape and berry aroma from its Mendo Purps and Afghanistan parent, while Skunk passes on its oversized, compact bud structure. GDP flowers bloom in shades of deep purple, a contrasting backdrop for its snow-like dusting of white crystal resin. Its potent effects are clearly detectable in both mind and body, delivering a fusion of cerebral euphoria and physical relaxation. While your thoughts may float in a dreamy buzz, your body is more likely to find itself fixed in one spot for the duration of GDP’s effects. Granddaddy Purple is typically pulled off the shelf for consumers looking to combat pain, stress, insomnia, appetite loss, and muscle spasms. GDP blesses growers with massive yields which are ready for harvest following a 60 day flowering time indoors.",2022.10.21,Uplyft - Riverside
27,https://www.leafly.com/dispensary-info/uplyft-riverside/p/618756235/sticky-af-baller-diamond-purple-punch?variant=1237768948,Sticky AF Baller Diamond: Purple Punch,Concentrate,Concentrate,Sticky AF,"https://leafly-public.imgix.net/menu/pcZptRWjSNWAVlL9OOxu_Diamonds.jpeg?auto=compress,format&w=450&dpr=2",1 gram,$25.00,reg $30.00,$5 off,[],THC —,CBD —,Indica,"Sticky AF Baller Diamond: Purple Punch, Concentrate ",4.6,1491,"['STIIIZY Premium THC Pod (Purple Punch)', 'Super Silver Haze Hash', 'Sticky AF Budder: Grandaddy Purple', 'Stone Road Kief (Cherry Pie)', 'Sweet Fire OG Live Resin', 'Blueberry Pancakes Live Resin Sauce', 'Cereal Milk Live Resin Diamonds', 'Sour Apple Sauce']",[],,2022.10.21,Uplyft - Riverside
28,https://www.leafly.com/dispensary-info/uplyft-riverside/p/620153984/stone-road-kief-cherry-pie?variant=1348684167,Stone Road Kief (Cherry Pie),Concentrate,Concentrate,Stone Road,"https://leafly-public.imgix.net/menu/o46DLwQGKi7tYTtAuX4A_Untitled%20design%20(1).png?auto=compress,format&w=450&dpr=2",1 gram,$16.00,reg $21.00,$5 off,[],THC —,CBD —,Hybrid,"Stone Road Kief (Cherry Pie), Concentrate ",4.3,2040,"['Super Silver Haze Hash', 'Sour Apple Sauce', 'Blueberry Muffin', 'Sweet Dreams 7G', 'Sticky AF Budder: Grandaddy Purple', 'Sour Guava 3.5G', 'Sticky AF Baller Diamond: Purple Punch', 'Strawberry Cough 7G']",[],,2022.10.21,Uplyft - Riverside
29,https://www.leafly.com/dispensary-info/uplyft-riverside/p/620346853/dabstract-cherry-punch-gem--juice?variant=1364734760,Dabstract: Cherry Punch Gem & Juice,Concentrate,Concentrate,Dabstract,"https://leafly-public.imgix.net/menu/ZZQij6NmT2KCvM682qw3_Dabstract%20Gem%20and%20Juice.jpeg?auto=compress,format&w=450&dpr=2",1 gram,$30.00,reg $35.00,$5 off,[],THC 86.9%,CBD —,Hybrid,"Dabstract: Cherry Punch Gem & Juice, Concentrate - THC 86.86%",4.5,83,"['Super Silver Haze Hash', 'Sticky AF Budder: Grandaddy Purple', 'Sticky AF Baller Diamond: Purple Punch', 'Sweet Fire OG Live Resin', 'Blueberry Pancakes Live Resin Sauce', 'Stone Road Kief (Cherry Pie)', 'Cherry Punch', 'Cereal Milk Live Resin Diamonds']",[],"Cherry Punch is a potent sativa-hybrid marijuana strain crossed between Cherry AK-47 and Purple Punch F2. Bred by Symbiotic Genetics, Cherry Punch (also known as Black Cherry Punch) is widely celebrated for its bold cherry flavor profile that comes from dense, citrus terpenes. Consumers who smoke this strain say it smells fruity and rich and a little skunk-like. The high you get from smoking Cherry Punch is uplifting and relaxing - perfect for jamming out to a new album or even taking care of a few errands. This strain is ideal for those seeking relief from anxiety and stress. Cherry Punch buds come in a dark green color with purple specks and striking orange hairs. ",2022.10.21,Uplyft - Riverside
30,https://www.leafly.com/dispensary-info/uplyft-riverside/p/620346855/stiiizy--white-papaya-live-resin-diamonds?variant=1364737226,STIIIZY | White Papaya Live Resin Diamonds,Concentrate,Concentrate,STIIIZY,"https://leafly-public.imgix.net/menu/LMpWOZW8RWe1eWwp5dTi_Screen%20Shot%202022-08-22%20at%208.19.45%20PM.png?auto=compress,format&w=450&dpr=2",1 gram,$35.00,reg $40.00,$5 off,[],THC 74.8%,CBD —,Hybrid,"STIIIZY | White Papaya Live Resin Diamonds, Concentrate - THC 74.85%",4.6,11,"['Cereal Milk Live Resin Diamonds', 'Blueberry Pancakes Live Resin Sauce', 'Grape Gelato Live Resin Sauce', 'STIIIZY Premium THC Pod (Blue Dream)', 'STIIIZY Premium THC Pod (OG Kush)', 'Super Silver Haze Hash', 'Sticky AF Budder: Grandaddy Purple', 'STIIIZY Black Starter Kit']",[],,2022.10.21,Uplyft - Riverside
31,https://www.leafly.com/dispensary-info/uplyft-riverside/p/619308523/sweet-fire-og-live-resin?variant=1280186834,Sweet Fire OG Live Resin,Concentrate,Concentrate,Raw Garden,"https://leafly-public.imgix.net/products/photos/nMVDljxUQMyDlMTJrNaX_LIVE-RESIN-W-CAP-GREEN_2.png?auto=compress,format&w=450&dpr=2",1 gram,$40.00,reg $45.00,$5 off,[],THC 81.3%,CBD —,,"Sweet Fire OG Live Resin
Sweet Leeroy x Funk N Fire  (Gas / Earthy / Sugary)
Indica Hybrid

Raw Garden™ aspires to a higher standard. It’s for when you want to experience more. Do more. Celebrate more. Unwind more.

Our products are made from pure Cannabis flowers. They are wonderful to taste and are rigorously tested to the most exacting quality standards, which is why Raw Garden is the most trusted and best-selling brand in Cannabis.

Raw Garden Live Resin is 100% Cannabis – no additives, fillers or artificial flavors. Made from Cannabis flower grown by Raw Garden in Central California using entirely organically-based and Clean Green-certified farming techniques that is Cryogenically Flash-Frozen immediately at harvest. Contains approximately 4-7% terpenes and comes in a drier consistency than Raw Garden Sauce.",,,"['Super Silver Haze Hash', 'Sticky AF Budder: Grandaddy Purple', 'Sticky AF Baller Diamond: Purple Punch', 'Blueberry Pancakes Live Resin Sauce', 'Stone Road Kief (Cherry Pie)', 'Abracadabra Live Resin Cartridge', 'Cereal Milk Live Resin Diamonds', 'Pineapple Dream Live Resin Cartridge']",[],,2022.10.21,Uplyft - Riverside
32,https://www.leafly.com/dispensary-info/uplyft-riverside/p/620748764/super-silver-haze-hash?variant=1396729816,Super Silver Haze Hash,Concentrate,Concentrate,Stone Road,"https://leafly-public.imgix.net/menu/5USSB5r1TjKEPHj7nLIB_FINAL%20HASH.jpg?auto=compress,format&w=450&dpr=2",1 gram,$25.00,,,[],THC 65.3%,CBD —,Sativa,"Hash, or hashish, is a concentrate produced by pressing or rubbing together the resin glands of a cannabis plant to form the brick, slab, or rolled pieces. Hashish can be chocolate brown, greenish khaki, or sandy brown in color.",4.3,2271,"['Sour Apple Sauce', 'Stone Road Kief (Cherry Pie)', 'Blueberry Muffin', 'Sweet Dreams 7G', 'Sour Guava 3.5G', 'Sticky AF Budder: Grandaddy Purple', 'Sticky AF Baller Diamond: Purple Punch', 'Strawberry Cough 7G']",[],"Super Silver Haze is a sativa marijuana strain bred by Green House Seeds. It was the first prize winner at the High Times Cannabis Cup in 1997, 1998, and 1999. Super Silver Haze is made by crossing Skunk, Northern Lights, and Haze creates a beautiful, sticky strain that boasts an energetic, long-lasting body high. The uplifting effects are a great for high stress levels or when suffering from a lack of appetite or nausea.",2022.10.21,Uplyft - Riverside
33,https://www.leafly.com/dispensary-info/uplyft-riverside/p/621503766/sour-apple-sauce?variant=1462543177,Sour Apple Sauce,Concentrate,Concentrate,Stone Road,"https://leafly-public.imgix.net/menu/zEx8ISpSwG54brzOeSSf_Sour%20Apple%20Stone%20Road.png?auto=compress,format&w=450&dpr=2",1 gram,$25.00,,,[],THC 86.5%,CBD —,Hybrid,"Sour Apple Sauce, Concentrate - THC 86.52%",4.3,260,"['Super Silver Haze Hash', 'Stone Road Kief (Cherry Pie)', 'Blueberry Muffin', 'Sweet Dreams 7G', 'Sticky AF Budder: Grandaddy Purple', 'Sour Guava 3.5G', 'Sticky AF Baller Diamond: Purple Punch', 'Strawberry Cough 7G']",[],,2022.10.21,Uplyft - Riverside
34,https://www.leafly.com/dispensary-info/uplyft-riverside/p/621703218/cereal-milk-live-resin-diamonds?variant=1479958651,Cereal Milk Live Resin Diamonds,Concentrate,Concentrate,STIIIZY,"https://leafly-public.imgix.net/menu/4XBljyZOSgW2sMwBMkY4_STZ%20CEREAL%20MILK%20LRD.png?auto=compress,format&w=450&dpr=2",1 gram,$35.00,,,[],THC 83.7%,CBD —,Hybrid,"CEREAL MILK / HYBRID 

Taste: Mint, Sweet, Earth 

Feeling: Happy, Relaxed, Creative 

Description: Just a spoonful of Cereal Milk will do the trick, as this potent hybrid will hit you with a hefty wave of minty sweetness and uplifted creativity.",4.6,296,"['Blueberry Pancakes Live Resin Sauce', 'Grape Gelato Live Resin Sauce', 'STIIIZY | White Papaya Live Resin Diamonds', 'STIIIZY Premium THC Pod (Blue Dream)', 'STIIIZY Premium THC Pod (OG Kush)', 'Super Silver Haze Hash', 'STIIIZY Premium THC Pod (Blue Dream)', 'STIIIZY Premium THC Pod (Purple Punch)']",[],,2022.10.21,Uplyft - Riverside
35,https://www.leafly.com/dispensary-info/uplyft-riverside/p/620749173/blueberry-pancakes-live-resin-sauce?variant=1396754373,Blueberry Pancakes Live Resin Sauce,Concentrate,Concentrate,STIIIZY,"https://leafly-public.imgix.net/menu/Z3X1RMdCTzFYvXlynUu9_BLUEBERRY%20PANCAKES%20LIVE%20RESIN.png?auto=compress,format&w=450&dpr=2",1 gram,$35.00,,,[],THC 85.5%,CBD —,Hybrid,"BLUEBERRY PANCAKES / HYBRID 

Taste: Pine, Earthy, Citrus 

Feeling: Uplifting, Euphoric, Relaxed

Description: Blueberry Pancakes is perfect for when you simply wanna slow things down, this laidback hybrid is the perfect strain for winding down and checking out.",4.6,59,"['Cereal Milk Live Resin Diamonds', 'STIIIZY | White Papaya Live Resin Diamonds', 'Grape Gelato Live Resin Sauce', 'STIIIZY Premium THC Pod (Blue Dream)', 'STIIIZY Premium THC Pod (OG Kush)', 'STIIIZY Premium THC Pod (Blue Dream)', 'STIIIZY Premium THC Pod (Purple Punch)', 'Super Silver Haze Hash']",[],,2022.10.21,Uplyft - Riverside
36,https://www.leafly.com/dispensary-info/uplyft-riverside/p/620749510/grape-gelato-live-resin-sauce?variant=1396776741,Grape Gelato Live Resin Sauce,Concentrate,Concentrate,STIIIZY,"https://leafly-public.imgix.net/menu/hrbLve33QVaWJDXhLlhq_GRAPE%20GELATO%20LIVE%20RESIN.png?auto=compress,format&w=450&dpr=2",1 gram,$35.00,,,[],THC 79.3%,CBD —,,"Taste: Sweet, Grape, Musky 

Feeling: Giggly, Peaceful, Relaxed

Description: Terpy and full of flavor, Grape Gelato is a giggly indica made for night sessions with good friends.",,,"['Cereal Milk Live Resin Diamonds', 'Blueberry Pancakes Live Resin Sauce', 'STIIIZY | White Papaya Live Resin Diamonds', 'STIIIZY Premium THC Pod (Blue Dream)', 'STIIIZY Premium THC Pod (OG Kush)', 'Super Silver Haze Hash', 'Sticky AF Budder: Grandaddy Purple', 'STIIIZY Black Starter Kit']",[],,2022.10.21,Uplyft - Riverside
37,https://www.leafly.com/dispensary-info/uplyft-riverside/p/620346862/hot-sugar-drops-blue-raspberry?variant=1364741881,Hot Sugar Drops: Blue Raspberry,Edible,Edible,Hot Sugar! Grow Op Farms,"https://leafly-public.imgix.net/products/photos/iK5mHSc1SQCQ5Vl6rXHc_drops-blue-rasp.jpg?auto=compress,format&w=450&dpr=2",each,$20.00,,,[],THC 100.0%,CBD —,Hybrid,"Want to get that Phat Panda feeling without smoking? With 10mg of THC per candy, these yummy gummies pack a punch! ",4.7,47,"['Hot Sugar Drops: Peach Mango ', 'Strawberry Lemonade Sour Belts', 'Strawberry Indica Gummies', 'Elderberry 2:1 THC:CBN Sleep Gummies', 'Chocolate Bites: Cookies and Cream 100mg', 'Blueberry Muffin', 'STIIIZY Premium THC Pod (Blue Dream)', 'STIIIZY Premium THC Pod (OG Kush)']",[],,2022.10.21,Uplyft - Riverside
38,https://www.leafly.com/dispensary-info/uplyft-riverside/p/620346860/hot-sugar-drops-peach-mango?variant=1364741817,Hot Sugar Drops: Peach Mango ,Edible,Edible,Hot Sugar! Grow Op Farms,"https://leafly-public.imgix.net/products/photos/00aaWUbDRVSEeCwo180h_drops-peach-mango.jpg?auto=compress,format&w=450&dpr=2",each,$20.00,,,[],THC 100.0%,CBD —,,"Want to get that Phat Panda feeling without smoking? With 10mg of THC per candy, these yummy gummies pack a punch! ",4.5,2,"['Hot Sugar Drops: Blue Raspberry', 'Strawberry Lemonade Sour Belts', 'Strawberry Indica Gummies', 'Elderberry 2:1 THC:CBN Sleep Gummies', 'Chocolate Bites: Cookies and Cream 100mg', 'Blueberry Muffin', 'STIIIZY Premium THC Pod (Blue Dream)', 'STIIIZY Premium THC Pod (OG Kush)']",[],,2022.10.21,Uplyft - Riverside
39,https://www.leafly.com/dispensary-info/uplyft-riverside/p/620748191/strawberry-indica-gummies?variant=1396704072,Strawberry Indica Gummies,Edible,Edible,KANHA,"https://leafly-public.imgix.net/menu/uARMLD6MSMe5xtyyct32_KANHA%20STRAWBERRY.jpg?auto=compress,format&w=450&dpr=2",each,$20.00,reg $23.00,$3 off,[],THC 100.0mg,CBD —,,"Kanha gummies are made with all-natural ingredients, coloring, and flavoring. Each gummy is infused with the highest quality cannabis oils to provide the most consistent, safe experience on the market. Our Strawberry gummies are satisfyingly sweet and made with indica terpenes, which induce a calm and relaxed state of mind.",,,"['Hot Sugar Drops: Blue Raspberry', 'Hot Sugar Drops: Peach Mango ', 'Strawberry Lemonade Sour Belts', 'Elderberry 2:1 THC:CBN Sleep Gummies', 'Chocolate Bites: Cookies and Cream 100mg', 'Blueberry Muffin', 'STIIIZY Premium THC Pod (Blue Dream)', 'STIIIZY Premium THC Pod (OG Kush)']",[],,2022.10.21,Uplyft - Riverside
40,https://www.leafly.com/dispensary-info/uplyft-riverside/p/613653137/chocolate-bites-cookies-and-cream-100mg?variant=892660343,Chocolate Bites: Cookies and Cream 100mg,Edible,Edible,,"https://leafly-public.imgix.net/menu/X788PmjRRZOqu6PCGN4c_9DEB0A18-8F2A-4A0C-B5E3-5A96E035CDB0.jpg?auto=compress,format&w=450&dpr=2",each,$17.00,reg $20.00,$3 off,[],THC 100.0mg,CBD —,,"Chocolate Bites: Cookies and Cream 100mg, Edible - THC 100mg",,,"['Strawberry Indica Gummies', 'Strawberry Lemonade Sour Belts', 'Cannabis Mystery Box', 'Crazy Mind Infused Premium Pre-Roll: Girl Scout Cookie', 'Elderberry 2:1 THC:CBN Sleep Gummies', 'Girl Scout Cookies', 'Hammer', 'Hot Sugar Drops: Blue Raspberry']",[],,2022.10.21,Uplyft - Riverside
41,https://www.leafly.com/dispensary-info/uplyft-riverside/p/621703314/strawberry-lemonade-sour-belts?variant=1479975289,Strawberry Lemonade Sour Belts,Edible,Edible,KANHA ,"https://leafly-public.imgix.net/products/photos/asNohPivRdu49cXGnOYI_CA_Kanha-Belts-Indica-Sour-Strawberry_gummies.png?auto=compress,format&w=450&dpr=2",each,$25.00,,,[],THC 100.0mg,CBD —,Sativa,"New KANHA Belts! Buckle Up with our New Sour Flavors! 

2 Belts x 50mg THC = 100mg THC per bag | Microdosable 5 segments per belt x 10 mg THC per segment (CA/NV) or 10 segments per belt x 5mg THC per segment (MA)

Kanha Sour Strawberry Lemonade Belts pack an indica punch in a great sour flavor! This gummy has a sweet yet tart taste, and the indica terpenes induce a calm body and relaxed state of mind.

KANHA Belts are for high-dose consumers, but are microdosable as well! At a stunning 50mg per piece, and with less sugar in every bite than our classic gummies, these belts are guaranteed to be one wild, and sour, ride!

KANHA gummies are made with all-natural ingredients, coloring, and flavoring.  Each gummy is infused with the highest quality cannabis oils to provide the most consistent, safe experience on the market.

TASTE THE BLISS!",4.3,253,"['Hot Sugar Drops: Blue Raspberry', 'Hot Sugar Drops: Peach Mango ', 'Strawberry Indica Gummies', 'Chocolate Bites: Cookies and Cream 100mg', 'Elderberry 2:1 THC:CBN Sleep Gummies', 'Blueberry Muffin', 'STIIIZY Premium THC Pod (Blue Dream)', 'STIIIZY Premium THC Pod (OG Kush)']",[],,2022.10.21,Uplyft - Riverside
42,https://www.leafly.com/dispensary-info/uplyft-riverside/p/620747645/elderberry-21-thccbn-sleep-gummies?variant=1396686876,Elderberry 2:1 THC:CBN Sleep Gummies,Edible,Edible,Wyld,"https://leafly-public.imgix.net/products/photos/iQEs9ShGR2uqLeKbEUkh_Wyld_Elderberry_Gummies_AZ-reflct.png?auto=compress,format&w=450&dpr=2",each,$30.00,,,[],THC 50.0mg,CBD —,Hybrid,"The sedating effects of CBN in combination with THC alongside terpenes found in Indica strains may provide greater sedation than THC alone. This combination may be particularly useful when preparing for sleep.

It’s a little like watching sheep count you. Enjoy!


100mg THC:50mg CBN per container, 10mg THC:5mg CBN per gummy.*
*Serving size varies by location. 


Contains: Coconut",3.9,28,"['Strawberry Indica Gummies', 'Strawberry Lemonade Sour Belts', 'Chocolate Bites: Cookies and Cream 100mg', 'Hot Sugar Drops: Blue Raspberry', 'Hot Sugar Drops: Peach Mango ', 'Blueberry Muffin', 'STIIIZY Premium THC Pod (Blue Dream)', 'STIIIZY Premium THC Pod (OG Kush)']",[],,2022.10.21,Uplyft - Riverside
43,https://www.leafly.com/dispensary-info/uplyft-riverside/p/612421966/stiiizy-premium-thc-pod-blue-dream?variant=822979670,STIIIZY Premium THC Pod (Blue Dream),Cartridge,Cartridge,STIIIZY,"https://leafly-public.imgix.net/menu/4O5oPMURAWHeKrcP5S9A_Blue%20Dream.png?auto=compress,format&w=450&dpr=2",½ gram,$35.00,reg $40.00,$5 off,[],THC 85.1%,CBD —,Hybrid,"STIIIZY Premium THC Pod (Blue Dream), Cartridge - THC 85.14%",4.3,14.2k,"['STIIIZY Premium THC Pod (Blue Dream)', 'STIIIZY Premium THC Pod (OG Kush)', 'STIIIZY Premium THC Pod (Purple Punch)', 'Stiiizy Disposable: Sour Diesel', 'STIIIZY Live Resin Pod (Purple Animal Cookies)', 'STIIIZY Premium THC Pod (OG Kush)', 'STIIIZY Stiiizy: Mango 1:1 CBD  Pod', 'STIIIZY Premium THC Pod (Strawnana)']",[],"Updated February 2022  Blue Dream is a sativa-dominant hybrid marijuana strain made by crossing Blueberry with Haze. This strain produces a balanced high, along with effects such as cerebral stimulation and full-body relaxation. Blue dream is 18% THC but has a low CBD percentage, making this potent strain a fan favorite of both novice and veteran cannabis consumers. In terms of flavor, Blue Dream is reported to smell and taste like sweet berries. Medical marijuana patients often use Blue Dream to treat symptoms of depression, chronic pain, and nausea. According to home grow enthusiasts, this strain has an average flowering time of 67 days and is best suited to grow using the Sea of Green method. Blue Dream originated in California and has since achieved legendary status among West Coast strains and has quickly become one of the most-searched-for strains in the Leafly database. The average price per gram of Blue Dream is $20. Strains similar to Blue Dream include Blue Dream CBD, Double Dream, and Blue Magoo.",2022.10.21,Uplyft - Riverside
44,https://www.leafly.com/dispensary-info/uplyft-riverside/p/618619983/plugplay-exotics-berry-gang?variant=1226121034,PLUGplay Exotics (Berry Gang),Cartridge,Cartridge,PLUGplay,"https://leafly-public.imgix.net/menu/YwshY2ITsGm4khUJHMbA_Berry%20Gang.png?auto=compress,format&w=450&dpr=2",1 gram,$65.00,reg $70.00,$5 off,[],THC 84.9%,CBD —,,"PLUGplay Exotics (Berry Gang), Cartridge - THC 84.91%",,,"['PLUGplay Exotics (Apple Slushie)', 'STIIIZY Premium THC Pod (Blue Dream)', 'STIIIZY Premium THC Pod (OG Kush)', 'Big Chief THC Cartridge 1G - Wedding Cake', 'Big Chief THC Cartridge 1G - Apple Jack', 'STIIIZY Premium THC Pod (Blue Dream)', 'STIIIZY Premium THC Pod (Purple Punch)', 'Stiiizy Disposable: Sour Diesel']",[],,2022.10.21,Uplyft - Riverside
45,https://www.leafly.com/dispensary-info/uplyft-riverside/p/618773226/plugplay-exotics-apple-slushie?variant=1239495785,PLUGplay Exotics (Apple Slushie),Cartridge,Cartridge,PLUGplay,"https://leafly-public.imgix.net/products/photos/dMetzWSWqbBUrwsAC0YA_Apple-Slushie-2.1.jpg?auto=compress,format&w=450&dpr=2",1 gram,$65.00,reg $70.00,$5 off,[],THC —,CBD —,,How ya like them apples...slushie!! PLUGplay introduces their newest addition to the PLUG EXOTICS family: Apple Slushie. Its crisp and refreshing taste is the perfect pick-me-up no matter what time of the day.,,,"['Dime Disposable: Peach Kush (600mg)', 'Jeeter Juice Liquid Diamonds - Strawberry Shortcake', 'PLUGplay Exotics (Berry Gang)', 'PLUGplay Battery', 'Dime Disposable: Blueberry Lemon Haze (600mg)', 'STIIIZY Premium THC Pod (Blue Dream)', 'STIIIZY Premium THC Pod (OG Kush)', 'Big Chief THC Cartridge 1G - Wedding Cake']",[],,2022.10.21,Uplyft - Riverside
46,https://www.leafly.com/dispensary-info/uplyft-riverside/p/614321551/big-chief-thc-cartridge-1g---apple-jack?variant=923968392,Big Chief THC Cartridge 1G - Apple Jack,Cartridge,Cartridge,Big chief,"https://leafly-public.imgix.net/menu/kno5vK53RoqBAsrlYkKm_262261_AppleJack_WM_CART.jpg?auto=compress,format&w=450&dpr=2",1 gram,$40.00,reg $45.00,$5 off,[],THC —,CBD —,Hybrid,"Big Chief THC Cartridge 1G - Apple Jack, Cartridge ",4.2,126,"['STIIIZY Premium THC Pod (Blue Dream)', 'STIIIZY Premium THC Pod (OG Kush)', 'STIIIZY Premium THC Pod (Blue Dream)', 'STIIIZY Premium THC Pod (Purple Punch)', 'Big Chief THC Cartridge 1G - Wedding Cake', 'Lemonade Moonrock Cart', 'Stiiizy Disposable: Sour Diesel', 'STIIIZY Live Resin Pod (Purple Animal Cookies)']",[],,2022.10.21,Uplyft - Riverside
47,https://www.leafly.com/dispensary-info/uplyft-riverside/p/615628357/big-chief-thc-cartridge-1g---wedding-cake?variant=1011181678,Big Chief THC Cartridge 1G - Wedding Cake,Cartridge,Cartridge,Big Chief,"https://leafly-public.imgix.net/menu/KMaKV3SQ3qr8FH2ZVO1w_262266_GrandDaddyPurple_WM_CART.jpg?auto=compress,format&w=450&dpr=2",1 gram,$40.00,reg $45.00,$5 off,[],THC —,CBD —,Hybrid,"Big Chief THC Cartridge 1G - Wedding Cake, Cartridge ",4.6,2060,"['Big Chief THC Cartridge 1G - Grand Daddy Purple', 'STIIIZY Premium THC Pod (Blue Dream)', 'STIIIZY Premium THC Pod (OG Kush)', 'Lemonade Moonrock Cart', 'Big Chief THC Cartridge 1G - Apple Jack', 'STIIIZY Premium THC Pod (Blue Dream)', 'STIIIZY Premium THC Pod (Purple Punch)', 'Stiiizy Disposable: Sour Diesel']",[],"Wedding Cake, also known as ""Triangle Mints #23,"" is a potent type of indica-hybrid marijuana strain made by crossing Triangle Kush with Animal Mints. Fun fact: In Canada, this strain is known as Pink Cookies. The Wedding Cake strain provides relaxing and euphoric effects that calm the body and mind. This strain yields a rich and tangy flavor profile with undertones of earthy pepper. Medical marijuana patients choose Wedding Cake to help relieve symptoms associated with pain, insomnia and appetite loss. Consumers with a low THC tolerance should enjoy this strain with an extra slice of care due to its high THC content. Wedding Cake has soared in popularity over the years and was named Leafly Strain of the Year in 2019.Wedding Cake growing info Wedding Cake is a popular strain choice for both intermediate and advanced growers. This strain can be grown indoors and outdoors. You can expect a flowering time of 7-9 weeks. When grown outside, Wedding Cake will finish between September through October. This strain offers  an average yield.",2022.10.21,Uplyft - Riverside
48,https://www.leafly.com/dispensary-info/uplyft-riverside/p/614321580/big-chief-thc-cartridge-1g---grand-daddy-purple?variant=923970142,Big Chief THC Cartridge 1G - Grand Daddy Purple,Cartridge,Cartridge,Big Chief,"https://leafly-public.imgix.net/menu/KMaKV3SQ3qr8FH2ZVO1w_262266_GrandDaddyPurple_WM_CART.jpg?auto=compress,format&w=450&dpr=2",1 gram,$40.00,reg $45.00,$5 off,[],THC —,CBD —,Indica,"Big Chief THC Cartridge 1G - Grand Daddy Purple, Cartridge ",4.4,5340,"['Big Chief THC Cartridge 1G - Wedding Cake', 'STIIIZY Premium THC Pod (Blue Dream)', 'STIIIZY Premium THC Pod (OG Kush)', 'Big Chief THC Cartridge 1G - Apple Jack', 'STIIIZY Premium THC Pod (Blue Dream)', 'STIIIZY Premium THC Pod (Purple Punch)', 'Stiiizy Disposable: Sour Diesel', 'Lemonade Moonrock Cart']",[],"Granddaddy Purple is an indica marijuana strain that goes by many different names, including ""Grand Daddy Purp,"" ""Granddaddy Purps,"" ""GDP,"" and ""Grandaddy Purple Kush."" Popularized in 2003 by Ken Estes, Granddaddy Purple (or GDP) is a famous indica cross of Mendo Purps, Skunk, and Afghanistan. This California staple inherits a complex grape and berry aroma from its Mendo Purps and Afghanistan parent, while Skunk passes on its oversized, compact bud structure. GDP flowers bloom in shades of deep purple, a contrasting backdrop for its snow-like dusting of white crystal resin. Its potent effects are clearly detectable in both mind and body, delivering a fusion of cerebral euphoria and physical relaxation. While your thoughts may float in a dreamy buzz, your body is more likely to find itself fixed in one spot for the duration of GDP’s effects. Granddaddy Purple is typically pulled off the shelf for consumers looking to combat pain, stress, insomnia, appetite loss, and muscle spasms. GDP blesses growers with massive yields which are ready for harvest following a 60 day flowering time indoors.",2022.10.21,Uplyft - Riverside
49,https://www.leafly.com/dispensary-info/uplyft-riverside/p/613655182/stiiizy-premium-thc-pod-og-kush?variant=892697758,STIIIZY Premium THC Pod (OG Kush),Cartridge,Cartridge,STIIIZY,"https://leafly-public.imgix.net/menu/JynceQWtQ22b44Maxk39_OG%20Kush.png?auto=compress,format&w=450&dpr=2",½ gram,$35.00,reg $40.00,$5 off,[],THC 89.9%,CBD —,Hybrid,"STIIIZY Premium THC Pod (OG Kush), Cartridge - THC 89.92%",4.3,5458,"['STIIIZY Premium THC Pod (OG Kush)', 'STIIIZY Premium THC Pod (Blue Dream)', 'STIIIZY Premium THC Pod (Blue Dream)', 'STIIIZY Premium THC Pod (Purple Punch)', 'Stiiizy Disposable: Sour Diesel', 'STIIIZY Live Resin Pod (Purple Animal Cookies)', 'STIIIZY Stiiizy: Mango 1:1 CBD  Pod', 'STIIIZY Premium THC Pod (Strawnana)']",[],,2022.10.21,Uplyft - Riverside
50,https://www.leafly.com/dispensary-info/uplyft-riverside/p/617589233/stiiizy-premium-thc-pod-blue-dream?variant=1137017427,STIIIZY Premium THC Pod (Blue Dream),Cartridge,Cartridge,STIIIZY,"https://leafly-public.imgix.net/menu/CP9du9XRaSqBEbR3nUDT_Blue%20Dream%20Full%20Gram.png?auto=compress,format&w=450&dpr=2",1 gram,$60.00,reg $65.00,$5 off,[],THC 90.0%,CBD —,Hybrid,"STIIIZY Premium THC Pod (Blue Dream), Cartridge - THC 89.97%",4.3,14.2k,"['STIIIZY Premium THC Pod (Blue Dream)', 'STIIIZY Premium THC Pod (OG Kush)', 'STIIIZY Premium THC Pod (Purple Punch)', 'Stiiizy Disposable: Sour Diesel', 'STIIIZY Live Resin Pod (Purple Animal Cookies)', 'STIIIZY Premium THC Pod (OG Kush)', 'STIIIZY Stiiizy: Mango 1:1 CBD  Pod', 'STIIIZY Premium THC Pod (Strawnana)']",[],"Updated February 2022  Blue Dream is a sativa-dominant hybrid marijuana strain made by crossing Blueberry with Haze. This strain produces a balanced high, along with effects such as cerebral stimulation and full-body relaxation. Blue dream is 18% THC but has a low CBD percentage, making this potent strain a fan favorite of both novice and veteran cannabis consumers. In terms of flavor, Blue Dream is reported to smell and taste like sweet berries. Medical marijuana patients often use Blue Dream to treat symptoms of depression, chronic pain, and nausea. According to home grow enthusiasts, this strain has an average flowering time of 67 days and is best suited to grow using the Sea of Green method. Blue Dream originated in California and has since achieved legendary status among West Coast strains and has quickly become one of the most-searched-for strains in the Leafly database. The average price per gram of Blue Dream is $20. Strains similar to Blue Dream include Blue Dream CBD, Double Dream, and Blue Magoo.",2022.10.21,Uplyft - Riverside
51,https://www.leafly.com/dispensary-info/uplyft-riverside/p/616091130/stiiizy-premium-thc-pod-purple-punch?variant=1042776734,STIIIZY Premium THC Pod (Purple Punch),Cartridge,Cartridge,STIIIZY,"https://leafly-public.imgix.net/menu/XtvqWvQTC5ENHPPwD0Qs_Screen%20Shot%202022-02-28%20at%204.40.52%20PM.png?auto=compress,format&w=450&dpr=2",½ gram,$35.00,reg $40.00,$5 off,[],THC 88.9%,CBD —,Indica,"STIIIZY Premium THC Pod (Purple Punch), Cartridge - THC 88.92%",4.6,1491,"['STIIIZY Premium THC Pod (Blue Dream)', 'STIIIZY Premium THC Pod (OG Kush)', 'STIIIZY Premium THC Pod (Blue Dream)', 'Stiiizy Disposable: Sour Diesel', 'STIIIZY Live Resin Pod (Purple Animal Cookies)', 'STIIIZY Premium THC Pod (OG Kush)', 'STIIIZY Stiiizy: Mango 1:1 CBD  Pod', 'STIIIZY Premium THC Pod (Strawnana)']",[],"Purple Punch is the sweet and sedating union of two indica-dominant classics. By breeding Larry OG with Granddaddy Purple, the astonishing trichome laden Purple Punch was born, smelling of grape candy, blueberry muffins, and tart Kool-Aid. The potency of this strain gives the consumer a one-two punch to the head and body, initially landing between the eyes and settling down into the limbs. Purple Punch is a delicious dessert strain that is best suited for after dinner. Its effects may help with managing nausea, stress, minor body aches, and sleeplessness.",2022.10.21,Uplyft - Riverside
52,https://www.leafly.com/dispensary-info/uplyft-riverside/p/620346851/stiiizy-live-resin-pod-purple-animal-cookies?variant=1372187743,STIIIZY Live Resin Pod (Purple Animal Cookies),Cartridge,Cartridge,STIIIZY,"https://leafly-public.imgix.net/menu/G7IwJt2VTAurkxLfCO1g_Purple%20Animal%20Cookies.png?auto=compress,format&w=450&dpr=2",1 gram,$44.00,reg $49.00,$5 off,[],THC 86.6%,CBD —,Hybrid,"STIIIZY Live Resin Pod (Purple Animal Cookies), Cartridge - THC 86.58%",4.5,22,"['STIIIZY Premium THC Pod (Blue Dream)', 'STIIIZY Premium THC Pod (OG Kush)', 'STIIIZY Premium THC Pod (Blue Dream)', 'STIIIZY Premium THC Pod (Purple Punch)', 'Stiiizy Disposable: Sour Diesel', 'STIIIZY Premium THC Pod (OG Kush)', 'STIIIZY Stiiizy: Mango 1:1 CBD  Pod', 'STIIIZY Premium THC Pod (Strawnana)']",[],,2022.10.21,Uplyft - Riverside
53,https://www.leafly.com/dispensary-info/uplyft-riverside/p/620549029/stiiizy-disposable-sour-diesel?variant=1379760650,Stiiizy Disposable: Sour Diesel,Cartridge,Cartridge,STIIIZY,"https://leafly-public.imgix.net/menu/WpJnR3tpQeOmjJA26xZY_sour%20diesel.jpg?auto=compress,format&w=450&dpr=2",½ gram,$45.00,reg $50.00,$5 off,[],THC 88.8%,CBD —,Sativa,"Stiiizy Disposable: Sour Diesel, Cartridge - THC 88.82%",4.3,8241,"['STIIIZY Premium THC Pod (Blue Dream)', 'STIIIZY Premium THC Pod (OG Kush)', 'STIIIZY Premium THC Pod (Blue Dream)', 'STIIIZY Premium THC Pod (Purple Punch)', 'STIIIZY Live Resin Pod (Purple Animal Cookies)', 'STIIIZY Premium THC Pod (OG Kush)', 'STIIIZY Stiiizy: Mango 1:1 CBD  Pod', 'STIIIZY Premium THC Pod (Strawnana)']",[],,2022.10.21,Uplyft - Riverside
54,https://www.leafly.com/dispensary-info/uplyft-riverside/p/617589340/stiiizy-premium-thc-pod-og-kush?variant=1137025031,STIIIZY Premium THC Pod (OG Kush),Cartridge,Cartridge,STIIIZY,"https://leafly-public.imgix.net/menu/ntMdr4J7SRmB636xzOGK_Screen%20Shot%202022-04-27%20at%2012.09.41%20PM.png?auto=compress,format&w=450&dpr=2",1 gram,$60.00,reg $65.00,$5 off,[],THC 90.1%,CBD —,Hybrid,"STIIIZY Premium THC Pod (OG Kush), Cartridge - THC 90.12%",4.3,5458,"['STIIIZY Premium THC Pod (OG Kush)', 'STIIIZY Premium THC Pod (Blue Dream)', 'STIIIZY Premium THC Pod (Blue Dream)', 'STIIIZY Premium THC Pod (Purple Punch)', 'Stiiizy Disposable: Sour Diesel', 'STIIIZY Live Resin Pod (Purple Animal Cookies)', 'STIIIZY Stiiizy: Mango 1:1 CBD  Pod', 'STIIIZY Premium THC Pod (Strawnana)']",[],"OG Kush, also known as ""Premium OG Kush,"" was first cultivated in Florida in the early ‘90s when a marijuana strain from Northern California was supposedly crossed with Chemdawg, Lemon Thai and a Hindu Kush plant from Amsterdam. The result was a hybrid with a unique terpene profile that boasts a complex aroma with notes of fuel, skunk, and spice. OG often refers to “Original Gangster,” indicating either the strain’s authenticity or intensity.  OG Kush should smell like lemon-pine-fuel with a high-THC, mixed head and body effect. It's often enjoyed in the back half of the day to ease stress.  The genetic backbone of West Coast cannabis varieties, OG Kush arrived in Los Angeles in 1996 when Matt “Bubba” Berger brought it (along with “The Bubba,” which was later used to create the famed Bubba Kush) from Florida to legendary cultivator Josh D. Since then, OG Kush has become a worldwide staple used to create numerous famous strains like GSC and Headband. There are many different phenotypes of OG Kush weed, including Tahoe OG, SFV OG, and Ghost OG.  OG Kush growing info    OG Kush is a popular strain choice for advanced growers. This strain can be grown indoors and outdoors. This strain grows best when the plants are able to grow large and are not confined to pots. OG Kush has a flowering time of 56 days. If grown outdoors, this plant will finish in early October. OG Kush offers a medium-size yield.",2022.10.21,Uplyft - Riverside
55,https://www.leafly.com/dispensary-info/uplyft-riverside/p/612421999/stiiizy-premium-thc-pod-blue-burst?variant=822979277,STIIIZY Premium THC Pod (Blue Burst),Cartridge,Cartridge,STIIIZY,"https://leafly-public.imgix.net/menu/7oq6MWcKSCiY2zTI3elk_Blue%20Burst.png?auto=compress,format&w=450&dpr=2",½ gram,$35.00,reg $40.00,$5 off,[],THC 83.3%,CBD —,,"STIIIZY Premium THC Pod (Blue Burst), Cartridge - THC 83.34%",,,"['STIIIZY Premium THC Pod (Blue Dream)', 'STIIIZY Premium THC Pod (OG Kush)', 'STIIIZY Premium THC Pod (Blue Dream)', 'STIIIZY Premium THC Pod (Purple Punch)', 'Stiiizy Disposable: Sour Diesel', 'STIIIZY Live Resin Pod (Purple Animal Cookies)', 'STIIIZY Premium THC Pod (OG Kush)', 'STIIIZY Stiiizy: Mango 1:1 CBD  Pod']",[],,2022.10.21,Uplyft - Riverside
56,https://www.leafly.com/dispensary-info/uplyft-riverside/p/612422013/stiiizy-premium-thc-pod-strawnana?variant=822978722,STIIIZY Premium THC Pod (Strawnana),Cartridge,Cartridge,STIIIZY,"https://leafly-public.imgix.net/menu/flfEfJEPRwKYMiEUDZ7S_Birthday%20Cake.png?auto=compress,format&w=450&dpr=2",½ gram,$35.00,reg $40.00,$5 off,[],THC 87.7%,CBD —,Hybrid,"STIIIZY Premium THC Pod (Strawnana), Cartridge - THC 87.66%",4.5,660,"['STIIIZY Premium THC Pod (Blue Dream)', 'STIIIZY Premium THC Pod (OG Kush)', 'STIIIZY Premium THC Pod (Blue Dream)', 'STIIIZY Premium THC Pod (Purple Punch)', 'Stiiizy Disposable: Sour Diesel', 'STIIIZY Live Resin Pod (Purple Animal Cookies)', 'STIIIZY Premium THC Pod (OG Kush)', 'STIIIZY Stiiizy: Mango 1:1 CBD  Pod']",[],,2022.10.21,Uplyft - Riverside
57,https://www.leafly.com/dispensary-info/uplyft-riverside/p/612421980/stiiizy-premium-thc-pod-strawberry-cough?variant=822984844,STIIIZY Premium THC Pod (Strawberry Cough),Cartridge,Cartridge,STIIIZY,"https://leafly-public.imgix.net/menu/mpTib2UVTcq01veXKXYC_Strawberry%20Cough.png?auto=compress,format&w=450&dpr=2",½ gram,$35.00,reg $40.00,$5 off,[],THC 85.9%,CBD —,,"STIIIZY Premium THC Pod (Strawberry Cough), Cartridge - THC 85.9%",,,"['STIIIZY Premium THC Pod (Blue Dream)', 'STIIIZY Premium THC Pod (OG Kush)', 'STIIIZY Premium THC Pod (Blue Dream)', 'STIIIZY Premium THC Pod (Purple Punch)', 'Stiiizy Disposable: Sour Diesel', 'STIIIZY Live Resin Pod (Purple Animal Cookies)', 'STIIIZY Premium THC Pod (OG Kush)', 'STIIIZY Stiiizy: Mango 1:1 CBD  Pod']",[],,2022.10.21,Uplyft - Riverside
58,https://www.leafly.com/dispensary-info/uplyft-riverside/p/617589178/stiiizy-premium-thc-pod-white-raspberry?variant=1137014748,STIIIZY Premium THC Pod (White Raspberry),Cartridge,Cartridge,STIIIZY,"https://leafly-public.imgix.net/menu/I7VLRvMyTFahLsH0fBfa_White%20Raspberry.png?auto=compress,format&w=450&dpr=2",½ gram,$35.00,reg $40.00,$5 off,[],THC 87.2%,CBD —,,"STIIIZY Premium THC Pod (White Raspberry), Cartridge - THC 87.17%",,,"['STIIIZY Premium THC Pod (Blue Dream)', 'STIIIZY Premium THC Pod (OG Kush)', 'STIIIZY Premium THC Pod (Blue Dream)', 'STIIIZY Premium THC Pod (Purple Punch)', 'Stiiizy Disposable: Sour Diesel', 'STIIIZY Live Resin Pod (Purple Animal Cookies)', 'STIIIZY Premium THC Pod (OG Kush)', 'STIIIZY Stiiizy: Mango 1:1 CBD  Pod']",[],,2022.10.21,Uplyft - Riverside
59,https://www.leafly.com/dispensary-info/uplyft-riverside/p/620045809/stiiizy-stiiizy-mango-11-cbd--pod?variant=1338959190,STIIIZY Stiiizy: Mango 1:1 CBD  Pod,Cartridge,Cartridge,STIIIZY,"https://leafly-public.imgix.net/menu/9FkRbF1NS4Gi64IRClH9_Screen%20Shot%202022-04-07%20at%2011.25.13%20AM.png?auto=compress,format&w=450&dpr=2",½ gram,$40.00,reg $45.00,$5 off,[],THC —,CBD —,,"STIIIZY Stiiizy: Mango 1:1 CBD  Pod, Cartridge ",,,"['STIIIZY Premium THC Pod (Blue Dream)', 'STIIIZY Premium THC Pod (OG Kush)', 'STIIIZY Premium THC Pod (Blue Dream)', 'STIIIZY Premium THC Pod (Purple Punch)', 'Stiiizy Disposable: Sour Diesel', 'STIIIZY Live Resin Pod (Purple Animal Cookies)', 'STIIIZY Premium THC Pod (OG Kush)', 'STIIIZY Premium THC Pod (Strawnana)']",[],,2022.10.21,Uplyft - Riverside
60,https://www.leafly.com/dispensary-info/uplyft-riverside/p/620548810/stiiizy-disposable-biscotti?variant=1379745617,Stiiizy Disposable: Biscotti,Cartridge,Cartridge,STIIIZY,"https://leafly-public.imgix.net/menu/hEeS1PGQT2CDSviGyuNa_disposable%20biscotti.jpg?auto=compress,format&w=450&dpr=2",½ gram,$45.00,reg $50.00,$5 off,[],THC 90.2%,CBD —,Hybrid,"Packing a big punch in a LIIIL package. LIIIL STIIIZY is the ultimate portable, disposable vape device that delivers an unexpected vaping experience with great taste and bigger clouds. Its simplicity and portability make LIIIL STIIIZY the new on-the-go must have vape device.
--
BISCOTTI / INDICA

· Taste: Earthy, Pine, Nutty
· Feeling: Relaxing, Sleepy, Giggly
· Description: An Indica-dominant strain that comes from Gelato #25 and South Florida OG. Biscotti delivers a powerful body high and delicious flavor.",4.6,375,"['STIIIZY Premium THC Pod (Blue Dream)', 'STIIIZY Premium THC Pod (OG Kush)', 'STIIIZY Premium THC Pod (Blue Dream)', 'STIIIZY Premium THC Pod (Purple Punch)', 'Stiiizy Disposable: Sour Diesel', 'STIIIZY Live Resin Pod (Purple Animal Cookies)', 'STIIIZY Premium THC Pod (OG Kush)', 'STIIIZY Stiiizy: Mango 1:1 CBD  Pod']",[],,2022.10.21,Uplyft - Riverside
61,https://www.leafly.com/dispensary-info/uplyft-riverside/p/612422385/lemonade-moonrock-cart?variant=822970124,Lemonade Moonrock Cart,Cartridge,Cartridge,Dr. Zodiak's Moonrock,"https://leafly-public.imgix.net/menu/ARGDUeYJSCKrbob59mg2_Lemonade.png?auto=compress,format&w=450&dpr=2",1 gram,$60.00,reg $65.00,$5 off,[],THC 90.0%,CBD —,,"Lemonade Moonrock Cart, Cartridge - THC 90%",,,"['Moonrock Cartridge: Snowcone Cart', 'Pinkies Moonrock Cart', 'Razzle Dazzle Moonrock Cart', 'STIIIZY Premium THC Pod (Blue Dream)', 'STIIIZY Premium THC Pod (OG Kush)', 'Big Chief THC Cartridge 1G - Wedding Cake', 'Big Chief THC Cartridge 1G - Apple Jack', 'STIIIZY Premium THC Pod (Blue Dream)']",[],,2022.10.21,Uplyft - Riverside
62,https://www.leafly.com/dispensary-info/uplyft-riverside/p/619975980/moonrock-cartridge-snowcone-cart?variant=1330604617,Moonrock Cartridge: Snowcone Cart,Cartridge,Cartridge,Dr. Zodiak's Moonrock,"https://leafly-public.imgix.net/menu/B75OpAczSUG3lJePJr2i_Untitled%20design%20(24).png?auto=compress,format&w=450&dpr=2",1 gram,$60.00,reg $65.00,$5 off,[],THC 90.0%,CBD —,,"Moonrock Cartridge: Snowcone Cart, Cartridge - THC 90%",,,"['Lemonade Moonrock Cart', 'Pinkies Moonrock Cart', 'Razzle Dazzle Moonrock Cart', 'STIIIZY Premium THC Pod (Blue Dream)', 'STIIIZY Premium THC Pod (OG Kush)', 'Big Chief THC Cartridge 1G - Wedding Cake', 'Big Chief THC Cartridge 1G - Apple Jack', 'STIIIZY Premium THC Pod (Blue Dream)']",[],,2022.10.21,Uplyft - Riverside
63,https://www.leafly.com/dispensary-info/uplyft-riverside/p/612422431/razzle-dazzle-moonrock-cart?variant=822977240,Razzle Dazzle Moonrock Cart,Cartridge,Cartridge,Dr. Zodiak's Moonrock,"https://leafly-public.imgix.net/menu/pO21BpW7R0G9n2MRuwG1_Razzle%20Dazzle.png?auto=compress,format&w=450&dpr=2",1 gram,$60.00,reg $65.00,$5 off,[],THC 90.0%,CBD —,,"Razzle Dazzle Moonrock Cart, Cartridge - THC 90%",,,"['Lemonade Moonrock Cart', 'Moonrock Cartridge: Snowcone Cart', 'Pinkies Moonrock Cart', 'STIIIZY Premium THC Pod (Blue Dream)', 'STIIIZY Premium THC Pod (OG Kush)', 'STIIIZY Premium THC Pod (Blue Dream)', 'STIIIZY Premium THC Pod (Purple Punch)', 'Big Chief THC Cartridge 1G - Wedding Cake']",[],,2022.10.21,Uplyft - Riverside
64,https://www.leafly.com/dispensary-info/uplyft-riverside/p/619113848/pinkies-moonrock-cart?variant=1264375735,Pinkies Moonrock Cart,Cartridge,Cartridge,Dr. Zodiak's Moonrock,"https://leafly-public.imgix.net/menu/2DLMyD1hQ4ahgqsSYvJM_Untitled%20design.png?auto=compress,format&w=450&dpr=2",1 gram,$60.00,reg $65.00,$5 off,[],THC 90.0%,CBD —,,"Pinkies Moonrock Cart, Cartridge - THC 90%",,,"['Lemonade Moonrock Cart', 'Moonrock Cartridge: Snowcone Cart', 'Razzle Dazzle Moonrock Cart', 'STIIIZY Premium THC Pod (Blue Dream)', 'STIIIZY Premium THC Pod (OG Kush)', 'STIIIZY Premium THC Pod (Blue Dream)', 'STIIIZY Premium THC Pod (Purple Punch)', 'Big Chief THC Cartridge 1G - Wedding Cake']",[],,2022.10.21,Uplyft - Riverside
65,https://www.leafly.com/dispensary-info/uplyft-riverside/p/619308615/raw-garden-cartridge-pink-gelato?variant=1280190271,Raw Garden Cartridge: Pink Gelato,Cartridge,Cartridge,Raw Garden,"https://leafly-public.imgix.net/menu/FdBrTDUFSpq2ByOHuzrg_Gelato%20Clouds.png?auto=compress,format&w=450&dpr=2",1 gram,$65.00,reg $70.00,$5 off,[],THC —,CBD —,,"Raw Garden Cartridge: Pink Gelato, Cartridge ",,,"['Abracadabra Live Resin Cartridge', 'Raw Garden Cartridge: Papa Slurm', 'Pineapple Dream Live Resin Cartridge', 'STIIIZY Premium THC Pod (Blue Dream)', 'STIIIZY Premium THC Pod (OG Kush)', 'STIIIZY Premium THC Pod (Blue Dream)', 'STIIIZY Premium THC Pod (Purple Punch)', 'Big Chief THC Cartridge 1G - Wedding Cake']",[],,2022.10.21,Uplyft - Riverside
66,https://www.leafly.com/dispensary-info/uplyft-riverside/p/615053062/dime-disposable-peach-kush-600mg?variant=976534036,Dime Disposable: Peach Kush (600mg),Cartridge,Cartridge,Dime Industries,"https://leafly-public.imgix.net/products/photos/7f75ZrGBT7yqTWYvgtXm_Disposable_PK_01.png?auto=compress,format&w=450&dpr=2",0.6 grams,$50.00,,,[],THC 86.3%,CBD —,Hybrid,"PEACH KUSH -  INDICA

If Peaches and Cream met OG Kush at a bar, Peach Kush was the result. Composed of earthy undertones, a sweet peachy body, and a creamy finish, this blend is one of our favorites. As a mellow indica, this strain can be smoked all day without bringing you into a full slumber, while relaxing enough to leave you well rested after a long day.

Genetics: Peaches and Cream x OG Kush
Effects: Relaxed, Focused, Euphoric
Prevalent Terpenes: Beta Pinene, Ocimene",4.3,3,"['Dime Disposable: Blueberry Lemon Haze (600mg)', 'Jeeter Juice Liquid Diamonds - Strawberry Shortcake', 'PLUGplay Exotics (Apple Slushie)', 'STIIIZY Premium THC Pod (Blue Dream)', 'STIIIZY Premium THC Pod (OG Kush)', 'STIIIZY Premium THC Pod (Blue Dream)', 'STIIIZY Premium THC Pod (Purple Punch)', 'Big Chief THC Cartridge 1G - Wedding Cake']",[],,2022.10.21,Uplyft - Riverside
67,https://www.leafly.com/dispensary-info/uplyft-riverside/p/616442320/dime-disposable-blueberry-lemon-haze-600mg?variant=1068234249,Dime Disposable: Blueberry Lemon Haze (600mg),Cartridge,Cartridge,Dime Industries,"https://leafly-public.imgix.net/products/photos/xxo3HfzQqg0lx45cQLUg_Disposable_BLH_01.png?auto=compress,format&w=450&dpr=2",0.6 grams,$50.00,,,[],THC 86.0%,CBD —,Indica,"BLUEBERRY LEMON HAZE -  SATIVA

This flavor profile is a cross between Super Lemon Haze and Blueberry Haze. The sweet and sour strain provides an uplifting energetic buzz, becoming more euphoric as you smoke it. This flavor profile is reminiscent of sipping a fruity lemonade, while smoking a joint on patio during a sunset. An instant classic, this flavor profile will keep you wanting more.

Genetics: Super Lemon Haze x Blueberry Haze
Effects: Happy, Uplifted, Energetic
Prevalent Terpenes: Limonene, Beta Caryophyllene, Terpinolene",4.2,1100,"['Dime Disposable: Peach Kush (600mg)', 'Jeeter Juice Liquid Diamonds - Strawberry Shortcake', 'PLUGplay Exotics (Apple Slushie)', 'STIIIZY Premium THC Pod (Blue Dream)', 'STIIIZY Premium THC Pod (OG Kush)', 'STIIIZY Premium THC Pod (Blue Dream)', 'STIIIZY Premium THC Pod (Purple Punch)', 'Big Chief THC Cartridge 1G - Wedding Cake']",[],,2022.10.21,Uplyft - Riverside
68,https://www.leafly.com/dispensary-info/uplyft-riverside/p/621565540/jeeter-juice-liquid-diamonds---strawberry-shortcak?variant=1466577562,Jeeter Juice Liquid Diamonds - Strawberry Shortcake,Cartridge,Cartridge,Jeeter,"https://leafly-public.imgix.net/products/photos/ABCd5opSFWCpuwqQUpVc_Jeeter-Juice-Indica-Strawberry-Shortcake.jpg?auto=compress,format&w=450&dpr=2",1 gram,$55.00,,,[],THC 96.0%,CBD —,Indica,"Strawberry Shortcake Jeeter Juice Premium Liquid Diamonds Cartridge:  1000 mg | Indica | 95.43% THC (Per Cartridge)

Strawberry Shortcake is an indica strain crossed with White Wookie and The White, offering a strong and hearty strawberry flavor. This strain will put you down for the count in euphoric bliss, making any old couch feel like a slice of heaven.",4.5,113,"['Watermelon Zkittlez Jeeters 5-pack Infused Pre-rolls', 'Dime Disposable: Peach Kush (600mg)', 'PLUGplay Exotics (Apple Slushie)', 'Dime Disposable: Blueberry Lemon Haze (600mg)', 'STIIIZY Premium THC Pod (Blue Dream)', 'STIIIZY Premium THC Pod (OG Kush)', 'STIIIZY Premium THC Pod (Blue Dream)', 'STIIIZY Premium THC Pod (Purple Punch)']",[],,2022.10.21,Uplyft - Riverside
69,https://www.leafly.com/dispensary-info/uplyft-riverside/p/621503730/raw-garden-cartridge-papa-slurm?variant=1462539184,Raw Garden Cartridge: Papa Slurm,Cartridge,Cartridge,Raw Garden,"https://leafly-public.imgix.net/menu/TF1oxuyiTRiQGxeSk5Ag_peach%20blossom.jpg?auto=compress,format&w=450&dpr=2",1 gram,$65.00,,,[],THC 85.0%,CBD —,,"Raw Garden Cartridge: Papa Slurm, Cartridge - THC 85%",,,"['Abracadabra Live Resin Cartridge', 'Pineapple Dream Live Resin Cartridge', 'Raw Garden Cartridge: Pink Gelato', 'STIIIZY Premium THC Pod (Blue Dream)', 'STIIIZY Premium THC Pod (OG Kush)', 'STIIIZY Premium THC Pod (Blue Dream)', 'STIIIZY Premium THC Pod (Purple Punch)', 'Big Chief THC Cartridge 1G - Wedding Cake']",[],,2022.10.21,Uplyft - Riverside
70,https://www.leafly.com/dispensary-info/uplyft-riverside/p/621703221/pineapple-dream-live-resin-cartridge?variant=1479960608,Pineapple Dream Live Resin Cartridge,Cartridge,Cartridge,Raw Garden,"https://leafly-public.imgix.net/products/photos/BGH2zRyRS8afZ38tovYF_CART-Full-Box.jpg?auto=compress,format&w=450&dpr=2",1 gram,$65.00,,,[],THC 86.9%,CBD —,Hybrid,"Pineapple Dream Refined Live Resin™ 1.0g Cartridge
Pineapple Slurm x Dosi Punch (Tropical / Sugary / Fruity)
Indica

Raw Garden™ aspires to a higher standard. It’s for when you want to experience more. Do more. Celebrate more. Unwind more.

Our products are made from pure Cannabis flowers. They are wonderful to taste and are rigorously tested to the most exacting quality standards, which is why Raw Garden is the most trusted and best-selling brand in Cannabis.

Raw Garden high-potency Refined Live Resin™ THC Vape Cartridges are 100% Cannabis – no additives, fillers, or artificial flavors. Made from 100% cannabis flower grown using mindful and sustainable farming practices. These cartridges are high in THC and contain all the natural aromas, flavors, and terpenes of the high-quality source flower from which they are extracted.",4.0,2,"['Abracadabra Live Resin Cartridge', 'Raw Garden Cartridge: Papa Slurm', 'Stiiizy Disposable: Biscotti', 'Raw Garden Cartridge: Pink Gelato', 'STIIIZY Premium THC Pod (Blue Dream)', 'STIIIZY Premium THC Pod (OG Kush)', 'STIIIZY Premium THC Pod (Blue Dream)', 'STIIIZY Premium THC Pod (Purple Punch)']",[],,2022.10.21,Uplyft - Riverside
71,https://www.leafly.com/dispensary-info/uplyft-riverside/p/621703238/abracadabra-live-resin-cartridge?variant=1479964381,Abracadabra Live Resin Cartridge,Cartridge,Cartridge,Raw Garden,"https://leafly-public.imgix.net/products/photos/wWOkteRcyaOu2khDYAbR_CART-half-box.png?auto=compress,format&w=450&dpr=2",1 gram,$65.00,,,[],THC 85.8%,CBD —,Hybrid,"Abracadabra Refined Live Resin™ 0.5g Cartridge
GG4 x Dos y Dos x Skywalker (Fruity / Floral / Dough)
Hybrid

Raw Garden™ aspires to a higher standard. It’s for when you want to experience more. Do more. Celebrate more. Unwind more.

Our products are made from pure Cannabis flowers. They are wonderful to taste and are rigorously tested to the most exacting quality standards, which is why Raw Garden is the most trusted and best-selling brand in Cannabis.

Raw Garden high-potency Refined Live Resin™ THC Vape Cartridges are 100% Cannabis – no additives, fillers, or artificial flavors. Made from 100% cannabis flower grown using mindful and sustainable farming practices. These cartridges are high in THC and contain all the natural aromas, flavors, and terpenes of the high-quality source flower from which they are extracted.",4.5,2,"['Pineapple Dream Live Resin Cartridge', 'Raw Garden Cartridge: Papa Slurm', 'Stiiizy Disposable: Biscotti', 'Raw Garden Cartridge: Pink Gelato', 'STIIIZY Premium THC Pod (Blue Dream)', 'STIIIZY Premium THC Pod (OG Kush)', 'STIIIZY Premium THC Pod (Blue Dream)', 'STIIIZY Premium THC Pod (Purple Punch)']",[],"Abracadabra, also known as “Abbacadabra” and “Abra Cadabra,” is a sativa-dominant hybrid marijuana strain made from an unknown cross of strains. The effects of Abracadabra are more energizing than relaxing. Consumers say this strain makes them feel euphoric, uplifted and creative. The flavor profile of Abracadabra is musty and sweet with earthy lemon undertones. This strain pairs best with daytime activities, like exercise or creative brainstorming. Abracadabra has an average THC content of around 18%, making it an ideal choice for both new and experienced cannabis consumers. Medical marijuana patients battling fatigue or depression tell us they often choose this strain. Abracadabra has a reputation for giving consumers a dry mouth, so make sure you have water handy while you enjoy this unique strain. The original breeder of Abracadabra is currently unknown.",2022.10.21,Uplyft - Riverside
72,https://www.leafly.com/dispensary-info/uplyft-riverside/p/617034676/baby-jeeter-infused-5-pack-blue-skittlez?variant=1102995188,Baby Jeeter Infused 5 Pack: Blue Skittlez,Preroll,PreRoll,Jeeter,"https://leafly-public.imgix.net/products/photos/2Gpmx2MnTOyqAgBwh5B9_Baby---Blue-Zkittlez.jpg?auto=compress,format&w=450&dpr=2",each,$55.00,reg $65.00,$10 off,[],THC 38.9%,CBD —,Indica,"Blue Zkittlez by Dying Breed Seeds is an Indica-dominant cross of Blue Diamond and Zkittlez. This odoriferous flower offers a terpene profile of tart citrus, sweet earth, and wildflowers. The physical effects of this strain are mellow and moderately sedating, igniting appetite while weighing on the limbs. Its strong physical effects and uplifting mental high make it a perfect end-of-the-day strain and a nice match for folks contending with stress, restlessness, and pain.",4.6,138,"['Watermelon Zkittlez Jeeters 5-pack Infused Pre-rolls', 'Baby Jeeter Infused 5 Pack: Churros', 'Thin Mint Cookies Baby Jeeters 5-pack Infused Pre-rolls', 'Cookie Platter 3-Pack Pre-rolls', 'The Exotic Pack 3-Pack Pre-rolls', 'ARTISAN SELECT | Ghost Cookies 2-Pack', ""Dr. Zodiak's Moonrock Preroll: Lion Heart 1.4G"", 'Crazy Mind Infused Premium Pre-Roll: Girl Scout Cookie']",[],"Blue Zkittlez, also known as ""Blue Skittles"" and ""Blue Zkittles,"" is an indica marijuana strain made by crossing Blue Diamond with Zkittlez. This odoriferous flower offers a terpene profile of tart citrus, sweet earth, and wildflowers. The effects of Blue Zkittlez are mellow and moderately sedating, stimulating appetite while weighing heavy on the limbs. This strain offers a combination of strong physical effects and uplifting mental high which make it a perfect end-of-the-day strain and a nice match for folks contending with stress, restlessness, and pain.",2022.10.21,Uplyft - Riverside
73,https://www.leafly.com/dispensary-info/uplyft-riverside/p/618619957/baby-jeeter-infused-5-pack-churros?variant=1226112357,Baby Jeeter Infused 5 Pack: Churros,Preroll,PreRoll,Jeeter,"https://leafly-public.imgix.net/products/photos/Heaq0I0PTASwwQKBDOI8_Baby-Churros.jpg?auto=compress,format&w=450&dpr=2",each,$55.00,reg $65.00,$10 off,[],THC 45.2%,CBD —,,"Churros Baby Jeeter Infused - Five .5g Joints 2.5g | Indica | 42.17% THC Indoor Grown Infused with Distillate Oil & Kief
Mood: happy, uplifted, energetic

Churros is an indica strain made by crossing Face Off OG x SFV OG x OG Kush. Like its parent strains, it provides heavy indica effects that are calming in nature. This strain is a great choice for consumers attending to physical discomfort or for relaxing on a lazy weekend. You can experience body high, happy, creative, euphoric, relaxing, uplifting and hunger inducing effects. Churros helps with chronic pain, headaches, insomnia, loss of appetite, inflammation, depression, PTSD, and stress.",,,"['Watermelon Zkittlez Jeeters 5-pack Infused Pre-rolls', 'Baby Jeeter Infused 5 Pack: Blue Skittlez', 'Thin Mint Cookies Baby Jeeters 5-pack Infused Pre-rolls', 'Cookie Platter 3-Pack Pre-rolls', 'The Exotic Pack 3-Pack Pre-rolls', 'ARTISAN SELECT | Ghost Cookies 2-Pack', ""Dr. Zodiak's Moonrock Preroll: Lion Heart 1.4G"", 'Crazy Mind Infused Premium Pre-Roll: Girl Scout Cookie']",[],,2022.10.21,Uplyft - Riverside
74,https://www.leafly.com/dispensary-info/uplyft-riverside/p/620746546/watermelon-zkittlez-jeeters-5-pack-infused-pre-rol?variant=1396673718,Watermelon Zkittlez Jeeters 5-pack Infused Pre-rolls,Preroll,PreRoll,Jeeter,"https://leafly-public.imgix.net/menu/fgWULnKuSGuciVK28iO2_WATERMELON%20ZKITTLEZ%20JEETER.jpg?auto=compress,format&w=450&dpr=2",5 each,$55.00,reg $65.00,$10 off,[],THC 42.9%,CBD —,Indica,"Watermelon Zkittlez is the indica-dominant cross of the hugely popular Zkittlez and Watermelon. It offers a wonderful fruity aroma and flavor profile that is mouthwateringly scrumptious. It's high may set in quickly, delivering a powerful, head-rushing euphoria. With its heavy effects, Watermelon Zkittlez is best reserved for the end of the day.",4.5,113,"['Baby Jeeter Infused 5 Pack: Blue Skittlez', 'Baby Jeeter Infused 5 Pack: Churros', 'Thin Mint Cookies Baby Jeeters 5-pack Infused Pre-rolls', 'The Exotic Pack 3-Pack Pre-rolls', 'Cookie Platter 3-Pack Pre-rolls', 'Jeeter Juice Liquid Diamonds - Strawberry Shortcake', 'Crazy Mind Infused Premium Pre-Roll: Girl Scout Cookie', 'Stone Road Pre-Roll 10-Pack: Strawberry Banana']",[],"Watermelon Zkittlez, also known as ""Watermelon Skittles,"" is an indica-dominant hybrid marijuana strain made by a cross of the hugely popular Zkittlez and Watermelon. It offers a wonderful fruity aroma and flavor profile that is mouthwateringly scrumptious. Its high may set in quick, delivering a powerful, head-rushing euphoria. With its heavy effects, Watermelon Zkittlez is best reserved for the end of the day.",2022.10.21,Uplyft - Riverside
75,https://www.leafly.com/dispensary-info/uplyft-riverside/p/620746421/thin-mint-cookies-baby-jeeters-5-pack-infused-pre-?variant=1396667588,Thin Mint Cookies Baby Jeeters 5-pack Infused Pre-rolls,Preroll,PreRoll,Jeeter,"https://leafly-public.imgix.net/products/photos/QJHQYN5YSCKewVIZmBqk_Baby---Thin-Mint-Cookies.jpg?auto=compress,format&w=450&dpr=2",5 each,$55.00,reg $65.00,$10 off,[],THC 45.6%,CBD —,Hybrid,"Thin Mint Cookies Baby Jeeter Infused: Five .5g Joints 2.5g | Hybrid | 39.73% THC Indoor Grown Infused with Distillate Oil & Kief

Thin Mint Cookies, a hybrid cross containing Durban Poison and OG Kush genetics, is a phenotype of the legendary GSC strain. Dark green and royal purple hues peek through a heavy coat of crystals, with a sweet minty smell that explains this strain’s name. It provides a powerful full-body effect that gives this strain its sterling reputation. The potency of Thin Mint Cookies helps relieve symptoms associated with severe pain, nausea, swelling, insomnia, and appetite loss.",4.6,839,"['Baby Jeeter Infused 5 Pack: Blue Skittlez', 'Baby Jeeter Infused 5 Pack: Churros', 'Watermelon Zkittlez Jeeters 5-pack Infused Pre-rolls', 'The Exotic Pack 3-Pack Pre-rolls', 'Cookie Platter 3-Pack Pre-rolls', 'Crazy Mind Infused Premium Pre-Roll: Girl Scout Cookie', 'Stone Road Pre-Roll 10-Pack: Strawberry Banana', 'Stone Road Pre-Roll 5-Pack: Pineapple Kush']",[],,2022.10.21,Uplyft - Riverside
76,https://www.leafly.com/dispensary-info/uplyft-riverside/p/620746104/house-pre-roll?variant=1396643359,House Pre-roll,Preroll,PreRoll,Uplyft,"https://leafly-public.imgix.net/menu/8fN0zQkaSHOpTGJeFCF7_UPLYFT%20HOUSE%20PREROLL.png?auto=compress,format&w=450&dpr=2",each,$15.00,reg $20.00,$5 off,[],THC 22.5%,CBD —,,Our House Preroll consists of 1 gram of premium cannabis flower . It’s the ultimate preroll for the ultimate cannabis lover. Enjoy a few hits of this preroll when you want to improve your mood and energy. Flavors may vary.,,,"['The Exotic Pack 3-Pack Pre-rolls', 'Baby Jeeter Infused 5 Pack: Blue Skittlez', 'Baby Jeeter Infused 5 Pack: Churros', 'Cookie Platter 3-Pack Pre-rolls', 'Crazy Mind Infused Premium Pre-Roll: Girl Scout Cookie', 'Stone Road Pre-Roll 10-Pack: Strawberry Banana', 'Stone Road Pre-Roll 5-Pack: Pineapple Kush', 'Stone Road Pre-Roll 10-Pack: Girl Scout Cookies']",[],,2022.10.21,Uplyft - Riverside
77,https://www.leafly.com/dispensary-info/uplyft-riverside/p/620346844/artisan-select--papaya-2-pack?variant=1364733483,ARTISAN SELECT | Papaya 2-Pack,Preroll,PreRoll,Artisan Select,"https://leafly-public.imgix.net/menu/CJ1epGTUQuKFZkEUZZWi_Artisan%202%20Pack.png?auto=compress,format&w=450&dpr=2",each,$15.00,reg $20.00,$5 off,[],THC 25.0%,CBD —,Indica,"ARTISAN SELECT | Papaya 2-Pack, PreRoll - THC 25%",4.3,307,"['ARTISAN SELECT | Ghost Cookies 2-Pack', ""Dr. Zodiak's Moonrock Preroll: Lion Heart 1.4G"", 'Cookie Platter 3-Pack Pre-rolls', 'Crazy Mind Infused Premium Pre-Roll: Girl Scout Cookie', 'Stone Road Pre-Roll 10-Pack: Strawberry Banana', 'Stone Road Pre-Roll 5-Pack: Pineapple Kush', 'Stone Road Pre-Roll 10-Pack: Girl Scout Cookies', 'Watermelon Zkittlez Jeeters 5-pack Infused Pre-rolls']",[],,2022.10.21,Uplyft - Riverside
78,https://www.leafly.com/dispensary-info/uplyft-riverside/p/620346840/artisan-select--ghost-cookies-2-pack?variant=1364732413,ARTISAN SELECT | Ghost Cookies 2-Pack,Preroll,PreRoll,Artisan Select,"https://leafly-public.imgix.net/menu/CJ1epGTUQuKFZkEUZZWi_Artisan%202%20Pack.png?auto=compress,format&w=450&dpr=2",each,$20.00,reg $25.00,$5 off,[],THC 28.0%,CBD —,Hybrid,"ARTISAN SELECT | Ghost Cookies 2-Pack, PreRoll - THC 28%",4.8,37,"['ARTISAN SELECT | Papaya 2-Pack', ""Dr. Zodiak's Moonrock Preroll: Lion Heart 1.4G"", 'Cookie Platter 3-Pack Pre-rolls', 'Crazy Mind Infused Premium Pre-Roll: Girl Scout Cookie', 'Stone Road Pre-Roll 10-Pack: Strawberry Banana', 'Stone Road Pre-Roll 5-Pack: Pineapple Kush', 'Stone Road Pre-Roll 10-Pack: Girl Scout Cookies', 'Watermelon Zkittlez Jeeters 5-pack Infused Pre-rolls']",[],,2022.10.21,Uplyft - Riverside
79,https://www.leafly.com/dispensary-info/uplyft-riverside/p/612419501/crazy-mind-infused-premium-pre-roll-girl-scout-coo?variant=822967734,Crazy Mind Infused Premium Pre-Roll: Girl Scout Cookie,Preroll,PreRoll,,"https://leafly-public.imgix.net/menu/8aFVkDXPTJqBWGhqrEff_Crazy%20Mind%20Premuim%20Infused%20Pre%20Roll%20-%20Girl%20Scout%20Cookie.png?auto=compress,format&w=450&dpr=2",each,$20.00,reg $25.00,$5 off,[],THC 26.5%,CBD —,,"Crazy Mind Infused Premium Pre-Roll: Girl Scout Cookie, PreRoll - THC 26.5%",,,"['Crazy Minds Bazooka Blunt: Darth Vader 3G', 'The Exotic Pack 3-Pack Pre-rolls', 'Stone Road Pre-Roll 10-Pack: Strawberry Banana', 'Stone Road Pre-Roll 10-Pack: Girl Scout Cookies', 'Stone Road Pre-Roll 5-Pack: Pineapple Kush', 'Cannabis Mystery Box', 'Chocolate Bites: Cookies and Cream 100mg', 'Cookie Platter 3-Pack Pre-rolls']",[],,2022.10.21,Uplyft - Riverside
80,https://www.leafly.com/dispensary-info/uplyft-riverside/p/619975721/dr-zodiaks-moonrock-preroll-lion-heart-14g?variant=1330587559,Dr. Zodiak's Moonrock Preroll: Lion Heart 1.4G,Preroll,PreRoll,Dr. Zodiak's Moonrock,"https://leafly-public.imgix.net/menu/XfCtB3rJT7GH75YgMYAw_LION%20HEART%20PREROLL.jpg?auto=compress,format&w=450&dpr=2",each,$30.00,reg $35.00,$5 off,[],THC —,CBD —,,"Dr. Zodiak's Moonrock Preroll: Lion Heart 1.4G, PreRoll ",,,"['Lemonade Moonrock Cart', 'The Exotic Pack 3-Pack Pre-rolls', 'Baby Jeeter Infused 5 Pack: Blue Skittlez', 'Baby Jeeter Infused 5 Pack: Churros', 'Cookie Platter 3-Pack Pre-rolls', 'Crazy Mind Infused Premium Pre-Roll: Girl Scout Cookie', 'Moonrock Cartridge: Snowcone Cart', 'Stone Road Pre-Roll 10-Pack: Strawberry Banana']",[],,2022.10.21,Uplyft - Riverside
81,https://www.leafly.com/dispensary-info/uplyft-riverside/p/621703202/cookie-platter-3-pack-pre-rolls?variant=1479949699,Cookie Platter 3-Pack Pre-rolls,Preroll,PreRoll,West Coast Cure,"https://leafly-public.imgix.net/products/photos/SaWkfIE7QYyjlaUUVpeo_Cookie-Platter_CUREjoint_03.jpg?auto=compress,format&w=450&dpr=2",3 each,$30.00,reg $35.00,$5 off,[],THC 29.2%,CBD —,,"Cookie Platter CUREjoints: Animal Cookies, Wedding Cake, Wookies
 
West Coast Cure's Cookie Platter was named after the NorCal family that brought us some of the finest cannabis strains over the past decade. A 3-Joint offering of Animal Cookies, Wedding Cake and Wookies, this curated collection of strains unites some of the best genetics the Cookie fam has to offer. Selected from some of the doughiest strains available, this 3-pack assortment of 1-gram joints is like a mixed bag of sugar-coated cookies for discerning adults. Enjoy anytime day or night, but beware you could soon find yourself a couch-locked munchie monster! 

The WCC Creative Pack Includes:

1 gram Animal Cookies CUREjoint – Sweet vanilla spice, GSC flavor; sweet and sour gas, baked goods aroma; Intellectually inspiring, entertaining and relaxing

1 gram Wedding Cake CUREjoint – Fiery pepper, vanilla flavor; sweet-smelling, doughy, earthy aroma; physically relaxing, socially engaging 

1 gram Wookies CUREjoint – Mint, berry, petrol flavor; lavender, sweet pine, gas and citrus aroma; happy, motivating 
 ",,,"['The Exotic Pack 3-Pack Pre-rolls', 'Baby Jeeter Infused 5 Pack: Blue Skittlez', 'Baby Jeeter Infused 5 Pack: Churros', 'Watermelon Zkittlez Jeeters 5-pack Infused Pre-rolls', 'Thin Mint Cookies Baby Jeeters 5-pack Infused Pre-rolls', 'Banana Cream Cake 7G', 'Gummy Buns 3.5G', 'Crazy Mind Infused Premium Pre-Roll: Girl Scout Cookie']",[],,2022.10.21,Uplyft - Riverside
82,https://www.leafly.com/dispensary-info/uplyft-riverside/p/619975581/stone-road-pre-roll-5-pack-pineapple-kush?variant=1330580316,Stone Road Pre-Roll 5-Pack: Pineapple Kush,Preroll,PreRoll,Stone Road,"https://leafly-public.imgix.net/menu/Ac40UPS8GuywfqIEW6DQ_STONE%20ROAD%205%20PACK.jpg?auto=compress,format&w=450&dpr=2",each,$30.00,reg $35.00,$5 off,[],THC 39.7%,CBD —,Hybrid,"Stone Road Pre-Roll 5-Pack: Pineapple Kush, PreRoll - THC 39.71%",4.1,671,"['Stone Road Pre-Roll 10-Pack: Strawberry Banana', 'Stone Road Pre-Roll 10-Pack: Girl Scout Cookies', 'Blueberry Muffin', 'Sweet Dreams 7G', 'Super Silver Haze Hash', 'Sour Guava 3.5G', 'The Exotic Pack 3-Pack Pre-rolls', 'Baby Jeeter Infused 5 Pack: Blue Skittlez']",[],,2022.10.21,Uplyft - Riverside
83,https://www.leafly.com/dispensary-info/uplyft-riverside/p/621703207/the-exotic-pack-3-pack-pre-rolls?variant=1479954066,The Exotic Pack 3-Pack Pre-rolls,Preroll,PreRoll,West Coast Cure,"https://leafly-public.imgix.net/products/photos/p54DQmQDW2TWkmq8zqGg_Exotic-Pack_CUREjoint_05.jpg?auto=compress,format&w=450&dpr=2",3 each,$30.00,reg $35.00,$5 off,[],THC 27.4%,CBD —,,"The Exotic Pack - Bacio Gelato, Mochi, Rainbow Sherbert
West Coast Cure's Exotic Pack offers a dizzying mixture of some of the most elusive clone-only strains available today. Produced by the original cultivators, these joints provide a heavy-hitting and powerful smoke. A 3-Joint offering of Bacio Gelato, Mochi and Rainbow Sherbet, consumers should hold on tight as they test out some of the best new genetics California has to offer.
 
The Exotic Pack works well for adults with some time to get creative: writers, graphic designers, illustrators, or just about anyone looking to fire up their creative juices will find inspiration in WCC’s Exotic Pack.
 
The Exotic Pack Pack Includes:
1 gram Bacio Gelato Cured Joint – Gelato flavor; citrus aroma; creatively stimulating, physically relaxing
1 gram Mochi Cured Joint – Honeyed, floral flavor; citrus, tropical aroma; mentally relaxing, physically soothing
1 gram Rainbow Sherbert Cured Joint – Sweet, fruity, menthol flavor; berry, mint aroma; mentally invigorating, physically relaxing
 ",,,"['Cookie Platter 3-Pack Pre-rolls', 'Baby Jeeter Infused 5 Pack: Blue Skittlez', 'Baby Jeeter Infused 5 Pack: Churros', 'Watermelon Zkittlez Jeeters 5-pack Infused Pre-rolls', 'Thin Mint Cookies Baby Jeeters 5-pack Infused Pre-rolls', 'Banana Cream Cake 7G', 'Gummy Buns 3.5G', 'Crazy Mind Infused Premium Pre-Roll: Girl Scout Cookie']",[],,2022.10.21,Uplyft - Riverside
84,https://www.leafly.com/dispensary-info/uplyft-riverside/p/612419700/crazy-minds-bazooka-blunt-darth-vader-3g?variant=822967918,Crazy Minds Bazooka Blunt: Darth Vader 3G,Preroll,PreRoll,,"https://leafly-public.imgix.net/menu/jJrooJE3QqSlIDEPZTiC_Bazooka%20Blunt.png?auto=compress,format&w=450&dpr=2",each,$30.00,reg $35.00,$5 off,[],THC 32.0%,CBD —,,"Crazy Minds Bazooka Blunt: Darth Vader 3G, PreRoll - THC 32%",,,"['Crazy Mind Infused Premium Pre-Roll: Girl Scout Cookie', 'The Exotic Pack 3-Pack Pre-rolls', 'Stone Road Pre-Roll 10-Pack: Strawberry Banana', 'Stone Road Pre-Roll 10-Pack: Girl Scout Cookies', 'Stone Road Pre-Roll 5-Pack: Pineapple Kush', 'Cannabis Mystery Box', 'Chocolate Bites: Cookies and Cream 100mg', 'Cookie Platter 3-Pack Pre-rolls']",[],,2022.10.21,Uplyft - Riverside
85,https://www.leafly.com/dispensary-info/uplyft-riverside/p/618763992/stone-road-pre-roll-10-pack-strawberry-banana?variant=1238261372,Stone Road Pre-Roll 10-Pack: Strawberry Banana,Preroll,PreRoll,Stone Road,"https://leafly-public.imgix.net/menu/WEGjYsOQYi6dGuABynEW_Garlic%20cookies.png?auto=compress,format&w=450&dpr=2",each,$50.00,reg $55.00,$5 off,[],THC 36.9%,CBD —,Hybrid,"Stone Road Pre-Roll 10-Pack: Strawberry Banana, PreRoll - THC 36.91%",4.5,660,"['Stone Road Pre-Roll 5-Pack: Pineapple Kush', 'Stone Road Pre-Roll 10-Pack: Girl Scout Cookies', 'Blueberry Muffin', 'Sweet Dreams 7G', 'Super Silver Haze Hash', 'Sour Guava 3.5G', 'The Exotic Pack 3-Pack Pre-rolls', 'Baby Jeeter Infused 5 Pack: Blue Skittlez']",[],"Strawberry Banana, also known as ""Strawnana"" for short, is an indica marijuana strain developed by DNA Genetics in collaboration with Serious Seeds. A genetic cross of Crockett’s Banana Kush and the “Strawberry” phenotype of Bubble Gum, Strawberry Banana inherited a sweet, fruity flavor, hence the name. Known for its heavy resin production and high-THC content, Strawberry Banana produces happy, peaceful effects that sharpen creativity and sensory awareness.",2022.10.21,Uplyft - Riverside
86,https://www.leafly.com/dispensary-info/uplyft-riverside/p/619975500/stone-road-pre-roll-10-pack-girl-scout-cookies?variant=1330577360,Stone Road Pre-Roll 10-Pack: Girl Scout Cookies,Preroll,PreRoll,Stone Road,"https://leafly-public.imgix.net/menu/21PPN9MS9ei6XMSWitYQ_STONE%20ROAD%2010%20PACL.jpg?auto=compress,format&w=450&dpr=2",each,$50.00,reg $55.00,$5 off,[],THC 34.1%,CBD —,Hybrid,"Stone Road Pre-Roll 10-Pack: Girl Scout Cookies, PreRoll - THC 34.11%",4.4,7397,"['Stone Road Pre-Roll 10-Pack: Strawberry Banana', 'Stone Road Pre-Roll 5-Pack: Pineapple Kush', 'Blueberry Muffin', 'Super Silver Haze Hash', 'Sweet Dreams 7G', 'Sour Guava 3.5G', 'ARTISAN SELECT | Ghost Cookies 2-Pack', ""Dr. Zodiak's Moonrock Preroll: Lion Heart 1.4G""]",[],,2022.10.21,Uplyft - Riverside
87,https://www.leafly.com/dispensary-info/uplyft-riverside/p/612424203/stiiizy-black-starter-kit?variant=822978830,STIIIZY Black Starter Kit,Accessory,Accessory,STIIIZY,"https://leafly-public.imgix.net/menu/17axBfsnQ5eC3PWmrKRS_Black.png?auto=compress,format&w=450&dpr=2",each,$20.00,,,[],THC —,CBD —,,"STARTER KIT
                               
• Official Original STIIIZY Battery
• USB Charging Cable
• 210mAh Rechargeable Battery
• USB Charging Port
• Voltage: 3.2+\-0.1V
*Pods sold separately",,,"['STIIIZY BIIIG Advanced Battery', 'STIIIZY Premium THC Pod (Blue Dream)', 'STIIIZY Premium THC Pod (OG Kush)', 'STIIIZY Premium THC Pod (Blue Dream)', 'STIIIZY Premium THC Pod (Purple Punch)', 'Stiiizy Disposable: Sour Diesel', 'STIIIZY Live Resin Pod (Purple Animal Cookies)', 'STIIIZY Premium THC Pod (OG Kush)']",[],,2022.10.21,Uplyft - Riverside
88,https://www.leafly.com/dispensary-info/uplyft-riverside/p/612424311/standard-vape-battery?variant=822978519,Standard Vape Battery,Accessory,Accessory,,"https://leafly-public.imgix.net/menu/DqfKkGMHQH2BRoZ1TVI5_Vape%20Batt.png?auto=compress,format&w=450&dpr=2",each,$20.00,,,[],THC —,CBD —,,"Standard Vape Battery, Accessory ",,,"['STIIIZY Black Starter Kit', 'Girl Scout Cookies', 'Crazy Mind Infused Premium Pre-Roll: Girl Scout Cookie', 'Cannabis Mystery Box', 'Chocolate Bites: Cookies and Cream 100mg', 'Hammer', 'PLUGplay Battery', 'Shake/Trim']",[],,2022.10.21,Uplyft - Riverside
89,https://www.leafly.com/dispensary-info/uplyft-riverside/p/612424291/plugplay-battery?variant=822975843,PLUGplay Battery,Accessory,Accessory,PLUGplay,"https://leafly-public.imgix.net/menu/mESHt3aFRO29sM60LfB3_PLUGplay%20Battery.png?auto=compress,format&w=450&dpr=2",each,$30.00,,,[],THC —,CBD —,,"PLUGplay Battery, Accessory ",,,"['PLUGplay Exotics (Apple Slushie)', 'STIIIZY Black Starter Kit', 'Dime Disposable: Peach Kush (600mg)', 'Jeeter Juice Liquid Diamonds - Strawberry Shortcake', 'Standard Vape Battery', 'PLUGplay Exotics (Berry Gang)', 'Dime Disposable: Blueberry Lemon Haze (600mg)', 'STIIIZY BIIIG Advanced Battery']",[],,2022.10.21,Uplyft - Riverside
90,https://www.leafly.com/dispensary-info/uplyft-riverside/p/612424256/stiiizy-biiig-advanced-battery?variant=822978649,STIIIZY BIIIG Advanced Battery,Accessory,Accessory,STIIIZY,"https://leafly-public.imgix.net/menu/i7rIJmdITESeEw8mCYw9_STIIIZY%20BIIIG%20Battery.png?auto=compress,format&w=450&dpr=2",each,$40.00,,,[],THC —,CBD —,,"ADVANCED KIT
                                
• BIIIG STIIIIZY Battery 
• USB Charging Cable 
• 550mAh Rechargeable Battery 
• USB Charging Port
• Voltage: 3.4+\-0.1V
*Pods sold separately",,,"['STIIIZY Black Starter Kit', 'STIIIZY Premium THC Pod (Blue Dream)', 'STIIIZY Premium THC Pod (OG Kush)', 'STIIIZY Premium THC Pod (Blue Dream)', 'STIIIZY Premium THC Pod (Purple Punch)', 'Stiiizy Disposable: Sour Diesel', 'STIIIZY Live Resin Pod (Purple Animal Cookies)', 'STIIIZY Premium THC Pod (OG Kush)']",[],,2022.10.21,Uplyft - Riverside
91,https://www.leafly.com/dispensary-info/uplyft-riverside/p/613495956/cannabis-mystery-box?variant=882397085,Cannabis Mystery Box,Other,Other,,"https://leafly-public.imgix.net/menu/Wv2L9ywKSS06TrAWls03_Mystery%20Box.png?auto=compress,format&w=450&dpr=2",each,$100.00,reg $150.00,$50 off,[],THC —,CBD —,,"Say 'Hello' to a surprise! We've been working hard. Introducing our Mystery box and community Membership curated for those who want to explore classic and new cannabis drops at an affordable price. Add this item to your cart and receive a minimum of $220 of value for only $100. Be first in line to receive one of the first Cannabis Mystery Boxes!



Orders for Cannabis Mystery Boxes must be placed at least one day in advance.",,,"['Girl Scout Cookies', 'Crazy Mind Infused Premium Pre-Roll: Girl Scout Cookie', 'Chocolate Bites: Cookies and Cream 100mg', 'Hammer', 'Standard Vape Battery', 'Sunset Gelato', 'Shake/Trim', 'Crazy Minds Bazooka Blunt: Darth Vader 3G']",[],,2022.10.21,Uplyft - Riverside
